datetime,temperature_c,wind_speed_ms,wind_gusts_ms,cloud_cover_pct,shortwave_radiation_wm2,direct_radiation_wm2,diffuse_radiation_wm2,precipitation_mm,relative_humidity_pct,solar_kw,wind_kw,curtailment_kw,net_generation_kw
2026-03-18 00:00:00,5.2,1.75,4.6,0,0.0,0.0,0.0,0.0,66,0.0,0.0,0.0,0.0
2026-03-18 00:15:00,5.1,1.75,4.5,0,0.0,0.0,0.0,0.0,66,0.0,0.0,0.0,0.0
2026-03-18 00:30:00,5.0,1.75,4.5,0,0.0,0.0,0.0,0.0,67,0.0,0.0,0.0,0.0
2026-03-18 00:45:00,4.8,1.8,4.4,0,0.0,0.0,0.0,0.0,67,0.0,0.0,0.0,0.0
2026-03-18 01:00:00,4.6,1.8,4.3,0,0.0,0.0,0.0,0.0,68,0.0,0.0,0.0,0.0
2026-03-18 01:15:00,4.4,1.8,4.2,0,0.0,0.0,0.0,0.0,69,0.0,0.0,0.0,0.0
2026-03-18 01:30:00,4.1,1.8,4.1,0,0.0,0.0,0.0,0.0,70,0.0,0.0,0.0,0.0
2026-03-18 01:45:00,3.8,1.8,4.1,0,0.0,0.0,0.0,0.0,71,0.0,0.0,0.0,0.0
2026-03-18 02:00:00,3.6,1.8,4.0,0,0.0,0.0,0.0,0.0,71,0.0,0.0,0.0,0.0
2026-03-18 02:15:00,3.5,1.8,3.9,0,0.0,0.0,0.0,0.0,71,0.0,0.0,0.0,0.0
2026-03-18 02:30:00,3.5,1.72,3.9,0,0.0,0.0,0.0,0.0,71,0.0,0.0,0.0,0.0
2026-03-18 02:45:00,3.4,1.72,3.8,0,0.0,0.0,0.0,0.0,70,0.0,0.0,0.0,0.0
2026-03-18 03:00:00,3.4,1.72,3.8,0,0.0,0.0,0.0,0.0,70,0.0,0.0,0.0,0.0
2026-03-18 03:15:00,3.3,1.66,3.9,0,0.0,0.0,0.0,0.0,70,0.0,0.0,0.0,0.0
2026-03-18 03:30:00,3.2,1.66,4.0,0,0.0,0.0,0.0,0.0,70,0.0,0.0,0.0,0.0
2026-03-18 03:45:00,3.1,1.7,4.1,0,0.0,0.0,0.0,0.0,71,0.0,0.0,0.0,0.0
2026-03-18 04:00:00,3.0,1.66,4.1,0,0.0,0.0,0.0,0.0,71,0.0,0.0,0.0,0.0
2026-03-18 04:15:00,2.8,1.62,4.0,0,0.0,0.0,0.0,0.0,72,0.0,0.0,0.0,0.0
2026-03-18 04:30:00,2.6,1.68,3.9,0,0.0,0.0,0.0,0.0,73,0.0,0.0,0.0,0.0
2026-03-18 04:45:00,2.4,1.65,3.8,0,0.0,0.0,0.0,0.0,73,0.0,0.0,0.0,0.0
2026-03-18 05:00:00,2.2,1.63,3.7,0,0.0,0.0,0.0,0.0,74,0.0,0.0,0.0,0.0
2026-03-18 05:15:00,2.2,1.53,3.6,0,0.0,0.0,0.0,0.0,74,0.0,0.0,0.0,0.0
2026-03-18 05:30:00,2.1,1.46,3.5,0,0.0,0.0,0.0,0.0,74,0.0,0.0,0.0,0.0
2026-03-18 05:45:00,2.1,1.39,3.4,0,0.0,0.0,0.0,0.0,74,0.0,0.0,0.0,0.0
2026-03-18 06:00:00,2.1,1.3,3.3,0,0.0,0.0,0.0,0.0,74,0.0,0.0,0.0,0.0
2026-03-18 06:15:00,2.1,1.26,3.3,0,0.0,0.0,0.0,0.0,74,0.0,0.0,0.0,0.0
2026-03-18 06:30:00,2.1,1.33,3.2,0,0.0,0.0,0.0,0.0,73,0.0,0.0,0.0,0.0
2026-03-18 06:45:00,2.0,1.41,3.2,0,0.0,0.0,0.0,0.0,73,0.0,0.0,0.0,0.0
2026-03-18 07:00:00,2.0,1.51,3.3,0,0.0,0.0,0.0,0.0,73,0.0,0.0,0.0,0.0
2026-03-18 07:15:00,1.9,1.61,3.5,0,0.0,0.0,0.0,0.0,74,0.0,0.0,0.0,0.0
2026-03-18 07:30:00,1.7,1.73,3.7,0,3.0,0.0,3.0,0.0,76,1.275,0.0,0.0,1.275
2026-03-18 07:45:00,1.6,1.84,3.9,0,18.0,40.0,16.0,0.0,77,7.6499999999999995,0.0,0.0,7.6499999999999995
2026-03-18 08:00:00,1.6,1.87,4.1,0,40.0,113.7,30.0,0.0,78,17.0,0.0,0.0,17.0
2026-03-18 08:15:00,1.7,1.9,4.2,0,66.0,181.0,43.0,0.0,77,28.05,0.0,0.0,28.05
2026-03-18 08:30:00,1.9,1.8,4.2,0,96.0,247.7,55.0,0.0,76,40.8,0.0,0.0,40.8
2026-03-18 08:45:00,2.1,1.84,4.2,0,130.0,319.8,65.0,0.0,75,55.25,0.0,0.0,55.25
2026-03-18 09:00:00,2.4,1.84,4.3,0,165.0,379.1,74.0,0.0,73,70.125,0.0,0.0,70.125
2026-03-18 09:15:00,2.8,1.93,4.6,0,199.0,424.3,82.0,0.0,72,84.575,0.0,0.0,84.575
2026-03-18 09:30:00,3.1,2.02,4.9,0,234.0,467.4,89.0,0.0,70,99.45,0.0,0.0,99.45
2026-03-18 09:45:00,3.6,2.15,5.3,0,270.0,509.7,95.0,0.0,69,114.75,0.0,0.0,114.75
2026-03-18 10:00:00,4.2,2.25,5.5,0,305.0,544.1,101.0,0.0,67,129.625,0.0,0.0,129.625
2026-03-18 10:15:00,5.0,2.28,5.6,0,337.0,573.1,105.0,0.0,65,143.225,0.0,0.0,143.225
2026-03-18 10:30:00,5.9,2.33,5.6,0,370.0,600.5,110.0,0.0,63,157.25,0.0,0.0,157.25
2026-03-18 10:45:00,6.9,2.28,5.5,0,401.0,627.2,113.0,0.0,61,170.42499999999998,0.0,0.0,170.42499999999998
2026-03-18 11:00:00,7.7,2.28,5.5,0,431.0,653.7,115.0,0.0,59,183.17499999999998,0.0,0.0,183.17499999999998
2026-03-18 11:15:00,8.3,2.28,5.5,0,460.0,682.5,115.0,0.0,57,195.5,0.0,0.0,195.5
2026-03-18 11:30:00,8.8,2.24,5.5,0,485.0,702.4,116.0,0.0,55,206.125,0.0,0.0,206.125
2026-03-18 11:45:00,9.3,2.19,5.5,0,509.0,722.0,117.0,0.0,54,216.325,0.0,0.0,216.325
2026-03-18 12:00:00,9.8,2.15,5.5,0,528.0,736.4,117.0,0.0,52,224.4,0.0,0.0,224.4
2026-03-18 12:15:00,10.3,2.12,5.5,0,544.0,746.3,118.0,0.0,50,231.2,0.0,0.0,231.2
2026-03-18 12:30:00,10.8,2.02,5.6,0,557.0,755.5,118.0,0.0,49,236.725,0.0,0.0,236.725
2026-03-18 12:45:00,11.2,1.99,5.7,0,567.0,764.3,117.0,0.0,47,240.975,0.0,0.0,240.975
2026-03-18 13:00:00,11.6,1.99,5.7,0,574.0,769.5,117.0,0.0,46,243.95,0.0,0.0,243.95
2026-03-18 13:15:00,12.0,2.09,5.7,0,578.0,772.9,117.0,0.0,45,245.65,0.0,0.0,245.65
2026-03-18 13:30:00,12.3,2.21,5.7,0,579.0,776.3,116.0,0.0,43,246.075,0.0,0.0,246.075
2026-03-18 13:45:00,12.6,2.31,5.8,0,576.0,776.4,115.0,0.0,42,244.79999999999998,0.0,0.0,244.79999999999998
2026-03-18 14:00:00,12.8,2.4,5.8,0,571.0,776.6,114.0,0.0,41,242.67499999999998,0.0,0.0,242.67499999999998
2026-03-18 14:15:00,13.1,2.47,5.9,0,563.0,776.7,112.0,0.0,41,239.275,0.0,0.0,239.275
2026-03-18 14:30:00,13.3,2.47,6.0,0,550.0,771.6,110.0,0.0,41,233.75,0.0,0.0,233.75
2026-03-18 14:45:00,13.5,2.55,6.1,0,535.0,766.0,108.0,0.0,41,227.375,0.0,0.0,227.375
2026-03-18 15:00:00,13.7,2.53,6.2,0,517.0,758.1,106.0,0.0,41,219.725,0.0,0.0,219.725
2026-03-18 15:15:00,13.9,2.53,6.3,1,497.0,749.3,104.0,0.0,41,211.225,0.0,0.0,211.225
2026-03-18 15:30:00,14.0,2.63,6.4,2,474.0,737.4,102.0,0.0,41,201.45,0.0,0.0,201.45
2026-03-18 15:45:00,14.1,2.63,6.5,2,448.0,723.6,99.0,0.0,41,190.4,0.0,0.0,190.4
2026-03-18 16:00:00,14.2,2.63,6.6,3,420.0,707.3,96.0,0.0,41,178.5,0.0,0.0,178.5
2026-03-18 16:15:00,14.2,2.62,6.6,3,390.0,687.9,93.0,0.0,41,165.75,0.0,0.0,165.75
2026-03-18 16:30:00,14.3,2.61,6.6,3,357.0,664.0,89.0,0.0,40,151.725,0.0,0.0,151.725
2026-03-18 16:45:00,14.3,2.6,6.5,3,323.0,634.3,86.0,0.0,40,137.275,0.0,0.0,137.275
2026-03-18 17:00:00,14.2,2.6,6.5,3,288.0,602.3,82.0,0.0,40,122.39999999999999,0.0,0.0,122.39999999999999
2026-03-18 17:15:00,14.1,2.6,6.5,2,251.0,563.3,77.0,0.0,41,106.675,0.0,0.0,106.675
2026-03-18 17:30:00,14.0,2.6,6.4,2,214.0,521.1,71.0,0.0,42,90.95,0.0,0.0,90.95
2026-03-18 17:45:00,13.8,2.61,6.4,1,176.0,465.0,65.0,0.0,44,74.8,0.0,0.0,74.8
2026-03-18 18:00:00,13.7,2.61,6.3,0,139.0,401.1,58.0,0.0,45,59.074999999999996,0.0,0.0,59.074999999999996
2026-03-18 18:15:00,13.5,2.61,6.3,1,104.0,328.8,50.0,0.0,46,44.199999999999996,0.0,0.0,44.199999999999996
2026-03-18 18:30:00,13.4,2.5,6.2,2,72.0,254.4,40.0,0.0,46,30.599999999999998,0.0,0.0,30.599999999999998
2026-03-18 18:45:00,13.2,2.5,6.2,2,42.0,149.8,29.0,0.0,47,17.849999999999998,0.0,0.0,17.849999999999998
2026-03-18 19:00:00,13.0,2.4,6.1,3,18.0,60.6,15.0,0.0,47,7.6499999999999995,0.0,0.0,7.6499999999999995
2026-03-18 19:15:00,12.8,2.31,5.9,3,2.0,0.0,2.0,0.0,47,0.85,0.0,0.0,0.85
2026-03-18 19:30:00,12.5,2.22,5.8,4,0.0,0.0,0.0,0.0,47,0.0,0.0,0.0,0.0
2026-03-18 19:45:00,12.2,2.14,5.5,4,0.0,0.0,0.0,0.0,48,0.0,0.0,0.0,0.0
2026-03-18 20:00:00,11.9,2.04,5.3,4,0.0,0.0,0.0,0.0,48,0.0,0.0,0.0,0.0
2026-03-18 20:15:00,11.6,1.94,5.0,3,0.0,0.0,0.0,0.0,49,0.0,0.0,0.0,0.0
2026-03-18 20:30:00,11.3,1.92,4.8,2,0.0,0.0,0.0,0.0,50,0.0,0.0,0.0,0.0
2026-03-18 20:45:00,11.0,1.81,4.5,1,0.0,0.0,0.0,0.0,51,0.0,0.0,0.0,0.0
2026-03-18 21:00:00,10.8,1.8,4.3,0,0.0,0.0,0.0,0.0,52,0.0,0.0,0.0,0.0
2026-03-18 21:15:00,10.5,1.8,4.2,22,0.0,0.0,0.0,0.0,53,0.0,0.0,0.0,0.0
2026-03-18 21:30:00,10.3,1.7,4.1,44,0.0,0.0,0.0,0.0,54,0.0,0.0,0.0,0.0
2026-03-18 21:45:00,10.1,1.71,4.1,66,0.0,0.0,0.0,0.0,54,0.0,0.0,0.0,0.0
2026-03-18 22:00:00,9.8,1.71,4.0,88,0.0,0.0,0.0,0.0,55,0.0,0.0,0.0,0.0
2026-03-18 22:15:00,9.6,1.71,3.9,88,0.0,0.0,0.0,0.0,56,0.0,0.0,0.0,0.0
2026-03-18 22:30:00,9.3,1.71,3.7,87,0.0,0.0,0.0,0.0,57,0.0,0.0,0.0,0.0
2026-03-18 22:45:00,9.0,1.63,3.6,87,0.0,0.0,0.0,0.0,58,0.0,0.0,0.0,0.0
2026-03-18 23:00:00,8.8,1.63,3.5,86,0.0,0.0,0.0,0.0,59,0.0,0.0,0.0,0.0
2026-03-18 23:15:00,8.7,1.65,3.4,81,0.0,0.0,0.0,0.0,60,0.0,0.0,0.0,0.0
2026-03-18 23:30:00,8.5,1.55,3.4,77,0.0,0.0,0.0,0.0,61,0.0,0.0,0.0,0.0
2026-03-18 23:45:00,8.4,1.58,3.3,72,0.0,0.0,0.0,0.0,61,0.0,0.0,0.0,0.0
2026-03-19 00:00:00,8.3,1.49,3.3,67,0.0,0.0,0.0,0.0,62,0.0,0.0,0.0,0.0
2026-03-19 00:15:00,8.2,1.39,3.3,75,0.0,0.0,0.0,0.0,63,0.0,0.0,0.0,0.0
2026-03-19 00:30:00,8.1,1.39,3.3,83,0.0,0.0,0.0,0.0,64,0.0,0.0,0.0,0.0
2026-03-19 00:45:00,7.9,1.26,3.3,91,0.0,0.0,0.0,0.0,64,0.0,0.0,0.0,0.0
2026-03-19 01:00:00,7.8,1.24,3.2,99,0.0,0.0,0.0,0.0,65,0.0,0.0,0.0,0.0
2026-03-19 01:15:00,7.6,1.2,3.1,95,0.0,0.0,0.0,0.0,66,0.0,0.0,0.0,0.0
2026-03-19 01:30:00,7.4,1.2,3.0,90,0.0,0.0,0.0,0.0,67,0.0,0.0,0.0,0.0
2026-03-19 01:45:00,7.2,1.24,2.8,86,0.0,0.0,0.0,0.0,67,0.0,0.0,0.0,0.0
2026-03-19 02:00:00,7.1,1.26,2.7,81,0.0,0.0,0.0,0.0,68,0.0,0.0,0.0,0.0
2026-03-19 02:15:00,6.9,1.24,2.7,78,0.0,0.0,0.0,0.0,68,0.0,0.0,0.0,0.0
2026-03-19 02:30:00,6.8,1.12,2.6,75,0.0,0.0,0.0,0.0,69,0.0,0.0,0.0,0.0
2026-03-19 02:45:00,6.7,1.1,2.6,71,0.0,0.0,0.0,0.0,69,0.0,0.0,0.0,0.0
2026-03-19 03:00:00,6.5,1.02,2.6,68,0.0,0.0,0.0,0.0,69,0.0,0.0,0.0,0.0
2026-03-19 03:15:00,6.4,0.98,2.5,75,0.0,0.0,0.0,0.0,69,0.0,0.0,0.0,0.0
2026-03-19 03:30:00,6.2,1.0,2.4,83,0.0,0.0,0.0,0.0,70,0.0,0.0,0.0,0.0
2026-03-19 03:45:00,6.1,1.06,2.4,90,0.0,0.0,0.0,0.0,70,0.0,0.0,0.0,0.0
2026-03-19 04:00:00,5.9,1.08,2.3,97,0.0,0.0,0.0,0.0,71,0.0,0.0,0.0,0.0
2026-03-19 04:15:00,5.7,1.08,2.3,97,0.0,0.0,0.0,0.0,72,0.0,0.0,0.0,0.0
2026-03-19 04:30:00,5.4,0.94,2.3,98,0.0,0.0,0.0,0.0,73,0.0,0.0,0.0,0.0
2026-03-19 04:45:00,5.2,0.86,2.3,98,0.0,0.0,0.0,0.0,73,0.0,0.0,0.0,0.0
2026-03-19 05:00:00,5.0,0.78,2.2,98,0.0,0.0,0.0,0.0,74,0.0,0.0,0.0,0.0
2026-03-19 05:15:00,4.9,0.78,2.0,90,0.0,0.0,0.0,0.0,74,0.0,0.0,0.0,0.0
2026-03-19 05:30:00,4.9,0.72,1.8,83,0.0,0.0,0.0,0.0,74,0.0,0.0,0.0,0.0
2026-03-19 05:45:00,4.8,0.72,1.6,75,0.0,0.0,0.0,0.0,74,0.0,0.0,0.0,0.0
2026-03-19 06:00:00,4.8,0.72,1.5,67,0.0,0.0,0.0,0.0,74,0.0,0.0,0.0,0.0
2026-03-19 06:15:00,4.7,0.71,1.5,50,0.0,0.0,0.0,0.0,74,0.0,0.0,0.0,0.0
2026-03-19 06:30:00,4.5,0.72,1.5,34,0.0,0.0,0.0,0.0,75,0.0,0.0,0.0,0.0
2026-03-19 06:45:00,4.4,0.72,1.5,17,0.0,0.0,0.0,0.0,75,0.0,0.0,0.0,0.0
2026-03-19 07:00:00,4.3,0.76,1.6,0,0.0,0.0,0.0,0.0,76,0.0,0.0,0.0,0.0
2026-03-19 07:15:00,4.1,0.76,1.7,23,0.0,0.0,0.0,0.0,77,0.0,0.0,0.0,0.0
2026-03-19 07:30:00,3.9,0.81,1.7,47,5.0,30.0,4.0,0.0,78,2.125,0.0,0.0,2.125
2026-03-19 07:45:00,3.7,0.72,1.8,70,21.0,54.9,18.0,0.0,79,8.924999999999999,0.0,0.0,8.924999999999999
2026-03-19 08:00:00,3.7,0.72,1.8,93,45.0,127.4,33.0,0.0,79,19.125,0.0,0.0,19.125
2026-03-19 08:15:00,3.9,0.67,1.7,76,66.0,90.0,54.0,0.0,78,28.05,0.0,0.0,28.05
2026-03-19 08:30:00,4.1,0.67,1.6,60,94.0,145.6,69.0,0.0,76,39.949999999999996,0.0,0.0,39.949999999999996
2026-03-19 08:45:00,4.5,0.63,1.5,43,125.0,205.3,82.0,0.0,74,53.125,0.0,0.0,53.125
2026-03-19 09:00:00,4.9,0.61,1.5,26,172.0,381.7,78.0,0.0,72,73.1,0.0,0.0,73.1
2026-03-19 09:15:00,5.3,0.61,1.6,20,209.0,450.4,82.0,0.0,70,88.825,0.0,0.0,88.825
2026-03-19 09:30:00,5.9,0.6,1.7,15,246.0,502.5,87.0,0.0,67,104.55,0.0,0.0,104.55
2026-03-19 09:45:00,6.5,0.6,1.8,9,283.0,546.5,92.0,0.0,65,120.27499999999999,0.0,0.0,120.27499999999999
2026-03-19 10:00:00,7.1,0.5,1.9,3,318.0,582.6,96.0,0.0,62,135.15,0.0,0.0,135.15
2026-03-19 10:15:00,7.9,0.4,1.9,3,350.0,606.0,101.0,0.0,59,148.75,0.0,0.0,148.75
2026-03-19 10:30:00,8.7,0.22,1.9,3,379.0,615.0,109.0,0.0,57,161.075,0.0,0.0,161.075
2026-03-19 10:45:00,9.5,0.22,1.8,3,415.0,664.2,106.0,0.0,54,176.375,0.0,0.0,176.375
2026-03-19 11:00:00,10.2,0.36,1.9,3,444.0,682.5,110.0,0.0,52,188.7,0.0,0.0,188.7
2026-03-19 11:15:00,10.8,0.5,2.1,2,470.0,704.0,110.0,0.0,50,199.75,0.0,0.0,199.75
2026-03-19 11:30:00,11.3,0.58,2.3,2,496.0,730.4,108.0,0.0,48,210.79999999999998,0.0,0.0,210.79999999999998
2026-03-19 11:45:00,11.7,0.76,2.6,1,518.0,747.2,108.0,0.0,46,220.15,0.0,0.0,220.15
2026-03-19 12:00:00,12.1,0.85,2.8,0,536.0,757.3,109.0,0.0,45,227.79999999999998,0.0,0.0,227.79999999999998
2026-03-19 12:15:00,12.4,0.95,3.0,0,552.0,766.6,110.0,0.0,44,234.6,0.0,0.0,234.6
2026-03-19 12:30:00,12.7,1.17,3.3,0,565.0,773.7,111.0,0.0,44,240.125,0.0,0.0,240.125
2026-03-19 12:45:00,12.9,1.26,3.5,0,574.0,778.9,111.0,0.0,43,243.95,0.0,0.0,243.95
2026-03-19 13:00:00,13.1,1.3,3.6,0,581.0,782.3,112.0,0.0,43,246.92499999999998,0.0,0.0,246.92499999999998
2026-03-19 13:15:00,13.4,1.21,3.6,3,585.0,785.7,112.0,0.0,43,248.625,0.0,0.0,248.625
2026-03-19 13:30:00,13.6,1.0,3.6,6,584.0,785.9,111.0,0.0,43,248.2,0.0,0.0,248.2
2026-03-19 13:45:00,13.8,0.85,3.6,8,581.0,784.4,111.0,0.0,42,246.92499999999998,0.0,0.0,246.92499999999998
2026-03-19 14:00:00,14.0,0.86,3.6,11,574.0,781.3,110.0,0.0,42,243.95,0.0,0.0,243.95
2026-03-19 14:15:00,14.2,1.0,3.8,13,561.0,733.8,131.0,0.0,41,238.42499999999998,0.0,0.0,238.42499999999998
2026-03-19 14:30:00,14.3,1.28,4.0,15,550.0,722.8,134.0,0.0,41,233.75,0.0,0.0,233.75
2026-03-19 14:45:00,14.5,1.49,4.2,16,527.0,691.4,138.0,0.0,40,223.975,0.0,0.0,223.975
2026-03-19 15:00:00,14.6,1.63,4.4,18,511.0,692.5,132.0,0.0,39,217.17499999999998,0.0,0.0,217.17499999999998
2026-03-19 15:15:00,14.7,1.77,4.5,20,496.0,706.2,122.0,0.0,39,210.79999999999998,0.0,0.0,210.79999999999998
2026-03-19 15:30:00,14.7,1.77,4.6,22,477.0,716.2,112.0,0.0,38,202.725,0.0,0.0,202.725
2026-03-19 15:45:00,14.8,1.77,4.6,23,451.0,709.9,105.0,0.0,38,191.67499999999998,0.0,0.0,191.67499999999998
2026-03-19 16:00:00,14.9,1.77,4.7,25,422.0,680.2,107.0,0.0,38,179.35,0.0,0.0,179.35
2026-03-19 16:15:00,14.9,1.77,4.8,23,388.0,629.7,113.0,0.0,38,164.9,0.0,0.0,164.9
2026-03-19 16:30:00,15.0,1.77,4.8,20,343.0,555.7,116.0,0.0,37,145.775,0.0,0.0,145.775
2026-03-19 16:45:00,15.1,1.7,4.9,18,303.0,467.6,126.0,0.0,36,128.775,0.0,0.0,128.775
2026-03-19 17:00:00,15.1,1.78,4.9,15,272.0,472.8,108.0,0.0,36,115.6,0.0,0.0,115.6
2026-03-19 17:15:00,15.1,1.86,4.9,20,249.0,500.4,92.0,0.0,36,105.825,0.0,0.0,105.825
2026-03-19 17:30:00,15.0,2.02,4.8,25,203.0,390.4,94.0,0.0,36,86.27499999999999,0.0,0.0,86.27499999999999
2026-03-19 17:45:00,14.9,2.11,4.7,30,156.0,295.7,84.0,0.0,36,66.3,0.0,0.0,66.3
2026-03-19 18:00:00,14.8,2.2,4.6,35,127.0,246.7,76.0,0.0,37,53.975,0.0,0.0,53.975
2026-03-19 18:15:00,14.7,2.15,4.6,40,106.0,254.5,63.0,0.0,38,45.05,0.0,0.0,45.05
2026-03-19 18:30:00,14.5,2.1,4.7,45,74.0,222.2,45.0,0.0,39,31.45,0.0,0.0,31.45
2026-03-19 18:45:00,14.4,2.06,4.7,50,45.0,153.0,31.0,0.0,40,19.125,0.0,0.0,19.125
2026-03-19 19:00:00,14.2,1.93,4.7,55,20.0,57.6,17.0,0.0,41,8.5,0.0,0.0,8.5
2026-03-19 19:15:00,14.0,1.77,4.6,66,4.0,44.6,3.0,0.0,41,1.7,0.0,0.0,1.7
2026-03-19 19:30:00,13.8,1.53,4.5,78,0.0,0.0,0.0,0.0,41,0.0,0.0,0.0,0.0
2026-03-19 19:45:00,13.5,1.32,4.3,89,0.0,0.0,0.0,0.0,41,0.0,0.0,0.0,0.0
2026-03-19 20:00:00,13.3,1.2,4.1,100,0.0,0.0,0.0,0.0,41,0.0,0.0,0.0,0.0
2026-03-19 20:15:00,13.0,1.22,3.9,100,0.0,0.0,0.0,0.0,42,0.0,0.0,0.0,0.0
2026-03-19 20:30:00,12.8,1.24,3.6,100,0.0,0.0,0.0,0.0,43,0.0,0.0,0.0,0.0
2026-03-19 20:45:00,12.5,1.39,3.3,100,0.0,0.0,0.0,0.0,44,0.0,0.0,0.0,0.0
2026-03-19 21:00:00,12.2,1.39,3.1,100,0.0,0.0,0.0,0.0,45,0.0,0.0,0.0,0.0
2026-03-19 21:15:00,11.9,1.36,3.0,78,0.0,0.0,0.0,0.0,46,0.0,0.0,0.0,0.0
2026-03-19 21:30:00,11.6,1.2,3.0,55,0.0,0.0,0.0,0.0,47,0.0,0.0,0.0,0.0
2026-03-19 21:45:00,11.4,1.2,3.0,33,0.0,0.0,0.0,0.0,48,0.0,0.0,0.0,0.0
2026-03-19 22:00:00,11.1,1.12,3.0,10,0.0,0.0,0.0,0.0,49,0.0,0.0,0.0,0.0
2026-03-19 22:15:00,10.8,1.0,2.9,15,0.0,0.0,0.0,0.0,50,0.0,0.0,0.0,0.0
2026-03-19 22:30:00,10.6,0.9,2.8,20,0.0,0.0,0.0,0.0,52,0.0,0.0,0.0,0.0
2026-03-19 22:45:00,10.3,0.95,2.7,24,0.0,0.0,0.0,0.0,53,0.0,0.0,0.0,0.0
2026-03-19 23:00:00,10.1,0.89,2.6,29,0.0,0.0,0.0,0.0,54,0.0,0.0,0.0,0.0
2026-03-19 23:15:00,9.9,0.94,2.4,34,0.0,0.0,0.0,0.0,55,0.0,0.0,0.0,0.0
2026-03-19 23:30:00,9.6,0.94,2.1,39,0.0,0.0,0.0,0.0,56,0.0,0.0,0.0,0.0
2026-03-19 23:45:00,9.4,0.94,1.9,44,0.0,0.0,0.0,0.0,57,0.0,0.0,0.0,0.0
2026-03-20 00:00:00,9.3,0.94,1.8,49,0.0,0.0,0.0,0.0,58,0.0,0.0,0.0,0.0
2026-03-20 00:15:00,9.1,1.03,2.0,58,0.0,0.0,0.0,0.0,59,0.0,0.0,0.0,0.0
2026-03-20 00:30:00,9.0,1.12,2.3,67,0.0,0.0,0.0,0.0,60,0.0,0.0,0.0,0.0
2026-03-20 00:45:00,9.0,1.25,2.7,75,0.0,0.0,0.0,0.0,60,0.0,0.0,0.0,0.0
2026-03-20 01:00:00,8.9,1.34,2.9,84,0.0,0.0,0.0,0.0,61,0.0,0.0,0.0,0.0
2026-03-20 01:15:00,8.8,1.34,2.9,88,0.0,0.0,0.0,0.0,61,0.0,0.0,0.0,0.0
2026-03-20 01:30:00,8.8,1.3,2.9,92,0.0,0.0,0.0,0.0,62,0.0,0.0,0.0,0.0
2026-03-20 01:45:00,8.7,1.2,2.8,96,0.0,0.0,0.0,0.0,62,0.0,0.0,0.0,0.0
2026-03-20 02:00:00,8.7,1.2,2.8,100,0.0,0.0,0.0,0.0,62,0.0,0.0,0.0,0.0
2026-03-20 02:15:00,8.7,1.2,2.9,91,0.0,0.0,0.0,0.0,62,0.0,0.0,0.0,0.0
2026-03-20 02:30:00,8.7,1.28,3.1,83,0.0,0.0,0.0,0.0,62,0.0,0.0,0.0,0.0
2026-03-20 02:45:00,8.7,1.36,3.2,74,0.0,0.0,0.0,0.0,63,0.0,0.0,0.0,0.0
2026-03-20 03:00:00,8.7,1.44,3.4,65,0.0,0.0,0.0,0.0,63,0.0,0.0,0.0,0.0
2026-03-20 03:15:00,8.6,1.39,3.5,72,0.0,0.0,0.0,0.0,63,0.0,0.0,0.0,0.0
2026-03-20 03:30:00,8.4,1.34,3.7,80,0.0,0.0,0.0,0.0,64,0.0,0.0,0.0,0.0
2026-03-20 03:45:00,8.3,1.3,3.8,87,0.0,0.0,0.0,0.0,64,0.0,0.0,0.0,0.0
2026-03-20 04:00:00,8.2,1.3,3.8,94,0.0,0.0,0.0,0.0,65,0.0,0.0,0.0,0.0
2026-03-20 04:15:00,8.1,1.3,3.7,96,0.0,0.0,0.0,0.0,65,0.0,0.0,0.0,0.0
2026-03-20 04:30:00,8.0,1.25,3.6,97,0.0,0.0,0.0,0.0,66,0.0,0.0,0.0,0.0
2026-03-20 04:45:00,8.0,1.3,3.5,99,0.0,0.0,0.0,0.0,66,0.0,0.0,0.0,0.0
2026-03-20 05:00:00,7.9,1.3,3.5,100,0.0,0.0,0.0,0.0,67,0.0,0.0,0.0,0.0
2026-03-20 05:15:00,7.8,1.48,3.8,98,0.0,0.0,0.0,0.0,68,0.0,0.0,0.0,0.0
2026-03-20 05:30:00,7.7,1.66,4.3,97,0.0,0.0,0.0,0.0,69,0.0,0.0,0.0,0.0
2026-03-20 05:45:00,7.6,1.9,4.8,95,0.0,0.0,0.0,0.0,70,0.0,0.0,0.0,0.0
2026-03-20 06:00:00,7.5,1.96,5.1,93,0.0,0.0,0.0,0.1,72,0.0,0.0,0.0,0.0
2026-03-20 06:15:00,7.4,1.94,5.0,93,0.0,0.0,0.0,0.1,74,0.0,0.0,0.0,0.0
2026-03-20 06:30:00,7.4,1.81,4.8,94,0.0,0.0,0.0,0.1,76,0.0,0.0,0.0,0.0
2026-03-20 06:45:00,7.3,1.7,4.5,94,0.0,0.0,0.0,0.1,79,0.0,0.0,0.0,0.0
2026-03-20 07:00:00,7.3,1.6,4.3,94,0.0,0.0,0.0,0.0,81,0.0,0.0,0.0,0.0
2026-03-20 07:15:00,7.2,1.6,4.3,88,0.0,0.0,0.0,0.0,83,0.0,0.0,0.0,0.0
2026-03-20 07:30:00,7.1,1.8,4.3,82,2.0,0.0,2.0,0.0,85,0.85,0.0,0.0,0.85
2026-03-20 07:45:00,7.0,1.9,4.4,75,18.0,0.0,18.0,0.0,87,7.6499999999999995,0.0,0.0,7.6499999999999995
2026-03-20 08:00:00,6.9,2.0,4.6,69,37.0,49.8,32.0,0.0,89,15.725,0.0,0.0,15.725
2026-03-20 08:15:00,6.7,2.1,4.9,74,65.0,93.2,52.0,0.0,90,27.625,0.0,0.0,27.625
2026-03-20 08:30:00,6.6,2.31,5.3,80,76.0,78.7,62.0,0.0,91,32.3,0.0,0.0,32.3
2026-03-20 08:45:00,6.5,2.42,5.6,85,88.0,55.6,76.0,0.0,91,37.4,0.0,0.0,37.4
2026-03-20 09:00:00,6.4,2.53,5.9,90,102.0,51.5,89.0,0.0,91,43.35,0.0,0.0,43.35
2026-03-20 09:15:00,6.5,2.53,6.1,88,138.0,100.7,109.0,0.0,90,58.65,0.0,0.0,58.65
2026-03-20 09:30:00,6.7,2.53,6.2,86,171.0,133.3,128.0,0.0,88,72.675,0.0,0.0,72.675
2026-03-20 09:45:00,6.9,2.53,6.2,83,180.0,146.2,128.0,0.0,86,76.5,0.0,0.0,76.5
2026-03-20 10:00:00,7.1,2.43,6.2,81,208.0,173.1,141.0,0.0,84,88.39999999999999,0.0,0.0,88.39999999999999
2026-03-20 10:15:00,7.5,2.24,6.1,71,291.0,335.8,151.0,0.0,81,123.675,0.0,0.0,123.675
2026-03-20 10:30:00,7.8,2.02,5.9,61,367.0,485.4,151.0,0.0,78,155.975,0.0,0.0,155.975
2026-03-20 10:45:00,8.3,1.82,5.7,51,388.0,456.3,173.0,0.0,75,164.9,0.0,0.0,164.9
2026-03-20 11:00:00,8.6,1.61,5.4,41,435.0,551.2,162.0,0.0,73,184.875,0.0,0.0,184.875
2026-03-20 11:15:00,9.0,1.4,5.1,51,467.0,601.2,156.0,0.0,71,198.475,0.0,0.0,198.475
2026-03-20 11:30:00,9.3,1.2,4.7,61,489.0,599.6,167.0,0.0,70,207.825,0.0,0.0,207.825
2026-03-20 11:45:00,9.5,1.1,4.4,70,494.0,568.1,179.0,0.0,69,209.95,0.0,0.0,209.95
2026-03-20 12:00:00,9.8,1.0,4.1,80,504.0,540.7,196.0,0.0,67,214.2,0.0,0.0,214.2
2026-03-20 12:15:00,10.1,1.0,3.9,83,519.0,549.6,199.0,0.0,65,220.575,0.0,0.0,220.575
2026-03-20 12:30:00,10.4,1.1,3.8,87,490.0,492.9,198.0,0.0,63,208.25,0.0,0.0,208.25
2026-03-20 12:45:00,10.6,1.3,3.8,90,398.0,311.7,211.0,0.0,61,169.15,0.0,0.0,169.15
2026-03-20 13:00:00,10.8,1.41,3.8,93,437.0,342.1,230.0,0.0,59,185.725,0.0,0.0,185.725
2026-03-20 13:15:00,10.9,1.53,3.9,95,427.0,311.1,238.0,0.0,58,181.475,0.0,0.0,181.475
2026-03-20 13:30:00,11.0,1.77,4.1,96,393.0,294.7,214.0,0.0,58,167.025,0.0,0.0,167.025
2026-03-20 13:45:00,11.0,1.99,4.4,98,310.0,72.8,266.0,0.0,58,131.75,0.0,0.0,131.75
2026-03-20 14:00:00,11.0,2.02,4.5,99,284.0,68.4,243.0,0.0,58,120.7,0.0,0.0,120.7
2026-03-20 14:15:00,11.0,1.93,4.6,99,248.0,84.6,198.0,0.0,58,105.39999999999999,0.0,0.0,105.39999999999999
2026-03-20 14:30:00,11.0,1.68,4.6,100,214.0,36.2,193.0,0.0,58,90.95,0.0,0.0,90.95
2026-03-20 14:45:00,11.0,1.46,4.6,100,188.0,22.9,175.0,0.0,58,79.89999999999999,0.0,0.0,79.89999999999999
2026-03-20 15:00:00,11.1,1.33,4.5,100,289.0,105.0,231.0,0.0,58,122.825,0.0,0.0,122.825
2026-03-20 15:15:00,11.2,1.22,4.3,98,227.0,44.9,203.0,0.0,57,96.475,0.0,0.0,96.475
2026-03-20 15:30:00,11.3,1.22,4.0,96,268.0,118.5,207.0,0.0,55,113.89999999999999,0.0,0.0,113.89999999999999
2026-03-20 15:45:00,11.4,1.12,3.7,94,300.0,276.2,164.0,0.0,54,127.5,0.0,0.0,127.5
2026-03-20 16:00:00,11.4,1.22,3.6,92,242.0,198.7,149.0,0.0,53,102.85,0.0,0.0,102.85
2026-03-20 16:15:00,11.4,1.41,3.7,94,211.0,190.2,127.0,0.0,53,89.675,0.0,0.0,89.675
2026-03-20 16:30:00,11.4,1.73,3.9,95,114.0,50.8,93.0,0.0,54,48.449999999999996,0.0,0.0,48.449999999999996
2026-03-20 16:45:00,11.4,1.94,4.2,97,99.0,26.1,89.0,0.0,55,42.074999999999996,0.0,0.0,42.074999999999996
2026-03-20 17:00:00,11.3,2.18,4.5,98,140.0,127.9,95.0,0.0,56,59.5,0.0,0.0,59.5
2026-03-20 17:15:00,11.1,2.28,4.9,95,61.0,15.7,56.0,0.0,58,25.925,0.0,0.0,25.925
2026-03-20 17:30:00,10.8,2.39,5.5,92,37.0,3.5,36.0,0.0,61,15.725,0.0,0.0,15.725
2026-03-20 17:45:00,10.5,2.62,6.0,89,51.0,36.3,42.0,0.0,63,21.675,0.0,0.0,21.675
2026-03-20 18:00:00,10.3,2.76,6.3,86,87.0,94.6,67.0,0.0,66,36.975,0.0,0.0,36.975
2026-03-20 18:15:00,10.0,2.83,6.4,78,79.0,97.9,62.0,0.0,68,33.574999999999996,0.0,0.0,33.574999999999996
2026-03-20 18:30:00,9.8,2.76,6.3,71,55.0,96.1,42.0,0.0,70,23.375,0.0,0.0,23.375
2026-03-20 18:45:00,9.5,2.76,6.1,63,30.0,41.6,26.0,0.0,72,12.75,0.0,0.0,12.75
2026-03-20 19:00:00,9.2,2.69,6.1,55,20.0,35.2,18.0,0.0,74,8.5,0.0,0.0,8.5
2026-03-20 19:15:00,8.8,2.69,6.2,59,5.0,29.1,4.0,0.0,77,2.125,0.0,0.0,2.125
2026-03-20 19:30:00,8.3,2.7,6.4,63,0.0,0.0,0.0,0.0,79,0.0,0.0,0.0,0.0
2026-03-20 19:45:00,7.9,2.7,6.6,67,0.0,0.0,0.0,0.0,82,0.0,0.0,0.0,0.0
2026-03-20 20:00:00,7.5,2.7,6.7,71,0.0,0.0,0.0,0.0,84,0.0,0.0,0.0,0.0
2026-03-20 20:15:00,7.3,2.69,6.7,74,0.0,0.0,0.0,0.0,85,0.0,0.0,0.0,0.0
2026-03-20 20:30:00,7.2,2.69,6.7,78,0.0,0.0,0.0,0.0,86,0.0,0.0,0.0,0.0
2026-03-20 20:45:00,7.1,2.62,6.6,81,0.0,0.0,0.0,0.0,86,0.0,0.0,0.0,0.0
2026-03-20 21:00:00,7.0,2.56,6.5,84,0.0,0.0,0.0,0.0,86,0.0,0.0,0.0,0.0
2026-03-20 21:15:00,6.9,2.5,6.3,79,0.0,0.0,0.0,0.0,87,0.0,0.0,0.0,0.0
2026-03-20 21:30:00,6.8,2.36,6.0,73,0.0,0.0,0.0,0.0,87,0.0,0.0,0.0,0.0
2026-03-20 21:45:00,6.8,2.22,5.8,68,0.0,0.0,0.0,0.0,88,0.0,0.0,0.0,0.0
2026-03-20 22:00:00,6.8,2.16,5.5,62,0.0,0.0,0.0,0.0,88,0.0,0.0,0.0,0.0
2026-03-20 22:15:00,6.8,2.16,5.3,69,0.0,0.0,0.0,0.0,88,0.0,0.0,0.0,0.0
2026-03-20 22:30:00,6.8,2.25,5.0,77,0.0,0.0,0.0,0.0,88,0.0,0.0,0.0,0.0
2026-03-20 22:45:00,6.8,2.2,4.8,84,0.0,0.0,0.0,0.0,88,0.0,0.0,0.0,0.0
2026-03-20 23:00:00,6.8,2.28,4.7,91,0.0,0.0,0.0,0.0,88,0.0,0.0,0.0,0.0
2026-03-20 23:15:00,6.7,2.24,4.8,90,0.0,0.0,0.0,0.0,88,0.0,0.0,0.0,0.0
2026-03-20 23:30:00,6.7,2.25,5.0,89,0.0,0.0,0.0,0.0,89,0.0,0.0,0.0,0.0
2026-03-20 23:45:00,6.6,2.21,5.3,87,0.0,0.0,0.0,0.0,90,0.0,0.0,0.0,0.0
2026-03-21 00:00:00,6.6,2.18,5.4,86,0.0,0.0,0.0,0.0,90,0.0,0.0,0.0,0.0
2026-03-21 00:15:00,6.6,2.12,5.3,87,0.0,0.0,0.0,0.0,90,0.0,0.0,0.0,0.0
2026-03-21 00:30:00,6.6,2.06,5.0,88,0.0,0.0,0.0,0.0,90,0.0,0.0,0.0,0.0
2026-03-21 00:45:00,6.5,1.97,4.7,88,0.0,0.0,0.0,0.0,90,0.0,0.0,0.0,0.0
2026-03-21 01:00:00,6.5,2.02,4.6,89,0.0,0.0,0.0,0.0,90,0.0,0.0,0.0,0.0
2026-03-21 01:15:00,6.3,2.16,4.7,92,0.0,0.0,0.0,0.0,91,0.0,0.0,0.0,0.0
2026-03-21 01:30:00,6.2,2.39,4.9,95,0.0,0.0,0.0,0.0,92,0.0,0.0,0.0,0.0
2026-03-21 01:45:00,6.0,2.56,5.1,97,0.0,0.0,0.0,0.0,93,0.0,0.0,0.0,0.0
2026-03-21 02:00:00,5.9,2.64,5.3,100,0.0,0.0,0.0,0.0,94,0.0,0.0,0.0,0.0
2026-03-21 02:15:00,5.8,2.51,5.4,99,0.0,0.0,0.0,0.0,94,0.0,0.0,0.0,0.0
2026-03-21 02:30:00,5.8,2.24,5.6,98,0.0,0.0,0.0,0.0,94,0.0,0.0,0.0,0.0
2026-03-21 02:45:00,5.9,1.97,5.7,96,0.0,0.0,0.0,0.0,93,0.0,0.0,0.0,0.0
2026-03-21 03:00:00,5.9,1.84,5.7,95,0.0,0.0,0.0,0.0,93,0.0,0.0,0.0,0.0
2026-03-21 03:15:00,5.9,1.88,5.6,96,0.0,0.0,0.0,0.0,93,0.0,0.0,0.0,0.0
2026-03-21 03:30:00,5.9,1.97,5.3,98,0.0,0.0,0.0,0.0,93,0.0,0.0,0.0,0.0
2026-03-21 03:45:00,5.9,2.08,5.1,99,0.0,0.0,0.0,0.0,93,0.0,0.0,0.0,0.0
2026-03-21 04:00:00,6.0,2.2,4.9,100,0.0,0.0,0.0,0.0,93,0.0,0.0,0.0,0.0
2026-03-21 04:15:00,6.0,2.27,4.9,100,0.0,0.0,0.0,0.0,93,0.0,0.0,0.0,0.0
2026-03-21 04:30:00,6.1,2.2,4.9,100,0.0,0.0,0.0,0.0,93,0.0,0.0,0.0,0.0
2026-03-21 04:45:00,6.2,2.28,5.0,100,0.0,0.0,0.0,0.0,92,0.0,0.0,0.0,0.0
2026-03-21 05:00:00,6.3,2.28,5.1,100,0.0,0.0,0.0,0.0,92,0.0,0.0,0.0,0.0
2026-03-21 05:15:00,6.3,2.28,5.1,100,0.0,0.0,0.0,0.0,92,0.0,0.0,0.0,0.0
2026-03-21 05:30:00,6.3,2.28,5.2,100,0.0,0.0,0.0,0.0,91,0.0,0.0,0.0,0.0
2026-03-21 05:45:00,6.3,2.22,5.2,100,0.0,0.0,0.0,0.0,91,0.0,0.0,0.0,0.0
2026-03-21 06:00:00,6.3,2.3,5.3,100,0.0,0.0,0.0,0.0,91,0.0,0.0,0.0,0.0
2026-03-21 06:15:00,6.3,2.39,5.5,100,0.0,0.0,0.0,0.0,91,0.0,0.0,0.0,0.0
2026-03-21 06:30:00,6.2,2.51,5.7,100,0.0,0.0,0.0,0.0,91,0.0,0.0,0.0,0.0
2026-03-21 06:45:00,6.2,2.59,5.9,100,0.0,0.0,0.0,0.0,91,0.0,0.0,0.0,0.0
2026-03-21 07:00:00,6.1,2.68,6.0,100,0.0,0.0,0.0,0.0,91,0.0,0.0,0.0,0.0
2026-03-21 07:15:00,6.1,2.68,6.0,100,0.0,0.0,0.0,0.0,91,0.0,0.0,0.0,0.0
2026-03-21 07:30:00,6.0,2.73,5.9,100,4.0,0.0,4.0,0.0,91,1.7,0.0,0.0,1.7
2026-03-21 07:45:00,6.0,2.78,5.8,100,9.0,0.0,9.0,0.0,90,3.8249999999999997,0.0,0.0,3.8249999999999997
2026-03-21 08:00:00,6.0,2.78,5.8,100,18.0,0.0,18.0,0.0,90,7.6499999999999995,0.0,0.0,7.6499999999999995
2026-03-21 08:15:00,5.9,2.78,5.9,100,25.0,0.0,25.0,0.0,90,10.625,0.0,0.0,10.625
2026-03-21 08:30:00,5.9,2.73,6.0,100,38.0,0.0,38.0,0.0,89,16.15,0.0,0.0,16.15
2026-03-21 08:45:00,5.9,2.59,6.0,100,44.0,13.5,41.0,0.0,89,18.7,0.0,0.0,18.7
2026-03-21 09:00:00,5.9,2.55,6.1,100,46.0,0.0,46.0,0.0,88,19.55,0.0,0.0,19.55
2026-03-21 09:15:00,5.9,2.55,6.1,99,70.0,6.8,68.0,0.0,87,29.75,0.0,0.0,29.75
2026-03-21 09:30:00,6.1,2.46,6.0,97,105.0,0.0,105.0,0.0,86,44.625,0.0,0.0,44.625
2026-03-21 09:45:00,6.2,2.46,5.9,96,126.0,49.8,108.0,0.0,85,53.55,0.0,0.0,53.55
2026-03-21 10:00:00,6.2,2.42,5.9,94,119.0,12.7,114.0,0.0,84,50.574999999999996,0.0,0.0,50.574999999999996
2026-03-21 10:15:00,6.2,2.39,5.9,93,205.0,96.9,164.0,0.0,84,87.125,0.0,0.0,87.125
2026-03-21 10:30:00,6.1,2.42,5.8,92,264.0,186.3,180.0,0.0,85,112.2,0.0,0.0,112.2
2026-03-21 10:45:00,6.0,2.48,5.8,90,240.0,96.4,194.0,0.0,86,102.0,0.0,0.0,102.0
2026-03-21 11:00:00,6.0,2.55,5.9,89,209.0,65.8,176.0,0.0,86,88.825,0.0,0.0,88.825
2026-03-21 11:15:00,6.1,2.62,6.1,84,273.0,137.6,201.0,0.0,85,116.02499999999999,0.0,0.0,116.02499999999999
2026-03-21 11:30:00,6.3,2.62,6.3,80,304.0,158.4,218.0,0.0,84,129.2,0.0,0.0,129.2
2026-03-21 11:45:00,6.5,2.72,6.6,75,354.0,203.5,240.0,0.0,82,150.45,0.0,0.0,150.45
2026-03-21 12:00:00,6.7,2.75,6.8,70,386.0,278.1,226.0,0.0,80,164.04999999999998,0.0,0.0,164.04999999999998
2026-03-21 12:15:00,7.0,2.83,6.9,64,470.0,423.5,221.0,0.0,78,199.75,0.0,0.0,199.75
2026-03-21 12:30:00,7.3,2.88,6.9,59,506.0,484.9,216.0,0.0,75,215.04999999999998,0.0,0.0,215.04999999999998
2026-03-21 12:45:00,7.6,2.94,6.9,53,534.0,507.0,227.0,0.0,73,226.95,0.0,0.0,226.95
2026-03-21 13:00:00,7.9,2.97,7.0,47,543.0,530.7,219.0,0.0,71,230.775,0.0,0.0,230.775
2026-03-21 13:15:00,8.0,3.04,7.3,54,529.0,512.3,215.0,0.0,69,224.825,2.6337448559670858e-05,0.0,224.82502633744855
2026-03-21 13:30:00,8.2,3.16,7.7,60,535.0,483.1,239.0,0.0,68,227.375,0.001685596707818935,0.0,227.37668559670783
2026-03-21 13:45:00,8.2,3.26,8.0,67,560.0,575.5,209.0,0.0,67,238.0,0.007232921810699572,0.0,238.0072329218107
2026-03-21 14:00:00,8.2,3.41,8.3,73,560.0,590.6,203.0,0.0,67,238.0,0.02836255144032925,0.0,238.02836255144032
2026-03-21 14:15:00,8.1,3.5,8.4,77,507.0,489.5,215.0,0.0,68,215.475,0.051440329218106984,0.0,215.5264403292181
2026-03-21 14:30:00,7.9,3.54,8.4,81,491.0,479.5,210.0,0.0,69,208.67499999999998,0.06480000000000001,0.0,208.73979999999997
2026-03-21 14:45:00,7.8,3.59,8.4,84,453.0,427.6,208.0,0.0,70,192.525,0.08451810699588469,0.0,192.6095181069959
2026-03-21 15:00:00,7.8,3.54,8.3,88,423.0,355.1,225.0,0.0,70,179.775,0.06480000000000001,0.0,179.8398
2026-03-21 15:15:00,8.0,3.35,8.3,86,379.0,296.4,219.0,0.0,68,161.075,0.01764403292181071,0.0,161.0926440329218
2026-03-21 15:30:00,8.3,3.07,8.2,84,407.0,402.2,198.0,0.0,65,172.975,0.00014115226337448465,0.0,172.97514115226338
2026-03-21 15:45:00,8.7,2.82,8.2,81,445.0,589.1,152.0,0.0,61,189.125,0.0,0.0,189.125
2026-03-21 16:00:00,9.0,2.6,8.0,79,403.0,513.8,160.0,0.0,59,171.275,0.0,0.0,171.275
2026-03-21 16:15:00,9.2,2.57,7.6,73,359.0,418.7,172.0,0.0,59,152.575,0.0,0.0,152.575
2026-03-21 16:30:00,9.3,2.63,7.1,67,315.0,346.7,170.0,0.0,59,133.875,0.0,0.0,133.875
2026-03-21 16:45:00,9.4,2.72,6.7,60,299.0,414.7,138.0,0.0,60,127.075,0.0,0.0,127.075
2026-03-21 17:00:00,9.5,2.91,6.5,54,281.0,451.6,120.0,0.0,60,119.425,0.0,0.0,119.425
2026-03-21 17:15:00,9.6,3.11,6.7,46,253.0,423.7,116.0,0.0,58,107.52499999999999,0.0005477366255144015,0.0,107.52554773662551
2026-03-21 17:30:00,9.8,3.42,7.3,37,206.0,311.7,116.0,0.0,56,87.55,0.03048888888888888,0.0,87.58048888888888
2026-03-21 17:45:00,9.8,3.63,7.8,29,169.0,284.6,97.0,0.0,54,71.825,0.10289999999999996,0.0,71.92790000000001
2026-03-21 18:00:00,9.9,3.65,8.2,20,149.0,323.9,79.0,0.0,52,63.324999999999996,0.11301440329218104,0.0,63.43801440329218
2026-03-21 18:15:00,9.8,3.45,8.4,15,118.0,319.5,61.0,0.0,52,50.15,0.03750000000000004,0.0,50.1875
2026-03-21 18:30:00,9.8,3.16,8.5,10,85.0,271.6,47.0,0.0,52,36.125,0.001685596707818935,0.0,36.126685596707816
2026-03-21 18:45:00,9.7,2.77,8.5,5,55.0,218.1,33.0,0.0,52,23.375,0.0,0.0,23.375
2026-03-21 19:00:00,9.6,2.45,8.2,0,27.0,114.0,20.0,0.0,52,11.475,0.0,0.0,11.475
2026-03-21 19:15:00,9.5,2.24,7.6,0,8.0,54.4,6.0,0.0,51,3.4,0.0,0.0,3.4
2026-03-21 19:30:00,9.5,2.01,6.6,0,0.0,0.0,0.0,0.0,48,0.0,0.0,0.0,0.0
2026-03-21 19:45:00,9.5,1.9,5.7,0,0.0,0.0,0.0,0.0,46,0.0,0.0,0.0,0.0
2026-03-21 20:00:00,9.4,1.8,5.0,0,0.0,0.0,0.0,0.0,45,0.0,0.0,0.0,0.0
2026-03-21 20:15:00,9.3,1.9,4.8,0,0.0,0.0,0.0,0.0,45,0.0,0.0,0.0,0.0
2026-03-21 20:30:00,9.1,2.0,4.8,0,0.0,0.0,0.0,0.0,45,0.0,0.0,0.0,0.0
2026-03-21 20:45:00,8.8,2.12,4.9,0,0.0,0.0,0.0,0.0,45,0.0,0.0,0.0,0.0
2026-03-21 21:00:00,8.6,2.24,4.9,0,0.0,0.0,0.0,0.0,46,0.0,0.0,0.0,0.0
2026-03-21 21:15:00,8.3,2.14,4.9,0,0.0,0.0,0.0,0.0,47,0.0,0.0,0.0,0.0
2026-03-21 21:30:00,8.1,2.04,4.8,0,0.0,0.0,0.0,0.0,49,0.0,0.0,0.0,0.0
2026-03-21 21:45:00,7.8,1.84,4.8,0,0.0,0.0,0.0,0.0,51,0.0,0.0,0.0,0.0
2026-03-21 22:00:00,7.6,1.75,4.7,0,0.0,0.0,0.0,0.0,52,0.0,0.0,0.0,0.0
2026-03-21 22:15:00,7.4,1.75,4.6,0,0.0,0.0,0.0,0.0,52,0.0,0.0,0.0,0.0
2026-03-21 22:30:00,7.1,1.94,4.4,0,0.0,0.0,0.0,0.0,52,0.0,0.0,0.0,0.0
2026-03-21 22:45:00,6.9,2.06,4.2,0,0.0,0.0,0.0,0.0,52,0.0,0.0,0.0,0.0
2026-03-21 23:00:00,6.7,2.16,4.2,0,0.0,0.0,0.0,0.0,52,0.0,0.0,0.0,0.0
2026-03-21 23:15:00,6.5,2.18,4.4,0,0.0,0.0,0.0,0.0,53,0.0,0.0,0.0,0.0
2026-03-21 23:30:00,6.3,2.25,4.7,0,0.0,0.0,0.0,0.0,54,0.0,0.0,0.0,0.0
2026-03-21 23:45:00,6.1,2.28,5.0,0,0.0,0.0,0.0,0.0,56,0.0,0.0,0.0,0.0
2026-03-22 00:00:00,5.9,2.28,5.2,0,0.0,0.0,0.0,0.0,57,0.0,0.0,0.0,0.0
2026-03-22 00:15:00,5.7,2.25,5.2,0,0.0,0.0,0.0,0.0,58,0.0,0.0,0.0,0.0
2026-03-22 00:30:00,5.6,2.06,5.1,0,0.0,0.0,0.0,0.0,60,0.0,0.0,0.0,0.0
2026-03-22 00:45:00,5.4,2.02,5.0,0,0.0,0.0,0.0,0.0,61,0.0,0.0,0.0,0.0
2026-03-22 01:00:00,5.3,2.0,4.9,0,0.0,0.0,0.0,0.0,62,0.0,0.0,0.0,0.0
2026-03-22 01:15:00,5.1,2.1,4.9,0,0.0,0.0,0.0,0.0,62,0.0,0.0,0.0,0.0
2026-03-22 01:30:00,5.0,2.3,5.0,0,0.0,0.0,0.0,0.0,62,0.0,0.0,0.0,0.0
2026-03-22 01:45:00,4.9,2.5,5.1,0,0.0,0.0,0.0,0.0,61,0.0,0.0,0.0,0.0
2026-03-22 02:00:00,4.8,2.6,5.2,0,0.0,0.0,0.0,0.0,61,0.0,0.0,0.0,0.0
2026-03-22 02:15:00,4.7,2.6,5.3,0,0.0,0.0,0.0,0.0,61,0.0,0.0,0.0,0.0
2026-03-22 02:30:00,4.7,2.41,5.4,0,0.0,0.0,0.0,0.0,61,0.0,0.0,0.0,0.0
2026-03-22 02:45:00,4.6,2.32,5.5,0,0.0,0.0,0.0,0.0,61,0.0,0.0,0.0,0.0
2026-03-22 03:00:00,4.5,2.22,5.5,0,0.0,0.0,0.0,0.0,61,0.0,0.0,0.0,0.0
2026-03-22 03:15:00,4.3,2.12,5.4,0,0.0,0.0,0.0,0.0,61,0.0,0.0,0.0,0.0
2026-03-22 03:30:00,4.2,2.12,5.2,0,0.0,0.0,0.0,0.0,62,0.0,0.0,0.0,0.0
2026-03-22 03:45:00,4.0,2.12,5.0,0,0.0,0.0,0.0,0.0,62,0.0,0.0,0.0,0.0
2026-03-22 04:00:00,3.9,2.12,4.8,0,0.0,0.0,0.0,0.0,63,0.0,0.0,0.0,0.0
2026-03-22 04:15:00,3.8,2.12,4.7,0,0.0,0.0,0.0,0.0,64,0.0,0.0,0.0,0.0
2026-03-22 04:30:00,3.7,2.11,4.6,0,0.0,0.0,0.0,0.0,64,0.0,0.0,0.0,0.0
2026-03-22 04:45:00,3.6,2.2,4.6,0,0.0,0.0,0.0,0.0,65,0.0,0.0,0.0,0.0
2026-03-22 05:00:00,3.6,2.2,4.6,0,0.0,0.0,0.0,0.0,65,0.0,0.0,0.0,0.0
2026-03-22 05:15:00,3.5,2.3,4.8,0,0.0,0.0,0.0,0.0,65,0.0,0.0,0.0,0.0
2026-03-22 05:30:00,3.4,2.4,5.0,0,0.0,0.0,0.0,0.0,65,0.0,0.0,0.0,0.0
2026-03-22 05:45:00,3.4,2.5,5.2,0,0.0,0.0,0.0,0.0,66,0.0,0.0,0.0,0.0
2026-03-22 06:00:00,3.3,2.5,5.4,0,0.0,0.0,0.0,0.0,66,0.0,0.0,0.0,0.0
2026-03-22 06:15:00,3.2,2.51,5.5,0,0.0,0.0,0.0,0.0,67,0.0,0.0,0.0,0.0
2026-03-22 06:30:00,3.1,2.42,5.4,0,0.0,0.0,0.0,0.0,68,0.0,0.0,0.0,0.0
2026-03-22 06:45:00,3.0,2.32,5.4,0,0.0,0.0,0.0,0.0,69,0.0,0.0,0.0,0.0
2026-03-22 07:00:00,2.9,2.24,5.3,0,0.0,0.0,0.0,0.0,69,0.0,0.0,0.0,0.0
2026-03-22 07:15:00,2.9,2.14,5.2,0,0.0,0.0,0.0,0.0,69,0.0,0.0,0.0,0.0
2026-03-22 07:30:00,2.9,2.14,5.0,0,12.0,23.5,11.0,0.0,68,5.1,0.0,0.0,5.1
2026-03-22 07:45:00,2.9,2.04,4.8,0,32.0,95.5,25.0,0.0,68,13.6,0.0,0.0,13.6
2026-03-22 08:00:00,3.0,2.04,4.7,0,58.0,168.5,39.0,0.0,67,24.65,0.0,0.0,24.65
2026-03-22 08:15:00,3.1,2.04,4.8,0,88.0,250.3,50.0,0.0,66,37.4,0.0,0.0,37.4
2026-03-22 08:30:00,3.3,2.14,4.9,0,121.0,315.4,61.0,0.0,65,51.425,0.0,0.0,51.425
2026-03-22 08:45:00,3.5,2.24,5.1,0,157.0,381.7,70.0,0.0,64,66.725,0.0,0.0,66.725
2026-03-22 09:00:00,3.8,2.33,5.2,0,194.0,438.4,78.0,0.0,63,82.45,0.0,0.0,82.45
2026-03-22 09:15:00,4.1,2.32,5.3,0,231.0,486.3,85.0,0.0,61,98.175,0.0,0.0,98.175
2026-03-22 09:30:00,4.6,2.31,5.3,0,267.0,526.0,91.0,0.0,60,113.475,0.0,0.0,113.475
2026-03-22 09:45:00,5.1,2.3,5.3,0,304.0,565.8,96.0,0.0,58,129.2,0.0,0.0,129.2
2026-03-22 10:00:00,5.6,2.3,5.4,0,340.0,601.4,100.0,0.0,56,144.5,0.0,0.0,144.5
2026-03-22 10:15:00,6.2,2.3,5.5,0,375.0,631.9,104.0,0.0,54,159.375,0.0,0.0,159.375
2026-03-22 10:30:00,6.9,2.3,5.7,0,408.0,658.9,107.0,0.0,53,173.4,0.0,0.0,173.4
2026-03-22 10:45:00,7.7,2.3,5.8,0,439.0,683.4,109.0,0.0,51,186.575,0.0,0.0,186.575
2026-03-22 11:00:00,8.3,2.41,6.0,0,468.0,704.2,111.0,0.0,50,198.9,0.0,0.0,198.9
2026-03-22 11:15:00,9.0,2.51,6.2,0,496.0,726.1,112.0,0.0,49,210.79999999999998,0.0,0.0,210.79999999999998
2026-03-22 11:30:00,9.6,2.61,6.3,0,521.0,743.8,113.0,0.0,48,221.42499999999998,0.0,0.0,221.42499999999998
2026-03-22 11:45:00,10.2,2.71,6.5,0,543.0,759.8,113.0,0.0,46,230.775,0.0,0.0,230.775
2026-03-22 12:00:00,10.7,2.91,6.8,0,562.0,772.9,113.0,0.0,45,238.85,0.0,0.0,238.85
2026-03-22 12:15:00,11.1,3.11,7.3,0,580.0,786.9,113.0,0.0,44,246.5,0.0005477366255144015,0.0,246.50054773662552
2026-03-22 12:30:00,11.5,3.42,7.9,0,593.0,795.3,113.0,0.0,42,252.025,0.03048888888888888,0.0,252.0554888888889
2026-03-22 12:45:00,11.9,3.73,8.5,0,603.0,801.9,113.0,0.0,41,256.275,0.1600893004115226,0.0,256.4350893004115
2026-03-22 13:00:00,12.2,3.85,8.9,0,609.0,803.6,114.0,0.0,39,258.825,0.25272633744855977,0.0,259.07772633744855
2026-03-22 13:15:00,12.5,3.86,9.1,0,612.0,805.4,114.0,0.0,37,260.09999999999997,0.26175144032921804,0.0,260.36175144032916
2026-03-22 13:30:00,12.8,3.79,9.0,0,613.0,807.4,114.0,0.0,35,260.525,0.2028967078189301,0.0,260.7278967078189
2026-03-22 13:45:00,13.1,3.69,9.0,0,611.0,809.5,113.0,0.0,33,259.675,0.13518888888888886,0.0,259.8101888888889
2026-03-22 14:00:00,13.3,3.59,8.9,0,604.0,806.9,112.0,0.0,32,256.7,0.08451810699588469,0.0,256.78451810699585
2026-03-22 14:15:00,13.5,3.57,8.9,2,597.0,809.4,110.0,0.0,32,253.725,0.07621111111111104,0.0,253.80121111111112
2026-03-22 14:30:00,13.6,3.55,8.8,3,583.0,803.5,108.0,0.0,34,247.775,0.06846707818930034,0.0,247.8434670781893
2026-03-22 14:45:00,13.6,3.44,8.7,5,567.0,797.4,106.0,0.0,35,240.975,0.0350551440329218,0.0,241.01005514403292
2026-03-22 15:00:00,13.7,3.42,8.6,6,549.0,787.4,106.0,0.0,36,233.325,0.03048888888888888,0.0,233.35548888888889
2026-03-22 15:15:00,13.8,3.32,8.5,5,527.0,772.8,106.0,0.0,36,223.975,0.013484773662551417,0.0,223.98848477366255
2026-03-22 15:30:00,13.9,3.24,8.3,3,503.0,764.3,102.0,0.0,36,213.775,0.005688888888888903,0.0,213.7806888888889
2026-03-22 15:45:00,14.0,3.26,8.1,2,478.0,754.5,99.0,0.0,35,203.15,0.007232921810699572,0.0,203.1572329218107
2026-03-22 16:00:00,14.1,3.18,8.0,0,449.0,736.6,97.0,0.0,35,190.825,0.0024000000000000063,0.0,190.82739999999998
2026-03-22 16:15:00,14.2,3.18,8.0,1,420.0,724.4,93.0,0.0,35,178.5,0.0024000000000000063,0.0,178.5024
2026-03-22 16:30:00,14.2,3.2,8.0,2,386.0,699.6,90.0,0.0,34,164.04999999999998,0.003292181069958856,0.0,164.05329218106993
2026-03-22 16:45:00,14.3,3.2,8.0,3,352.0,679.4,85.0,0.0,34,149.6,0.003292181069958856,0.0,149.60329218106995
2026-03-22 17:00:00,14.3,3.2,8.0,4,317.0,653.2,81.0,0.0,34,134.725,0.003292181069958856,0.0,134.72829218106995
2026-03-22 17:15:00,14.3,3.2,8.0,3,280.0,624.9,75.0,0.0,34,119.0,0.003292181069958856,0.0,119.00329218106995
2026-03-22 17:30:00,14.2,3.28,7.9,2,243.0,589.5,70.0,0.0,34,103.27499999999999,0.00903374485596706,0.0,103.28403374485596
2026-03-22 17:45:00,14.1,3.28,7.9,1,204.0,539.4,65.0,0.0,35,86.7,0.00903374485596706,0.0,86.70903374485597
2026-03-22 18:00:00,13.9,3.28,7.8,0,166.0,484.6,59.0,0.0,35,70.55,0.00903374485596706,0.0,70.55903374485597
2026-03-22 18:15:00,13.8,3.2,7.7,0,127.0,409.7,52.0,0.0,35,53.975,0.003292181069958856,0.0,53.97829218106996
2026-03-22 18:30:00,13.6,3.07,7.7,0,92.0,332.0,44.0,0.0,35,39.1,0.00014115226337448465,0.0,39.100141152263376
2026-03-22 18:45:00,13.5,2.92,7.6,0,58.0,227.4,34.0,0.0,35,24.65,0.0,0.0,24.65
2026-03-22 19:00:00,13.3,2.73,7.4,0,31.0,136.2,22.0,0.0,36,13.174999999999999,0.0,0.0,13.174999999999999
2026-03-22 19:15:00,13.1,2.53,7.1,0,10.0,51.2,8.0,0.0,37,4.25,0.0,0.0,4.25
2026-03-22 19:30:00,12.9,2.43,6.6,0,0.0,0.0,0.0,0.0,39,0.0,0.0,0.0,0.0
2026-03-22 19:45:00,12.7,2.4,6.1,0,0.0,0.0,0.0,0.0,41,0.0,0.0,0.0,0.0
2026-03-22 20:00:00,12.4,2.42,5.8,0,0.0,0.0,0.0,0.0,42,0.0,0.0,0.0,0.0
2026-03-22 20:15:00,12.1,2.43,5.6,0,0.0,0.0,0.0,0.0,43,0.0,0.0,0.0,0.0
2026-03-22 20:30:00,11.8,2.32,5.6,0,0.0,0.0,0.0,0.0,44,0.0,0.0,0.0,0.0
2026-03-22 20:45:00,11.5,2.31,5.5,0,0.0,0.0,0.0,0.0,45,0.0,0.0,0.0,0.0
2026-03-22 21:00:00,11.2,2.21,5.4,0,0.0,0.0,0.0,0.0,46,0.0,0.0,0.0,0.0
2026-03-22 21:15:00,11.0,2.21,5.2,0,0.0,0.0,0.0,0.0,47,0.0,0.0,0.0,0.0
2026-03-22 21:30:00,10.7,2.12,5.0,0,0.0,0.0,0.0,0.0,48,0.0,0.0,0.0,0.0
2026-03-22 21:45:00,10.5,2.14,4.8,0,0.0,0.0,0.0,0.0,49,0.0,0.0,0.0,0.0
2026-03-22 22:00:00,10.2,2.04,4.6,0,0.0,0.0,0.0,0.0,50,0.0,0.0,0.0,0.0
2026-03-22 22:15:00,9.9,2.04,4.5,0,0.0,0.0,0.0,0.0,51,0.0,0.0,0.0,0.0
2026-03-22 22:30:00,9.7,1.94,4.4,0,0.0,0.0,0.0,0.0,51,0.0,0.0,0.0,0.0
2026-03-22 22:45:00,9.4,1.94,4.4,0,0.0,0.0,0.0,0.0,51,0.0,0.0,0.0,0.0
2026-03-22 23:00:00,9.1,1.84,4.3,0,0.0,0.0,0.0,0.0,52,0.0,0.0,0.0,0.0
2026-03-22 23:15:00,8.9,1.75,4.2,11,0.0,0.0,0.0,0.0,53,0.0,0.0,0.0,0.0
2026-03-22 23:30:00,8.8,1.75,4.0,21,0.0,0.0,0.0,0.0,54,0.0,0.0,0.0,0.0
2026-03-22 23:45:00,8.6,1.65,3.8,32,0.0,0.0,0.0,0.0,55,0.0,0.0,0.0,0.0
2026-03-23 00:00:00,8.5,1.65,3.7,42,0.0,0.0,0.0,0.0,56,0.0,0.0,0.0,0.0
2026-03-23 00:15:00,8.3,1.63,3.6,34,0.0,0.0,0.0,0.0,57,0.0,0.0,0.0,0.0
2026-03-23 00:30:00,8.2,1.61,3.6,25,0.0,0.0,0.0,0.0,57,0.0,0.0,0.0,0.0
2026-03-23 00:45:00,8.0,1.6,3.5,17,0.0,0.0,0.0,0.0,57,0.0,0.0,0.0,0.0
2026-03-23 01:00:00,7.9,1.6,3.5,8,0.0,0.0,0.0,0.0,58,0.0,0.0,0.0,0.0
2026-03-23 01:15:00,7.6,1.51,3.5,6,0.0,0.0,0.0,0.0,59,0.0,0.0,0.0,0.0
2026-03-23 01:30:00,7.4,1.43,3.4,4,0.0,0.0,0.0,0.0,60,0.0,0.0,0.0,0.0
2026-03-23 01:45:00,7.1,1.36,3.4,2,0.0,0.0,0.0,0.0,61,0.0,0.0,0.0,0.0
2026-03-23 02:00:00,6.9,1.3,3.3,0,0.0,0.0,0.0,0.0,62,0.0,0.0,0.0,0.0
2026-03-23 02:15:00,6.8,1.3,3.2,0,0.0,0.0,0.0,0.0,62,0.0,0.0,0.0,0.0
2026-03-23 02:30:00,6.7,1.21,3.1,0,0.0,0.0,0.0,0.0,63,0.0,0.0,0.0,0.0
2026-03-23 02:45:00,6.7,1.17,2.9,0,0.0,0.0,0.0,0.0,63,0.0,0.0,0.0,0.0
2026-03-23 03:00:00,6.6,1.17,2.8,0,0.0,0.0,0.0,0.0,63,0.0,0.0,0.0,0.0
2026-03-23 03:15:00,6.5,1.17,2.7,0,0.0,0.0,0.0,0.0,63,0.0,0.0,0.0,0.0
2026-03-23 03:30:00,6.4,1.08,2.6,0,0.0,0.0,0.0,0.0,63,0.0,0.0,0.0,0.0
2026-03-23 03:45:00,6.2,1.08,2.6,0,0.0,0.0,0.0,0.0,64,0.0,0.0,0.0,0.0
2026-03-23 04:00:00,6.1,1.08,2.5,0,0.0,0.0,0.0,0.0,64,0.0,0.0,0.0,0.0
2026-03-23 04:15:00,5.9,1.08,2.4,6,0.0,0.0,0.0,0.0,65,0.0,0.0,0.0,0.0
2026-03-23 04:30:00,5.6,1.21,2.3,12,0.0,0.0,0.0,0.0,66,0.0,0.0,0.0,0.0
2026-03-23 04:45:00,5.4,1.25,2.2,18,0.0,0.0,0.0,0.0,66,0.0,0.0,0.0,0.0
2026-03-23 05:00:00,5.2,1.25,2.2,24,0.0,0.0,0.0,0.0,67,0.0,0.0,0.0,0.0
2026-03-23 05:15:00,5.0,1.25,2.3,18,0.0,0.0,0.0,0.0,67,0.0,0.0,0.0,0.0
2026-03-23 05:30:00,4.9,1.22,2.5,12,0.0,0.0,0.0,0.0,68,0.0,0.0,0.0,0.0
2026-03-23 05:45:00,4.9,1.22,2.6,6,0.0,0.0,0.0,0.0,68,0.0,0.0,0.0,0.0
2026-03-23 06:00:00,4.8,1.14,2.7,0,0.0,0.0,0.0,0.0,68,0.0,0.0,0.0,0.0
2026-03-23 06:15:00,4.7,1.0,2.6,0,0.0,0.0,0.0,0.0,68,0.0,0.0,0.0,0.0
2026-03-23 06:30:00,4.6,0.94,2.4,0,0.0,0.0,0.0,0.0,68,0.0,0.0,0.0,0.0
2026-03-23 06:45:00,4.5,0.81,2.2,0,0.0,0.0,0.0,0.0,68,0.0,0.0,0.0,0.0
2026-03-23 07:00:00,4.4,0.67,2.0,0,0.0,0.0,0.0,0.0,69,0.0,0.0,0.0,0.0
2026-03-23 07:15:00,4.0,0.64,1.8,0,1.0,0.0,1.0,0.0,70,0.425,0.0,0.0,0.425
2026-03-23 07:30:00,3.5,0.71,1.7,0,15.0,43.8,13.0,0.0,72,6.375,0.0,0.0,6.375
2026-03-23 07:45:00,3.1,0.72,1.5,0,37.0,126.0,27.0,0.0,74,15.725,0.0,0.0,15.725
2026-03-23 08:00:00,3.0,0.76,1.4,0,66.0,218.7,40.0,0.0,74,28.05,0.0,0.0,28.05
2026-03-23 08:15:00,3.2,0.73,1.4,0,97.0,291.3,51.0,0.0,73,41.225,0.0,0.0,41.225
2026-03-23 08:30:00,3.6,0.61,1.4,0,131.0,361.7,60.0,0.0,71,55.675,0.0,0.0,55.675
2026-03-23 08:45:00,4.1,0.5,1.5,0,169.0,431.7,68.0,0.0,68,71.825,0.0,0.0,71.825
2026-03-23 09:00:00,4.7,0.41,1.5,0,205.0,484.0,74.0,0.0,66,87.125,0.0,0.0,87.125
2026-03-23 09:15:00,5.2,0.41,1.5,2,242.0,525.7,81.0,0.0,64,102.85,0.0,0.0,102.85
2026-03-23 09:30:00,5.9,0.3,1.4,3,278.0,549.0,91.0,0.0,61,118.14999999999999,0.0,0.0,118.14999999999999
2026-03-23 09:45:00,6.5,0.3,1.3,5,313.0,570.2,100.0,0.0,58,133.025,0.0,0.0,133.025
2026-03-23 10:00:00,7.2,0.3,1.3,6,351.0,617.3,101.0,0.0,56,149.17499999999998,0.0,0.0,149.17499999999998
2026-03-23 10:15:00,7.9,0.32,1.4,14,385.0,641.8,106.0,0.0,54,163.625,0.0,0.0,163.625
2026-03-23 10:30:00,8.7,0.42,1.5,22,417.0,659.2,112.0,0.0,52,177.225,0.0,0.0,177.225
2026-03-23 10:45:00,9.5,0.67,1.6,29,451.0,699.8,109.0,0.0,51,191.67499999999998,0.0,0.0,191.67499999999998
2026-03-23 11:00:00,10.2,0.81,1.9,37,479.0,708.0,116.0,0.0,49,203.575,0.0,0.0,203.575
2026-03-23 11:15:00,10.8,1.0,2.3,33,497.0,660.3,144.0,0.0,47,211.225,0.0,0.0,211.225
2026-03-23 11:30:00,11.4,1.2,2.9,29,519.0,667.6,149.0,0.0,45,220.575,0.0,0.0,220.575
2026-03-23 11:45:00,12.0,1.36,3.4,25,545.0,696.3,147.0,0.0,44,231.625,0.0,0.0,231.625
2026-03-23 12:00:00,12.5,1.48,3.8,21,562.0,697.3,153.0,0.0,42,238.85,0.0,0.0,238.85
2026-03-23 12:15:00,13.0,1.39,4.0,30,582.0,731.2,144.0,0.0,41,247.35,0.0,0.0,247.35
2026-03-23 12:30:00,13.4,1.24,4.0,38,595.0,753.7,136.0,0.0,40,252.875,0.0,0.0,252.875
2026-03-23 12:45:00,13.8,1.1,4.0,47,599.0,739.7,143.0,0.0,38,254.575,0.0,0.0,254.575
2026-03-23 13:00:00,14.2,1.1,3.9,55,524.0,487.6,221.0,0.0,37,222.7,0.0,0.0,222.7
2026-03-23 13:15:00,14.5,1.1,3.7,64,514.0,489.0,209.0,0.0,35,218.45,0.0,0.0,218.45
2026-03-23 13:30:00,14.8,1.2,3.4,72,497.0,513.4,177.0,0.0,33,211.225,0.0,0.0,211.225
2026-03-23 13:45:00,15.0,1.32,3.2,81,522.0,562.5,173.0,0.0,31,221.85,0.0,0.0,221.85
2026-03-23 14:00:00,15.2,1.36,3.2,89,514.0,565.9,166.0,0.0,30,218.45,0.0,0.0,218.45
2026-03-23 14:15:00,15.3,1.44,3.6,67,547.0,585.0,192.0,0.0,29,232.475,0.0,0.0,232.475
2026-03-23 14:30:00,15.3,1.72,4.1,45,529.0,523.3,217.0,0.0,30,224.825,0.0,0.0,224.825
2026-03-23 14:45:00,15.3,2.19,4.8,22,491.0,464.7,220.0,0.0,30,208.67499999999998,0.0,0.0,208.67499999999998
2026-03-23 15:00:00,15.4,2.44,5.2,0,505.0,569.0,182.0,0.0,30,214.625,0.0,0.0,214.625
2026-03-23 15:15:00,15.5,2.44,5.4,9,509.0,640.3,157.0,0.0,30,216.325,0.0,0.0,216.325
2026-03-23 15:30:00,15.6,2.33,5.5,18,503.0,742.1,110.0,0.0,30,213.775,0.0,0.0,213.775
2026-03-23 15:45:00,15.6,2.2,5.5,26,443.0,558.0,160.0,0.0,31,188.275,0.0,0.0,188.275
2026-03-23 16:00:00,15.7,2.16,5.4,35,410.0,536.5,151.0,0.0,31,174.25,0.0,0.0,174.25
2026-03-23 16:15:00,15.6,2.25,5.1,36,402.0,611.5,123.0,0.0,31,170.85,0.0,0.0,170.85
2026-03-23 16:30:00,15.5,2.33,4.6,37,382.0,635.7,110.0,0.0,32,162.35,0.0,0.0,162.35
2026-03-23 16:45:00,15.4,2.37,4.2,38,348.0,618.4,102.0,0.0,32,147.9,0.0,0.0,147.9
2026-03-23 17:00:00,15.3,2.46,4.0,39,317.0,631.1,86.0,0.0,32,134.725,0.0,0.0,134.725
2026-03-23 17:15:00,15.3,2.37,4.1,29,284.0,610.0,81.0,0.0,32,120.7,0.0,0.0,120.7
2026-03-23 17:30:00,15.3,2.28,4.5,20,246.0,580.2,73.0,0.0,33,104.55,0.0,0.0,104.55
2026-03-23 17:45:00,15.3,2.2,4.9,10,208.0,545.1,65.0,0.0,33,88.39999999999999,0.0,0.0,88.39999999999999
2026-03-23 18:00:00,15.3,2.11,5.1,0,168.0,483.4,59.0,0.0,33,71.39999999999999,0.0,0.0,71.39999999999999
2026-03-23 18:15:00,15.2,2.11,5.1,0,131.0,415.5,53.0,0.0,33,55.675,0.0,0.0,55.675
2026-03-23 18:30:00,15.0,2.15,5.0,0,95.0,341.8,44.0,0.0,33,40.375,0.0,0.0,40.375
2026-03-23 18:45:00,14.8,2.15,4.8,0,62.0,245.1,35.0,0.0,33,26.349999999999998,0.0,0.0,26.349999999999998
2026-03-23 19:00:00,14.6,2.1,4.7,0,33.0,141.5,23.0,0.0,33,14.025,0.0,0.0,14.025
2026-03-23 19:15:00,14.4,2.01,4.7,13,11.0,48.3,9.0,0.0,32,4.675,0.0,0.0,4.675
2026-03-23 19:30:00,14.2,1.79,4.7,26,0.0,0.0,0.0,0.0,31,0.0,0.0,0.0,0.0
2026-03-23 19:45:00,13.9,1.61,4.6,39,0.0,0.0,0.0,0.0,30,0.0,0.0,0.0,0.0
2026-03-23 20:00:00,13.7,1.48,4.5,52,0.0,0.0,0.0,0.0,30,0.0,0.0,0.0,0.0
2026-03-23 20:15:00,13.4,1.34,4.2,43,0.0,0.0,0.0,0.0,30,0.0,0.0,0.0,0.0
2026-03-23 20:30:00,13.1,1.25,3.8,34,0.0,0.0,0.0,0.0,31,0.0,0.0,0.0,0.0
2026-03-23 20:45:00,12.8,1.12,3.4,24,0.0,0.0,0.0,0.0,31,0.0,0.0,0.0,0.0
2026-03-23 21:00:00,12.5,1.08,3.1,15,0.0,0.0,0.0,0.0,32,0.0,0.0,0.0,0.0
2026-03-23 21:15:00,12.2,1.04,2.8,36,0.0,0.0,0.0,0.0,33,0.0,0.0,0.0,0.0
2026-03-23 21:30:00,11.9,1.02,2.6,58,0.0,0.0,0.0,0.0,34,0.0,0.0,0.0,0.0
2026-03-23 21:45:00,11.6,1.0,2.4,79,0.0,0.0,0.0,0.0,35,0.0,0.0,0.0,0.0
2026-03-23 22:00:00,11.3,1.0,2.2,100,0.0,0.0,0.0,0.0,37,0.0,0.0,0.0,0.0
2026-03-23 22:15:00,11.0,1.0,2.1,100,0.0,0.0,0.0,0.0,39,0.0,0.0,0.0,0.0
2026-03-23 22:30:00,10.7,0.9,2.1,100,0.0,0.0,0.0,0.0,42,0.0,0.0,0.0,0.0
2026-03-23 22:45:00,10.4,0.9,2.0,100,0.0,0.0,0.0,0.0,45,0.0,0.0,0.0,0.0
2026-03-23 23:00:00,10.2,0.81,2.0,100,0.0,0.0,0.0,0.0,47,0.0,0.0,0.0,0.0
2026-03-23 23:15:00,9.9,0.73,1.9,98,0.0,0.0,0.0,0.0,48,0.0,0.0,0.0,0.0
2026-03-23 23:30:00,9.7,0.72,1.8,97,0.0,0.0,0.0,0.0,49,0.0,0.0,0.0,0.0
2026-03-23 23:45:00,9.5,0.78,1.7,95,0.0,0.0,0.0,0.0,50,0.0,0.0,0.0,0.0
2026-03-24 00:00:00,9.3,0.89,1.7,93,0.0,0.0,0.0,0.0,51,0.0,0.0,0.0,0.0
2026-03-24 00:15:00,9.1,0.98,1.9,95,0.0,0.0,0.0,0.0,53,0.0,0.0,0.0,0.0
2026-03-24 00:30:00,8.8,1.21,2.1,97,0.0,0.0,0.0,0.0,55,0.0,0.0,0.0,0.0
2026-03-24 00:45:00,8.6,1.21,2.4,98,0.0,0.0,0.0,0.0,57,0.0,0.0,0.0,0.0
2026-03-24 01:00:00,8.4,1.34,2.6,100,0.0,0.0,0.0,0.0,58,0.0,0.0,0.0,0.0
2026-03-24 01:15:00,8.2,1.39,2.7,96,0.0,0.0,0.0,0.0,59,0.0,0.0,0.0,0.0
2026-03-24 01:30:00,8.0,1.3,2.7,91,0.0,0.0,0.0,0.0,59,0.0,0.0,0.0,0.0
2026-03-24 01:45:00,7.8,1.36,2.7,87,0.0,0.0,0.0,0.0,59,0.0,0.0,0.0,0.0
2026-03-24 02:00:00,7.7,1.28,2.7,82,0.0,0.0,0.0,0.0,59,0.0,0.0,0.0,0.0
2026-03-24 02:15:00,7.5,1.28,2.7,83,0.0,0.0,0.0,0.0,59,0.0,0.0,0.0,0.0
2026-03-24 02:30:00,7.4,1.2,2.7,84,0.0,0.0,0.0,0.0,59,0.0,0.0,0.0,0.0
2026-03-24 02:45:00,7.3,1.14,2.7,84,0.0,0.0,0.0,0.0,59,0.0,0.0,0.0,0.0
2026-03-24 03:00:00,7.2,1.14,2.7,85,0.0,0.0,0.0,0.0,59,0.0,0.0,0.0,0.0
2026-03-24 03:15:00,7.1,1.14,2.7,89,0.0,0.0,0.0,0.0,60,0.0,0.0,0.0,0.0
2026-03-24 03:30:00,6.9,1.22,2.6,93,0.0,0.0,0.0,0.0,60,0.0,0.0,0.0,0.0
2026-03-24 03:45:00,6.8,1.17,2.6,96,0.0,0.0,0.0,0.0,61,0.0,0.0,0.0,0.0
2026-03-24 04:00:00,6.7,1.17,2.5,100,0.0,0.0,0.0,0.0,62,0.0,0.0,0.0,0.0
2026-03-24 04:15:00,6.5,1.12,2.4,100,0.0,0.0,0.0,0.0,63,0.0,0.0,0.0,0.0
2026-03-24 04:30:00,6.3,1.03,2.4,100,0.0,0.0,0.0,0.0,64,0.0,0.0,0.0,0.0
2026-03-24 04:45:00,6.2,0.98,2.3,100,0.0,0.0,0.0,0.0,64,0.0,0.0,0.0,0.0
2026-03-24 05:00:00,6.0,0.95,2.3,100,0.0,0.0,0.0,0.0,65,0.0,0.0,0.0,0.0
2026-03-24 05:15:00,5.9,1.02,2.4,100,0.0,0.0,0.0,0.0,65,0.0,0.0,0.0,0.0
2026-03-24 05:30:00,5.9,1.22,2.6,100,0.0,0.0,0.0,0.0,65,0.0,0.0,0.0,0.0
2026-03-24 05:45:00,5.9,1.3,2.8,100,0.0,0.0,0.0,0.0,65,0.0,0.0,0.0,0.0
2026-03-24 06:00:00,5.8,1.4,2.9,100,0.0,0.0,0.0,0.0,65,0.0,0.0,0.0,0.0
2026-03-24 06:15:00,5.8,1.4,3.0,100,0.0,0.0,0.0,0.0,65,0.0,0.0,0.0,0.0
2026-03-24 06:30:00,5.7,1.32,3.0,100,0.0,0.0,0.0,0.0,65,0.0,0.0,0.0,0.0
2026-03-24 06:45:00,5.6,1.24,3.0,100,0.0,0.0,0.0,0.0,64,0.0,0.0,0.0,0.0
2026-03-24 07:00:00,5.6,1.26,3.1,100,0.0,0.0,0.0,0.0,64,0.0,0.0,0.0,0.0
2026-03-24 07:15:00,5.6,1.36,3.2,100,2.0,0.0,2.0,0.0,64,0.85,0.0,0.0,0.85
2026-03-24 07:30:00,5.7,1.46,3.4,100,13.0,0.0,13.0,0.0,63,5.5249999999999995,0.0,0.0,5.5249999999999995
2026-03-24 07:45:00,5.7,1.58,3.6,100,26.0,0.0,26.0,0.0,63,11.049999999999999,0.0,0.0,11.049999999999999
2026-03-24 08:00:00,5.9,1.68,3.8,100,42.0,0.0,42.0,0.0,62,17.849999999999998,0.0,0.0,17.849999999999998
2026-03-24 08:15:00,6.1,1.8,4.1,100,69.0,12.2,67.0,0.0,61,29.325,0.0,0.0,29.325
2026-03-24 08:30:00,6.4,2.02,4.4,100,85.0,29.6,79.0,0.0,61,36.125,0.0,0.0,36.125
2026-03-24 08:45:00,6.7,2.15,4.7,100,105.0,20.8,100.0,0.0,60,44.625,0.0,0.0,44.625
2026-03-24 09:00:00,7.0,2.28,4.9,100,135.0,54.2,120.0,0.0,59,57.375,0.0,0.0,57.375
2026-03-24 09:15:00,7.3,2.28,5.0,100,189.0,169.7,136.0,0.0,58,80.325,0.0,0.0,80.325
2026-03-24 09:30:00,7.7,2.28,5.1,100,202.0,152.9,149.0,0.0,57,85.85,0.0,0.0,85.85
2026-03-24 09:45:00,8.1,2.25,5.1,100,255.0,284.6,147.0,0.0,56,108.375,0.0,0.0,108.375
2026-03-24 10:00:00,8.4,2.25,5.2,100,257.0,189.8,179.0,0.0,55,109.225,0.0,0.0,109.225
2026-03-24 10:15:00,8.7,2.25,5.3,100,286.0,211.1,193.0,0.0,55,121.55,0.0,0.0,121.55
2026-03-24 10:30:00,8.8,2.28,5.4,100,276.0,138.7,211.0,0.0,57,117.3,0.0,0.0,117.3
2026-03-24 10:45:00,9.1,2.42,5.5,100,339.0,262.9,209.0,0.0,58,144.075,0.0,0.0,144.075
2026-03-24 11:00:00,9.4,2.46,5.7,100,299.0,98.4,248.0,0.0,58,127.075,0.0,0.0,127.075
2026-03-24 11:15:00,9.9,2.59,6.0,98,331.0,137.0,257.0,0.0,57,140.67499999999998,0.0,0.0,140.67499999999998
2026-03-24 11:30:00,10.4,2.73,6.4,95,385.0,228.6,257.0,0.0,56,163.625,0.0,0.0,163.625
2026-03-24 11:45:00,11.1,2.92,6.7,93,450.0,412.4,212.0,0.0,54,191.25,0.0,0.0,191.25
2026-03-24 12:00:00,11.7,2.97,7.0,90,512.0,535.4,195.0,0.0,53,217.6,0.0,0.0,217.6
2026-03-24 12:15:00,12.3,2.94,7.1,92,540.0,597.2,179.0,0.0,52,229.5,0.0,0.0,229.5
2026-03-24 12:30:00,12.9,2.98,7.1,94,532.0,558.2,189.0,0.0,51,226.1,0.0,0.0,226.1
2026-03-24 12:45:00,13.5,2.9,7.0,95,509.0,447.0,231.0,0.0,50,216.325,0.0,0.0,216.325
2026-03-24 13:00:00,14.0,2.97,7.1,97,452.0,315.9,254.0,0.0,48,192.1,0.0,0.0,192.1
2026-03-24 13:15:00,14.4,3.06,7.3,93,435.0,238.5,285.0,0.0,46,184.875,8.888888888888911e-05,0.0,184.87508888888888
2026-03-24 13:30:00,14.8,3.3,7.7,89,434.0,222.7,294.0,0.0,43,184.45,0.01111111111111109,0.0,184.4611111111111
2026-03-24 13:45:00,15.0,3.47,8.0,85,434.0,204.6,306.0,0.0,41,184.45,0.04272551440329224,0.0,184.49272551440328
2026-03-24 14:00:00,15.2,3.64,8.4,81,427.0,201.6,302.0,0.0,39,181.475,0.1078781893004116,0.0,181.5828781893004
2026-03-24 14:15:00,15.3,3.81,8.8,86,490.0,426.5,229.0,0.0,39,208.25,0.2187000000000001,0.0,208.4687
2026-03-24 14:30:00,15.4,3.85,9.2,91,419.0,237.8,276.0,0.0,40,178.075,0.25272633744855977,0.0,178.32772633744855
2026-03-24 14:45:00,15.4,3.94,9.5,95,372.0,207.4,250.0,0.0,40,158.1,0.34180411522633736,0.0,158.44180411522632
2026-03-24 15:00:00,15.4,4.02,9.7,100,347.0,155.4,258.0,0.0,41,147.475,0.43671111111111055,0.0,147.91171111111112
2026-03-24 15:15:00,15.4,4.07,9.7,100,287.0,97.4,233.0,0.0,41,121.975,0.5041329218107,0.0,122.47913292181069
2026-03-24 15:30:00,15.4,4.12,9.5,100,269.0,86.1,223.0,0.0,41,114.325,0.5781596707818931,0.0,114.90315967078189
2026-03-24 15:45:00,15.4,4.08,9.4,99,282.0,115.2,223.0,0.0,40,119.85,0.5184000000000001,0.0,120.3684
2026-03-24 16:00:00,15.4,4.05,9.2,99,251.0,110.8,197.0,0.0,40,106.675,0.47638888888888853,0.0,107.15138888888889
2026-03-24 16:15:00,15.5,3.94,9.1,99,220.0,99.8,174.0,0.0,40,93.5,0.34180411522633736,0.0,93.84180411522634
2026-03-24 16:30:00,15.5,3.75,9.0,100,165.0,23.1,155.0,0.0,39,70.125,0.17361111111111108,0.0,70.29861111111111
2026-03-24 16:45:00,15.6,3.68,8.9,100,167.0,62.1,142.0,0.0,39,70.975,0.12939588477366262,0.0,71.10439588477365
2026-03-24 17:00:00,15.6,3.62,8.9,100,148.0,51.3,129.0,0.0,39,62.9,0.09807736625514409,0.0,62.998077366255146
2026-03-24 17:15:00,15.6,3.7,8.9,100,140.0,47.4,124.0,0.0,39,59.5,0.1411522633744857,0.0,59.64115226337449
2026-03-24 17:30:00,15.5,3.91,9.0,100,130.0,46.2,116.0,0.0,39,55.25,0.3101115226337449,0.0,55.56011152263375
2026-03-24 17:45:00,15.5,4.05,9.1,100,84.0,18.7,79.0,0.0,40,35.699999999999996,0.47638888888888853,0.0,36.17638888888889
2026-03-24 18:00:00,15.4,4.11,9.2,100,83.0,13.0,80.0,0.0,40,35.275,0.5628111111111116,0.0,35.83781111111111
2026-03-24 18:15:00,15.3,3.97,9.3,100,57.0,5.2,56.0,0.0,40,24.224999999999998,0.3755855967078192,0.0,24.600585596707816
2026-03-24 18:30:00,15.1,3.83,9.3,100,47.0,6.5,46.0,0.0,41,19.974999999999998,0.23530329218107002,0.0,20.210303292181067
2026-03-24 18:45:00,15.0,3.69,9.3,100,33.0,0.0,33.0,0.0,41,14.025,0.13518888888888886,0.0,14.16018888888889
2026-03-24 19:00:00,14.8,3.48,9.2,100,19.0,0.0,19.0,0.0,41,8.075,0.0455111111111111,0.0,8.12051111111111
2026-03-24 19:15:00,14.7,3.28,8.9,100,9.0,0.0,9.0,0.0,41,3.8249999999999997,0.00903374485596706,0.0,3.834033744855967
2026-03-24 19:30:00,14.6,3.16,8.5,100,0.0,0.0,0.0,0.0,42,0.0,0.001685596707818935,0.0,0.001685596707818935
2026-03-24 19:45:00,14.5,3.05,8.0,100,0.0,0.0,0.0,0.0,42,0.0,5.144032921810645e-05,0.0,5.144032921810645e-05
2026-03-24 20:00:00,14.4,2.95,7.6,100,0.0,0.0,0.0,0.0,42,0.0,0.0,0.0,0.0
2026-03-24 20:15:00,14.2,2.91,7.2,100,0.0,0.0,0.0,0.0,42,0.0,0.0,0.0,0.0
2026-03-24 20:30:00,14.1,2.91,6.8,100,0.0,0.0,0.0,0.0,42,0.0,0.0,0.0,0.0
2026-03-24 20:45:00,13.9,3.0,6.6,99,0.0,0.0,0.0,0.0,41,0.0,0.0,0.0,0.0
2026-03-24 21:00:00,13.8,3.04,6.6,99,0.0,0.0,0.0,0.0,41,0.0,2.6337448559670858e-05,0.0,2.6337448559670858e-05
2026-03-24 21:15:00,13.7,3.28,7.0,99,0.0,0.0,0.0,0.0,41,0.0,0.00903374485596706,0.0,0.00903374485596706
2026-03-24 21:30:00,13.7,3.64,7.8,100,0.0,0.0,0.0,0.0,41,0.0,0.1078781893004116,0.0,0.1078781893004116
2026-03-24 21:45:00,13.6,3.89,8.6,100,0.0,0.0,0.0,0.0,42,0.0,0.29011069958847746,0.0,0.29011069958847746
2026-03-24 22:00:00,13.6,4.1,9.1,100,0.0,0.0,0.0,0.0,42,0.0,0.5477366255144027,0.0,0.5477366255144027
2026-03-24 22:15:00,13.6,4.04,9.3,100,0.0,0.0,0.0,0.0,42,0.0,0.4629069958847738,0.0,0.4629069958847738
2026-03-24 22:30:00,13.6,3.98,9.4,100,0.0,0.0,0.0,0.0,42,0.0,0.38732181069958843,0.0,0.38732181069958843
2026-03-24 22:45:00,13.6,3.8,9.3,100,0.0,0.0,0.0,0.0,42,0.0,0.21069958847736606,0.0,0.21069958847736606
2026-03-24 23:00:00,13.5,3.69,9.2,100,0.0,0.0,0.0,0.0,43,0.0,0.13518888888888886,0.0,0.13518888888888886
2026-03-24 23:15:00,13.4,3.64,9.0,100,0.0,0.0,0.0,0.0,44,0.0,0.1078781893004116,0.0,0.1078781893004116
2026-03-24 23:30:00,13.1,3.5,8.7,100,0.0,0.0,0.0,0.0,45,0.0,0.051440329218106984,0.0,0.051440329218106984
2026-03-24 23:45:00,12.8,3.45,8.3,100,0.0,0.0,0.0,0.0,47,0.0,0.03750000000000004,0.0,0.03750000000000004
2026-03-25 00:00:00,12.6,3.4,8.1,100,0.0,0.0,0.0,0.0,48,0.0,0.026337448559670757,0.0,0.026337448559670757
2026-03-25 00:15:00,12.5,3.4,8.0,98,0.0,0.0,0.0,0.0,49,0.0,0.026337448559670757,0.0,0.026337448559670757
2026-03-25 00:30:00,12.3,3.49,8.0,96,0.0,0.0,0.0,0.0,50,0.0,0.04841522633744862,0.0,0.04841522633744862
2026-03-25 00:45:00,12.2,3.58,8.0,93,0.0,0.0,0.0,0.0,50,0.0,0.08029300411522637,0.0,0.08029300411522637
2026-03-25 01:00:00,12.1,3.67,8.1,91,0.0,0.0,0.0,0.0,50,0.0,0.12377078189300408,0.0,0.12377078189300408
2026-03-25 01:15:00,12.1,3.76,8.2,93,0.0,0.0,0.0,0.0,49,0.0,0.18064855967078172,0.0,0.18064855967078172
2026-03-25 01:30:00,12.2,3.98,8.4,96,0.0,0.0,0.0,0.0,48,0.0,0.38732181069958843,0.0,0.38732181069958843
2026-03-25 01:45:00,12.2,4.07,8.5,98,0.0,0.0,0.0,0.0,47,0.0,0.5041329218107,0.0,0.5041329218107
2026-03-25 02:00:00,12.2,4.16,8.7,100,0.0,0.0,0.0,0.0,46,0.0,0.642344032921811,0.0,0.642344032921811
2026-03-25 02:15:00,12.1,4.16,8.9,100,0.0,0.0,0.0,0.0,46,0.0,0.642344032921811,0.0,0.642344032921811
2026-03-25 02:30:00,12.0,4.16,9.2,100,0.0,0.0,0.0,0.0,46,0.0,0.642344032921811,0.0,0.642344032921811
2026-03-25 02:45:00,11.9,4.03,9.4,100,0.0,0.0,0.0,0.0,47,0.0,0.4496818930041156,0.0,0.4496818930041156
2026-03-25 03:00:00,11.7,4.03,9.5,100,0.0,0.0,0.0,0.0,47,0.0,0.4496818930041156,0.0,0.4496818930041156
2026-03-25 03:15:00,11.6,3.94,9.4,100,0.0,0.0,0.0,0.0,47,0.0,0.34180411522633736,0.0,0.34180411522633736
2026-03-25 03:30:00,11.4,3.94,9.2,100,0.0,0.0,0.0,0.0,47,0.0,0.34180411522633736,0.0,0.34180411522633736
2026-03-25 03:45:00,11.2,3.85,9.0,100,0.0,0.0,0.0,0.0,47,0.0,0.25272633744855977,0.0,0.25272633744855977
2026-03-25 04:00:00,11.1,3.81,8.8,100,0.0,0.0,0.0,0.0,47,0.0,0.2187000000000001,0.0,0.2187000000000001
2026-03-25 04:15:00,11.1,3.86,8.7,100,0.0,0.0,0.0,0.0,48,0.0,0.26175144032921804,0.0,0.26175144032921804
2026-03-25 04:30:00,11.0,3.86,8.7,100,0.0,0.0,0.0,0.0,48,0.0,0.26175144032921804,0.0,0.26175144032921804
2026-03-25 04:45:00,11.0,3.91,8.8,100,0.0,0.0,0.0,0.0,49,0.0,0.3101115226337449,0.0,0.3101115226337449
2026-03-25 05:00:00,11.0,3.98,8.8,100,0.0,0.0,0.0,0.0,50,0.0,0.38732181069958843,0.0,0.38732181069958843
2026-03-25 05:15:00,10.9,3.96,8.8,100,0.0,0.0,0.0,0.0,51,0.0,0.3640888888888888,0.0,0.3640888888888888
2026-03-25 05:30:00,10.9,4.06,8.8,100,0.0,0.0,0.0,0.0,51,0.0,0.49013004115226283,0.0,0.49013004115226283
2026-03-25 05:45:00,10.8,4.06,8.9,100,0.0,0.0,0.0,0.0,52,0.0,0.49013004115226283,0.0,0.49013004115226283
2026-03-25 06:00:00,10.8,4.08,9.0,100,0.0,0.0,0.0,0.0,52,0.0,0.5184000000000001,0.0,0.5184000000000001
2026-03-25 06:15:00,10.8,4.2,9.2,100,0.0,0.0,0.0,0.0,52,0.0,0.7111111111111115,0.0,0.7111111111111115
2026-03-25 06:30:00,10.8,4.34,9.5,100,0.0,0.0,0.0,0.0,53,0.0,0.9901662551440327,0.0,0.9901662551440327
2026-03-25 06:45:00,10.8,4.49,9.8,100,0.0,0.0,0.0,0.0,53,0.0,1.361295884773663,0.0,1.361295884773663
2026-03-25 07:00:00,10.8,4.65,10.1,100,0.0,0.0,0.0,0.0,53,0.0,1.8486111111111123,0.0,1.8486111111111123
2026-03-25 07:15:00,10.9,4.78,10.4,100,1.0,0.0,1.0,0.0,53,0.425,2.3208855967078197,0.0,2.7458855967078195
2026-03-25 07:30:00,11.1,4.81,10.7,100,10.0,0.0,10.0,0.0,52,4.25,2.4402226337448547,0.0,6.690222633744854
2026-03-25 07:45:00,11.2,4.85,10.9,100,25.0,0.0,25.0,0.0,52,10.625,2.6056069958847723,0.0,13.230606995884772
2026-03-25 08:00:00,11.4,4.94,11.1,100,36.0,0.0,36.0,0.0,51,15.299999999999999,3.0046847736625537,0.0,18.30468477366255
2026-03-25 08:15:00,11.5,5.0,11.2,100,43.0,0.0,43.0,0.0,51,18.275,3.292181069958847,0.0,21.567181069958846
2026-03-25 08:30:00,11.7,5.03,11.2,100,71.0,28.8,65.0,0.0,50,30.175,3.442562551440331,0.0,33.61756255144033
2026-03-25 08:45:00,11.8,5.19,11.2,100,92.0,24.4,86.0,0.0,50,39.1,4.322411111111113,0.0,43.42241111111112
2026-03-25 09:00:00,12.0,5.19,11.3,100,109.0,21.2,103.0,0.0,50,46.324999999999996,4.322411111111113,0.0,50.64741111111111
2026-03-25 09:15:00,12.1,5.19,11.6,100,122.0,18.9,116.0,0.0,50,51.85,4.322411111111113,0.0,56.17241111111112
2026-03-25 09:30:00,12.3,5.24,11.9,100,113.0,17.0,107.0,0.0,50,48.025,4.625277366255145,0.0,52.650277366255146
2026-03-25 09:45:00,12.4,5.28,12.4,100,140.0,15.6,134.0,0.0,49,59.5,4.8775111111111125,0.0,64.37751111111112
2026-03-25 10:00:00,12.6,5.46,12.9,100,147.0,0.0,147.0,0.0,49,62.475,6.12631111111111,0.0,68.60131111111112
2026-03-25 10:15:00,12.7,5.7,13.6,100,154.0,0.0,154.0,0.0,48,65.45,8.100000000000003,0.0,73.55000000000001
2026-03-25 10:30:00,12.9,6.02,14.3,100,143.0,2.1,142.0,0.0,48,60.775,11.334818106995879,0.0,72.10981810699587
2026-03-25 10:45:00,13.0,6.22,15.1,100,121.0,6.0,118.0,0.0,47,51.425,13.739196707818927,0.0,65.16419670781892
2026-03-25 11:00:00,13.1,6.37,15.6,100,100.0,15.3,92.0,0.0,47,42.5,15.750104115226339,0.0,58.250104115226335
2026-03-25 11:15:00,13.0,6.33,15.8,100,142.0,3.7,140.0,0.0,48,60.35,15.195899999999998,0.0,75.5459
2026-03-25 11:30:00,12.9,6.24,15.9,100,152.0,5.3,149.0,0.0,49,64.6,13.996800000000006,0.0,78.5968
2026-03-25 11:45:00,12.8,6.11,15.8,100,156.0,5.1,153.0,0.0,50,66.3,12.378695884773668,0.0,78.67869588477366
2026-03-25 12:00:00,12.7,6.04,15.7,100,103.0,1.7,102.0,0.0,50,43.775,11.56150781893004,0.0,55.33650781893004
2026-03-25 12:15:00,12.6,6.13,15.4,100,112.0,0.0,112.0,0.0,49,47.6,12.619052263374481,0.0,60.21905226337448
2026-03-25 12:30:00,12.6,6.35,15.0,100,130.0,1.6,129.0,0.1,48,55.25,15.471347736625509,0.0,70.7213477366255
2026-03-25 12:45:00,12.6,6.49,14.6,100,235.0,15.9,225.0,0.0,47,99.875,17.493230041152263,0.0,117.36823004115226
2026-03-25 13:00:00,12.6,6.58,14.5,100,358.0,117.1,284.0,0.0,46,152.15,18.88177448559671,0.0,171.0317744855967
2026-03-25 13:15:00,12.6,6.53,14.8,97,351.0,124.6,272.0,0.0,46,149.17499999999998,18.101636625514406,0.0,167.27663662551439
2026-03-25 13:30:00,12.7,6.53,15.4,95,287.0,47.3,257.0,0.0,46,121.975,18.101636625514406,0.0,140.0766366255144
2026-03-25 13:45:00,12.7,6.41,16.1,92,406.0,160.1,305.0,0.0,46,172.54999999999998,16.31762181069959,0.0,188.86762181069957
2026-03-25 14:00:00,12.6,6.32,16.5,89,417.0,211.1,285.0,0.0,47,177.225,15.059410699588481,0.0,192.28441069958848
2026-03-25 14:15:00,12.4,6.4,16.7,92,338.0,131.3,257.0,0.0,48,143.65,16.174485596707825,0.0,159.82448559670783
2026-03-25 14:30:00,12.0,6.7,16.7,95,326.0,108.8,260.0,0.0,50,138.54999999999998,20.844855967078196,0.0,159.39485596707817
2026-03-25 14:45:00,11.6,7.22,16.7,97,428.0,369.2,209.0,0.0,51,181.9,30.92652181069958,0.0,212.82652181069957
2026-03-25 15:00:00,11.3,7.47,16.5,100,216.0,17.3,206.0,0.0,52,91.8,36.75498888888888,0.0,128.5549888888889
2026-03-25 15:15:00,11.2,7.24,16.2,96,323.0,250.2,183.0,0.0,51,137.275,31.368322633744864,0.0,168.64332263374487
2026-03-25 15:30:00,11.3,6.61,15.7,92,359.0,348.6,171.0,0.0,49,152.575,19.360444855967085,0.0,171.93544485596706
2026-03-25 15:45:00,11.3,5.92,15.1,88,440.0,528.1,167.0,0.0,47,187.0,10.245715226337447,0.0,197.24571522633744
2026-03-25 16:00:00,11.3,5.36,14.6,84,390.0,471.2,158.0,0.0,47,165.75,5.409158847736627,0.0,171.15915884773662
2026-03-25 16:15:00,11.1,4.9,14.0,86,259.0,216.8,158.0,0.0,49,110.075,2.822633744855968,0.0,112.89763374485597
2026-03-25 16:30:00,10.8,4.55,13.5,88,183.0,112.0,134.0,0.0,53,77.77499999999999,1.5324588477366248,0.0,79.30745884773661
2026-03-25 16:45:00,10.6,4.22,12.9,89,230.0,135.1,175.0,0.0,57,97.75,0.7472625514403289,0.0,98.49726255144033
2026-03-25 17:00:00,10.4,4.0,12.3,91,206.0,109.2,165.0,0.0,59,87.55,0.41152263374485587,0.0,87.96152263374485
2026-03-25 17:15:00,10.4,3.91,11.8,93,142.0,70.1,118.0,0.0,59,60.35,0.3101115226337449,0.0,60.66011152263375
2026-03-25 17:30:00,10.4,4.04,11.2,95,109.0,45.5,95.0,0.0,57,46.324999999999996,0.4629069958847738,0.0,46.78790699588477
2026-03-25 17:45:00,10.5,4.08,10.8,97,144.0,99.4,117.0,0.0,55,61.199999999999996,0.5184000000000001,0.0,61.718399999999995
2026-03-25 18:00:00,10.4,4.2,10.4,99,123.0,144.8,89.0,0.0,55,52.275,0.7111111111111115,0.0,52.98611111111111
2026-03-25 18:15:00,10.1,4.26,10.2,99,68.0,55.8,57.0,0.0,57,28.9,0.8231999999999997,0.0,29.7232
2026-03-25 18:30:00,9.6,4.2,10.0,100,47.0,18.9,44.0,0.1,59,19.974999999999998,0.7111111111111115,0.0,20.68611111111111
2026-03-25 18:45:00,9.1,4.3,9.9,100,40.0,33.5,36.0,0.0,63,17.0,0.9041152263374483,0.0,17.90411522633745
2026-03-25 19:00:00,8.7,4.33,10.0,100,13.0,0.0,13.0,0.1,65,5.5249999999999995,0.9681633744855968,0.0,6.493163374485596
2026-03-25 19:15:00,8.4,4.23,10.4,100,6.0,0.0,6.0,0.0,67,2.55,0.7657888888888896,0.0,3.3157888888888896
2026-03-25 19:30:00,8.1,4.11,10.9,100,1.0,0.0,1.0,0.0,68,0.425,0.5628111111111116,0.0,0.9878111111111116
2026-03-25 19:45:00,7.9,4.0,11.4,100,0.0,0.0,0.0,0.0,69,0.0,0.41152263374485587,0.0,0.41152263374485587
2026-03-25 20:00:00,7.7,3.8,11.5,100,0.0,0.0,0.0,0.1,70,0.0,0.21069958847736606,0.0,0.21069958847736606
2026-03-25 20:15:00,7.5,3.61,10.9,100,0.0,0.0,0.0,0.0,71,0.0,0.09340781893004112,0.0,0.09340781893004112
2026-03-25 20:30:00,7.4,3.41,9.9,100,0.0,0.0,0.0,0.0,73,0.0,0.02836255144032925,0.0,0.02836255144032925
2026-03-25 20:45:00,7.3,3.21,8.9,100,0.0,0.0,0.0,0.0,74,0.0,0.00381111111111111,0.0,0.00381111111111111
2026-03-25 21:00:00,7.2,3.13,8.1,100,0.0,0.0,0.0,0.0,75,0.0,0.0009041152263374465,0.0,0.0009041152263374465
2026-03-25 21:15:00,7.1,3.13,7.7,98,0.0,0.0,0.0,0.0,76,0.0,0.0009041152263374465,0.0,0.0009041152263374465
2026-03-25 21:30:00,7.1,3.13,7.5,97,0.0,0.0,0.0,0.0,76,0.0,0.0009041152263374465,0.0,0.0009041152263374465
2026-03-25 21:45:00,7.0,3.13,7.4,95,0.0,0.0,0.0,0.0,76,0.0,0.0009041152263374465,0.0,0.0009041152263374465
2026-03-25 22:00:00,6.9,3.24,7.4,93,0.0,0.0,0.0,0.0,76,0.0,0.005688888888888903,0.0,0.005688888888888903
2026-03-25 22:15:00,6.8,3.37,7.5,91,0.0,0.0,0.0,0.0,74,0.0,0.02084485596707821,0.0,0.02084485596707821
2026-03-25 22:30:00,6.7,3.52,7.7,88,0.0,0.0,0.0,0.0,72,0.0,0.057863374485596725,0.0,0.057863374485596725
2026-03-25 22:45:00,6.6,3.67,7.9,86,0.0,0.0,0.0,0.0,69,0.0,0.12377078189300408,0.0,0.12377078189300408
2026-03-25 23:00:00,6.4,3.7,8.1,83,0.0,0.0,0.0,0.0,68,0.0,0.1411522633744857,0.0,0.1411522633744857
2026-03-25 23:15:00,6.2,3.57,8.2,84,0.0,0.0,0.0,0.0,69,0.0,0.07621111111111104,0.0,0.07621111111111104
2026-03-25 23:30:00,6.0,3.45,8.2,85,0.0,0.0,0.0,0.0,70,0.0,0.03750000000000004,0.0,0.03750000000000004
2026-03-25 23:45:00,5.8,3.3,8.1,85,0.0,0.0,0.0,0.0,72,0.0,0.01111111111111109,0.0,0.01111111111111109
2026-03-26 00:00:00,5.6,3.06,8.0,86,0.0,0.0,0.0,0.0,74,0.0,8.888888888888911e-05,0.0,8.888888888888911e-05
2026-03-26 00:15:00,5.4,2.83,7.7,65,0.0,0.0,0.0,0.0,75,0.0,0.0,0.0,0.0
2026-03-26 00:30:00,5.3,2.52,7.3,44,0.0,0.0,0.0,0.0,75,0.0,0.0,0.0,0.0
2026-03-26 00:45:00,5.1,2.3,6.9,23,0.0,0.0,0.0,0.0,76,0.0,0.0,0.0,0.0
2026-03-26 01:00:00,5.0,2.2,6.6,2,0.0,0.0,0.0,0.0,76,0.0,0.0,0.0,0.0
2026-03-26 01:15:00,4.8,2.31,6.4,23,0.0,0.0,0.0,0.0,77,0.0,0.0,0.0,0.0
2026-03-26 01:30:00,4.6,2.52,6.3,44,0.0,0.0,0.0,0.0,77,0.0,0.0,0.0,0.0
2026-03-26 01:45:00,4.4,2.73,6.2,65,0.0,0.0,0.0,0.0,78,0.0,0.0,0.0,0.0
2026-03-26 02:00:00,4.2,2.94,6.2,86,0.0,0.0,0.0,0.0,78,0.0,0.0,0.0,0.0
2026-03-26 02:15:00,4.0,3.04,6.3,65,0.0,0.0,0.0,0.0,78,0.0,2.6337448559670858e-05,0.0,2.6337448559670858e-05
2026-03-26 02:30:00,3.9,3.13,6.6,43,0.0,0.0,0.0,0.0,78,0.0,0.0009041152263374465,0.0,0.0009041152263374465
2026-03-26 02:45:00,3.8,3.21,6.8,22,0.0,0.0,0.0,0.0,78,0.0,0.00381111111111111,0.0,0.00381111111111111
2026-03-26 03:00:00,3.7,3.31,7.0,0,0.0,0.0,0.0,0.0,78,0.0,0.01225967078189301,0.0,0.01225967078189301
2026-03-26 03:15:00,3.6,3.31,7.1,0,0.0,0.0,0.0,0.0,79,0.0,0.01225967078189301,0.0,0.01225967078189301
2026-03-26 03:30:00,3.6,3.4,7.2,0,0.0,0.0,0.0,0.0,80,0.0,0.026337448559670757,0.0,0.026337448559670757
2026-03-26 03:45:00,3.5,3.4,7.3,0,0.0,0.0,0.0,0.0,81,0.0,0.026337448559670757,0.0,0.026337448559670757
2026-03-26 04:00:00,3.4,3.4,7.3,0,0.0,0.0,0.0,0.0,82,0.0,0.026337448559670757,0.0,0.026337448559670757
2026-03-26 04:15:00,3.3,3.4,7.3,1,0.0,0.0,0.0,0.0,82,0.0,0.026337448559670757,0.0,0.026337448559670757
2026-03-26 04:30:00,3.2,3.5,7.3,2,0.0,0.0,0.0,0.0,82,0.0,0.051440329218106984,0.0,0.051440329218106984
2026-03-26 04:45:00,3.0,3.5,7.3,3,0.0,0.0,0.0,0.0,82,0.0,0.051440329218106984,0.0,0.051440329218106984
2026-03-26 05:00:00,2.9,3.5,7.3,4,0.0,0.0,0.0,0.0,82,0.0,0.051440329218106984,0.0,0.051440329218106984
2026-03-26 05:15:00,2.8,3.5,7.4,28,0.0,0.0,0.0,0.0,82,0.0,0.051440329218106984,0.0,0.051440329218106984
2026-03-26 05:30:00,2.7,3.61,7.5,52,0.0,0.0,0.0,0.0,83,0.0,0.09340781893004112,0.0,0.09340781893004112
2026-03-26 05:45:00,2.6,3.61,7.6,76,0.0,0.0,0.0,0.0,83,0.0,0.09340781893004112,0.0,0.09340781893004112
2026-03-26 06:00:00,2.5,3.62,7.7,100,0.0,0.0,0.0,0.0,84,0.0,0.09807736625514409,0.0,0.09807736625514409
2026-03-26 06:15:00,2.4,3.62,7.8,100,0.0,0.0,0.0,0.0,85,0.0,0.09807736625514409,0.0,0.09807736625514409
2026-03-26 06:30:00,2.3,3.51,7.9,100,0.0,0.0,0.0,0.0,86,0.0,0.05458888888888882,0.0,0.05458888888888882
2026-03-26 06:45:00,2.2,3.5,8.0,99,0.0,0.0,0.0,0.0,87,0.0,0.051440329218106984,0.0,0.051440329218106984
2026-03-26 07:00:00,2.2,3.5,8.0,99,0.0,0.0,0.0,0.0,87,0.0,0.051440329218106984,0.0,0.051440329218106984
2026-03-26 07:15:00,2.3,3.51,7.9,97,6.0,28.6,5.0,0.0,87,2.55,0.05458888888888882,0.0,2.604588888888889
2026-03-26 07:30:00,2.4,3.61,7.7,96,21.0,34.4,19.0,0.0,87,8.924999999999999,0.09340781893004112,0.0,9.01840781893004
2026-03-26 07:45:00,2.5,3.73,7.6,94,43.0,81.8,35.0,0.0,86,18.275,0.1600893004115226,0.0,18.435089300411523
2026-03-26 08:00:00,2.7,3.75,7.5,92,61.0,94.7,48.0,0.0,85,25.925,0.17361111111111108,0.0,26.09861111111111
2026-03-26 08:15:00,2.9,3.75,7.5,91,76.0,96.5,59.0,0.0,84,32.3,0.17361111111111108,0.0,32.47361111111111
2026-03-26 08:30:00,3.1,3.73,7.5,89,131.0,237.7,80.0,0.0,83,55.675,0.1600893004115226,0.0,55.83508930041152
2026-03-26 08:45:00,3.3,3.72,7.6,88,161.0,257.8,96.0,0.0,82,68.425,0.1536000000000001,0.0,68.5786
2026-03-26 09:00:00,3.6,3.72,7.9,86,181.0,235.5,113.0,0.0,80,76.925,0.1536000000000001,0.0,77.0786
2026-03-26 09:15:00,3.9,3.85,8.4,81,177.0,154.2,127.0,0.0,77,75.225,0.25272633744855977,0.0,75.47772633744856
2026-03-26 09:30:00,4.3,4.1,9.2,75,271.0,449.0,110.0,0.0,73,115.175,0.5477366255144027,0.0,115.7227366255144
2026-03-26 09:45:00,4.7,4.37,9.9,70,302.0,457.3,123.0,0.0,70,128.35,1.058169958847737,0.0,129.40816995884774
2026-03-26 10:00:00,5.1,4.52,10.4,64,238.0,177.4,163.0,0.0,67,101.14999999999999,1.4451884773662538,0.0,102.59518847736625
2026-03-26 10:15:00,5.3,4.65,10.6,59,353.0,389.1,177.0,0.0,66,150.025,1.8486111111111123,0.0,151.87361111111113
2026-03-26 10:30:00,5.5,4.65,10.7,54,324.0,249.9,204.0,0.0,66,137.7,1.8486111111111123,0.0,139.54861111111111
2026-03-26 10:45:00,5.7,4.62,10.7,49,350.0,334.0,181.0,0.0,66,148.75,1.7496000000000007,0.0,150.4996
2026-03-26 11:00:00,5.9,4.62,10.7,44,403.0,415.2,183.0,0.0,65,171.275,1.7496000000000007,0.0,173.0246
2026-03-26 11:15:00,6.2,4.71,10.7,55,395.0,351.7,201.0,0.0,63,167.875,2.0577,0.0,169.9327
2026-03-26 11:30:00,6.5,4.81,10.7,66,377.0,351.9,176.0,0.0,60,160.225,2.4402226337448547,0.0,162.66522263374486
2026-03-26 11:45:00,6.8,4.9,10.7,76,345.0,200.6,227.0,0.0,58,146.625,2.822633744855968,0.0,149.44763374485598
2026-03-26 12:00:00,7.1,4.88,10.7,87,434.0,368.1,212.0,0.0,56,184.45,2.734432921810699,0.0,187.1844329218107
2026-03-26 12:15:00,7.2,4.73,10.7,90,290.0,180.3,179.0,0.0,55,123.25,2.130747736625516,0.0,125.38074773662552
2026-03-26 12:30:00,7.4,4.59,10.7,94,481.0,395.0,234.0,0.0,55,204.42499999999998,1.654188888888888,0.0,206.07918888888886
2026-03-26 12:45:00,7.4,4.44,10.7,97,432.0,264.0,265.0,0.0,56,183.6,1.2288000000000008,0.0,184.8288
2026-03-26 13:00:00,7.5,4.23,10.6,100,227.0,61.2,188.0,0.0,56,96.475,0.7657888888888896,0.0,97.24078888888889
2026-03-26 13:15:00,7.4,4.04,10.3,100,267.0,68.8,223.0,0.0,56,113.475,0.4629069958847738,0.0,113.93790699588477
2026-03-26 13:30:00,7.3,3.88,10.0,100,156.0,14.1,147.0,0.0,57,66.3,0.2804411522633744,0.0,66.58044115226338
2026-03-26 13:45:00,7.2,3.76,9.6,100,152.0,45.6,123.0,0.0,57,64.6,0.18064855967078172,0.0,64.78064855967078
2026-03-26 14:00:00,7.1,3.7,9.4,100,349.0,128.5,268.0,0.0,57,148.325,0.1411522633744857,0.0,148.46615226337448
2026-03-26 14:15:00,7.2,3.7,9.3,100,263.0,106.1,197.0,0.0,57,111.77499999999999,0.1411522633744857,0.0,111.91615226337447
2026-03-26 14:30:00,7.3,3.76,9.4,100,348.0,202.8,224.0,0.0,56,147.9,0.18064855967078172,0.0,148.08064855967078
2026-03-26 14:45:00,7.4,3.91,9.5,100,210.0,51.8,179.0,0.0,55,89.25,0.3101115226337449,0.0,89.56011152263375
2026-03-26 15:00:00,7.6,3.91,9.5,100,361.0,182.0,255.0,0.0,54,153.42499999999998,0.3101115226337449,0.0,153.73511152263373
2026-03-26 15:15:00,7.8,3.93,9.4,100,317.0,148.8,233.0,0.0,52,134.725,0.33101111111111126,0.0,135.0560111111111
2026-03-26 15:30:00,8.0,3.89,9.2,100,279.0,191.1,175.0,0.0,51,118.575,0.29011069958847746,0.0,118.86511069958848
2026-03-26 15:45:00,8.1,3.73,9.2,100,259.0,197.4,156.0,0.0,49,110.075,0.1600893004115226,0.0,110.23508930041153
2026-03-26 16:00:00,8.0,3.72,9.4,100,407.0,448.6,184.0,0.0,50,172.975,0.1536000000000001,0.0,173.1286
2026-03-26 16:15:00,7.6,3.58,10.3,100,246.0,216.8,144.0,0.0,54,104.55,0.08029300411522637,0.0,104.63029300411522
2026-03-26 16:30:00,6.9,3.54,11.6,100,101.0,40.7,83.0,0.1,61,42.925,0.06480000000000001,0.0,42.989799999999995
2026-03-26 16:45:00,6.2,3.36,12.7,100,134.0,55.8,111.0,0.4,68,56.949999999999996,0.019199999999999984,0.0,56.969199999999994
2026-03-26 17:00:00,5.8,3.33,13.2,100,79.0,10.5,75.0,0.2,71,33.574999999999996,0.014788888888888898,0.0,33.58978888888888
2026-03-26 17:15:00,5.8,3.38,12.6,99,201.0,216.3,126.0,0.0,69,85.425,0.022581069958847715,0.0,85.44758106995884
2026-03-26 17:30:00,6.2,3.61,11.2,98,208.0,294.8,116.0,0.0,64,88.39999999999999,0.09340781893004112,0.0,88.49340781893004
2026-03-26 17:45:00,6.6,3.74,9.7,97,208.0,434.4,88.0,0.0,59,88.39999999999999,0.1667588477366257,0.0,88.56675884773662
2026-03-26 18:00:00,6.9,3.88,8.7,96,154.0,275.7,88.0,0.0,55,65.45,0.2804411522633744,0.0,65.73044115226338
2026-03-26 18:15:00,6.9,3.88,8.4,93,110.0,218.3,66.0,0.0,53,46.75,0.2804411522633744,0.0,47.03044115226337
2026-03-26 18:30:00,6.8,3.88,8.6,90,95.0,226.9,58.0,0.0,53,40.375,0.2804411522633744,0.0,40.65544115226337
2026-03-26 18:45:00,6.7,3.74,8.8,87,64.0,96.8,52.0,0.0,53,27.2,0.1667588477366257,0.0,27.366758847736627
2026-03-26 19:00:00,6.6,3.55,8.8,84,40.0,82.8,33.0,0.0,53,17.0,0.06846707818930034,0.0,17.0684670781893
2026-03-26 19:15:00,6.4,3.14,8.6,70,18.0,41.4,16.0,0.0,54,7.6499999999999995,0.0011292181069958876,0.0,7.651129218106996
2026-03-26 19:30:00,6.2,2.59,8.4,56,2.0,0.0,2.0,0.0,55,0.85,0.0,0.0,0.85
2026-03-26 19:45:00,6.0,2.06,8.0,41,0.0,0.0,0.0,0.0,56,0.0,0.0,0.0,0.0
2026-03-26 20:00:00,5.8,1.68,7.5,27,0.0,0.0,0.0,0.0,57,0.0,0.0,0.0,0.0
2026-03-26 20:15:00,5.7,1.51,6.6,20,0.0,0.0,0.0,0.0,58,0.0,0.0,0.0,0.0
2026-03-26 20:30:00,5.6,1.5,5.3,14,0.0,0.0,0.0,0.0,59,0.0,0.0,0.0,0.0
2026-03-26 20:45:00,5.5,1.63,4.2,7,0.0,0.0,0.0,0.0,60,0.0,0.0,0.0,0.0
2026-03-26 21:00:00,5.3,1.73,3.6,0,0.0,0.0,0.0,0.0,60,0.0,0.0,0.0,0.0
2026-03-26 21:15:00,5.2,1.9,3.8,0,0.0,0.0,0.0,0.0,60,0.0,0.0,0.0,0.0
2026-03-26 21:30:00,5.0,2.12,4.4,0,0.0,0.0,0.0,0.0,59,0.0,0.0,0.0,0.0
2026-03-26 21:45:00,4.8,2.53,5.3,0,0.0,0.0,0.0,0.0,58,0.0,0.0,0.0,0.0
2026-03-26 22:00:00,4.6,2.73,5.9,0,0.0,0.0,0.0,0.0,57,0.0,0.0,0.0,0.0
2026-03-26 22:15:00,4.3,2.82,6.3,0,0.0,0.0,0.0,0.0,57,0.0,0.0,0.0,0.0
2026-03-26 22:30:00,4.0,2.73,6.6,0,0.0,0.0,0.0,0.0,57,0.0,0.0,0.0,0.0
2026-03-26 22:45:00,3.7,2.61,6.9,0,0.0,0.0,0.0,0.0,57,0.0,0.0,0.0,0.0
2026-03-26 23:00:00,3.5,2.61,7.1,0,0.0,0.0,0.0,0.0,57,0.0,0.0,0.0,0.0
2026-03-26 23:15:00,3.3,2.83,7.2,0,0.0,0.0,0.0,0.0,57,0.0,0.0,0.0,0.0
2026-03-26 23:30:00,3.1,3.05,7.2,0,0.0,0.0,0.0,0.0,58,0.0,5.144032921810645e-05,0.0,5.144032921810645e-05
2026-03-26 23:45:00,2.9,3.28,7.2,0,0.0,0.0,0.0,0.0,58,0.0,0.00903374485596706,0.0,0.00903374485596706
2026-03-27 00:00:00,2.7,3.36,7.2,0,0.0,0.0,0.0,0.0,59,0.0,0.019199999999999984,0.0,0.019199999999999984
2026-03-27 00:15:00,2.5,3.14,7.2,0,0.0,0.0,0.0,0.0,60,0.0,0.0011292181069958876,0.0,0.0011292181069958876
2026-03-27 00:30:00,2.3,2.64,7.3,0,0.0,0.0,0.0,0.0,62,0.0,0.0,0.0,0.0
2026-03-27 00:45:00,2.1,2.15,7.2,0,0.0,0.0,0.0,0.0,64,0.0,0.0,0.0,0.0
2026-03-27 01:00:00,2.0,1.79,6.9,0,0.0,0.0,0.0,0.0,65,0.0,0.0,0.0,0.0
2026-03-27 01:15:00,1.8,1.62,6.2,0,0.0,0.0,0.0,0.0,66,0.0,0.0,0.0,0.0
2026-03-27 01:30:00,1.7,1.65,5.2,0,0.0,0.0,0.0,0.0,66,0.0,0.0,0.0,0.0
2026-03-27 01:45:00,1.5,1.6,4.1,0,0.0,0.0,0.0,0.0,66,0.0,0.0,0.0,0.0
2026-03-27 02:00:00,1.4,1.7,3.5,0,0.0,0.0,0.0,0.0,66,0.0,0.0,0.0,0.0
2026-03-27 02:15:00,1.2,1.7,3.3,0,0.0,0.0,0.0,0.0,67,0.0,0.0,0.0,0.0
2026-03-27 02:30:00,1.1,1.7,3.5,0,0.0,0.0,0.0,0.0,68,0.0,0.0,0.0,0.0
2026-03-27 02:45:00,0.9,1.7,3.7,0,0.0,0.0,0.0,0.0,69,0.0,0.0,0.0,0.0
2026-03-27 03:00:00,0.8,1.8,4.0,0,0.0,0.0,0.0,0.0,69,0.0,0.0,0.0,0.0
2026-03-27 03:15:00,0.7,2.0,4.3,4,0.0,0.0,0.0,0.0,69,0.0,0.0,0.0,0.0
2026-03-27 03:30:00,0.7,2.22,4.7,9,0.0,0.0,0.0,0.0,68,0.0,0.0,0.0,0.0
2026-03-27 03:45:00,0.6,2.45,5.1,13,0.0,0.0,0.0,0.0,67,0.0,0.0,0.0,0.0
2026-03-27 04:00:00,0.5,2.55,5.4,17,0.0,0.0,0.0,0.0,67,0.0,0.0,0.0,0.0
2026-03-27 04:15:00,0.3,2.32,5.5,13,0.0,0.0,0.0,0.0,68,0.0,0.0,0.0,0.0
2026-03-27 04:30:00,0.2,2.0,5.6,9,0.0,0.0,0.0,0.0,69,0.0,0.0,0.0,0.0
2026-03-27 04:45:00,0.0,1.65,5.5,4,0.0,0.0,0.0,0.0,70,0.0,0.0,0.0,0.0
2026-03-27 05:00:00,-0.1,1.57,5.4,0,0.0,0.0,0.0,0.0,71,0.0,0.0,0.0,0.0
2026-03-27 05:15:00,-0.2,1.61,5.1,0,0.0,0.0,0.0,0.0,72,0.0,0.0,0.0,0.0
2026-03-27 05:30:00,-0.3,1.66,4.7,0,0.0,0.0,0.0,0.0,74,0.0,0.0,0.0,0.0
2026-03-27 05:45:00,-0.4,1.84,4.3,0,0.0,0.0,0.0,0.0,76,0.0,0.0,0.0,0.0
2026-03-27 06:00:00,-0.5,1.84,4.0,0,0.0,0.0,0.0,0.0,77,0.0,0.0,0.0,0.0
2026-03-27 06:15:00,-0.5,1.75,3.9,10,0.0,0.0,0.0,0.0,78,0.0,0.0,0.0,0.0
2026-03-27 06:30:00,-0.6,1.72,3.9,21,0.0,0.0,0.0,0.0,79,0.0,0.0,0.0,0.0
2026-03-27 06:45:00,-0.6,1.64,3.9,31,0.0,0.0,0.0,0.0,80,0.0,0.0,0.0,0.0
2026-03-27 07:00:00,-0.6,1.64,4.0,41,0.0,0.0,0.0,0.0,81,0.0,0.0,0.0,0.0
2026-03-27 07:15:00,-0.6,1.64,4.0,56,9.0,26.3,8.0,0.0,82,3.8249999999999997,0.0,0.0,3.8249999999999997
2026-03-27 07:30:00,-0.6,1.66,4.1,71,26.0,46.7,23.0,0.0,82,11.049999999999999,0.0,0.0,11.049999999999999
2026-03-27 07:45:00,-0.6,1.84,4.2,85,50.0,96.2,40.0,0.0,83,21.25,0.0,0.0,21.25
2026-03-27 08:00:00,-0.5,1.88,4.3,100,55.0,48.8,48.0,0.0,83,23.375,0.0,0.0,23.375
2026-03-27 08:15:00,-0.3,2.02,4.5,93,57.0,27.4,52.0,0.0,83,24.224999999999998,0.0,0.0,24.224999999999998
2026-03-27 08:30:00,-0.0,2.21,4.9,87,111.0,149.5,78.0,0.0,82,47.175,0.0,0.0,47.175
2026-03-27 08:45:00,0.3,2.38,5.2,80,143.0,182.0,96.0,0.0,82,60.775,0.0,0.0,60.775
2026-03-27 09:00:00,0.6,2.45,5.4,73,173.0,203.5,113.0,0.0,81,73.52499999999999,0.0,0.0,73.52499999999999
2026-03-27 09:15:00,0.8,2.53,5.5,73,194.0,205.9,126.0,0.0,81,82.45,0.0,0.0,82.45
2026-03-27 09:30:00,1.1,2.52,5.6,73,221.0,244.1,132.0,0.0,80,93.925,0.0,0.0,93.925
2026-03-27 09:45:00,1.3,2.5,5.7,73,239.0,211.4,155.0,0.0,80,101.575,0.0,0.0,101.575
2026-03-27 10:00:00,1.7,2.5,5.7,73,274.0,238.0,172.0,0.0,79,116.45,0.0,0.0,116.45
2026-03-27 10:15:00,2.1,2.5,5.8,77,319.0,294.6,184.0,0.0,78,135.575,0.0,0.0,135.575
2026-03-27 10:30:00,2.6,2.51,5.8,82,342.0,341.6,176.0,0.0,77,145.35,0.0,0.0,145.35
2026-03-27 10:45:00,3.1,2.51,5.8,86,381.0,359.5,197.0,0.0,76,161.92499999999998,0.0,0.0,161.92499999999998
2026-03-27 11:00:00,3.6,2.52,5.9,90,345.0,255.8,208.0,0.0,74,146.625,0.0,0.0,146.625
2026-03-27 11:15:00,4.0,2.53,6.0,85,350.0,211.7,232.0,0.0,72,148.75,0.0,0.0,148.75
2026-03-27 11:30:00,4.5,2.53,6.1,80,372.0,253.1,226.0,0.0,70,158.1,0.0,0.0,158.1
2026-03-27 11:45:00,4.9,2.63,6.2,75,459.0,365.4,242.0,0.0,68,195.075,0.0,0.0,195.075
2026-03-27 12:00:00,5.3,2.65,6.4,70,496.0,405.8,249.0,0.0,66,210.79999999999998,0.0,0.0,210.79999999999998
2026-03-27 12:15:00,5.6,2.77,6.6,76,510.0,450.9,230.0,0.0,64,216.75,0.0,0.0,216.75
2026-03-27 12:30:00,5.9,2.89,6.8,81,514.0,477.2,213.0,0.0,62,218.45,0.0,0.0,218.45
2026-03-27 12:45:00,6.2,2.98,7.1,87,524.0,456.1,233.0,0.0,60,222.7,0.0,0.0,222.7
2026-03-27 13:00:00,6.4,3.1,7.3,92,460.0,311.2,260.0,0.0,58,195.5,0.000411522633744857,0.0,195.50041152263375
2026-03-27 13:15:00,6.5,3.1,7.5,93,343.0,139.6,253.0,0.0,57,145.775,0.000411522633744857,0.0,145.77541152263376
2026-03-27 13:30:00,6.7,3.01,7.7,94,220.0,54.3,185.0,0.0,57,93.5,4.115226337448297e-07,0.0,93.50000041152263
2026-03-27 13:45:00,6.8,3.04,7.8,94,240.0,110.7,169.0,0.0,57,102.0,2.6337448559670858e-05,0.0,102.00002633744856
2026-03-27 14:00:00,6.9,2.94,7.9,95,556.0,555.5,203.0,0.0,56,236.29999999999998,0.0,0.0,236.29999999999998
2026-03-27 14:15:00,7.0,2.97,7.9,96,342.0,196.1,219.0,0.0,55,145.35,0.0,0.0,145.35
2026-03-27 14:30:00,7.2,3.01,7.8,98,234.0,55.2,200.0,0.0,53,99.45,4.115226337448297e-07,0.0,99.45000041152264
2026-03-27 14:45:00,7.3,3.05,7.7,99,406.0,303.4,223.0,0.0,52,172.54999999999998,5.144032921810645e-05,0.0,172.5500514403292
2026-03-27 15:00:00,7.4,3.0,7.6,100,369.0,304.7,190.0,0.0,51,156.825,0.0,0.0,156.825
2026-03-27 15:15:00,7.5,2.91,7.6,92,185.0,68.5,146.0,0.0,51,78.625,0.0,0.0,78.625
2026-03-27 15:30:00,7.6,2.77,7.5,83,193.0,114.7,130.0,0.0,51,82.02499999999999,0.0,0.0,82.02499999999999
2026-03-27 15:45:00,7.6,2.55,7.5,75,456.0,543.2,170.0,0.0,52,193.79999999999998,0.0,0.0,193.79999999999998
2026-03-27 16:00:00,7.7,2.33,7.4,66,436.0,536.0,167.0,0.0,51,185.29999999999998,0.0,0.0,185.29999999999998
2026-03-27 16:15:00,7.8,2.06,7.3,63,360.0,410.3,165.0,0.0,49,153.0,0.0,0.0,153.0
2026-03-27 16:30:00,7.9,1.86,7.1,60,322.0,355.8,163.0,0.0,46,136.85,0.0,0.0,136.85
2026-03-27 16:45:00,8.1,1.77,6.9,57,342.0,496.9,135.0,0.0,44,145.35,0.0,0.0,145.35
2026-03-27 17:00:00,8.2,1.63,6.6,54,281.0,369.1,139.0,0.0,42,119.425,0.0,0.0,119.425
2026-03-27 17:15:00,8.3,1.49,6.0,66,258.0,364.2,130.0,0.0,42,109.64999999999999,0.0,0.0,109.64999999999999
2026-03-27 17:30:00,8.3,1.48,5.2,77,203.0,255.7,122.0,0.0,42,86.27499999999999,0.0,0.0,86.27499999999999
2026-03-27 17:45:00,8.4,1.55,4.5,89,116.0,78.3,94.0,0.0,43,49.3,0.0,0.0,49.3
2026-03-27 18:00:00,8.4,1.63,4.1,100,75.0,0.0,75.0,0.0,43,31.875,0.0,0.0,31.875
2026-03-27 18:15:00,8.4,1.71,4.3,75,55.0,9.7,53.0,0.0,41,23.375,0.0,0.0,23.375
2026-03-27 18:30:00,8.3,2.06,4.8,50,59.0,59.6,49.0,0.0,39,25.075,0.0,0.0,25.075
2026-03-27 18:45:00,8.2,2.41,5.4,25,42.0,31.1,38.0,0.0,36,17.849999999999998,0.0,0.0,17.849999999999998
2026-03-27 19:00:00,8.1,2.58,5.8,0,36.0,78.5,29.0,0.0,35,15.299999999999999,0.0,0.0,15.299999999999999
2026-03-27 19:15:00,8.0,2.36,5.9,18,22.0,98.8,17.0,0.0,36,9.35,0.0,0.0,9.35
2026-03-27 19:30:00,7.9,1.91,5.9,36,4.0,0.0,3.0,0.0,38,1.7,0.0,0.0,1.7
2026-03-27 19:45:00,7.7,1.36,5.7,54,0.0,0.0,0.0,0.0,40,0.0,0.0,0.0,0.0
2026-03-27 20:00:00,7.6,1.08,5.3,72,0.0,0.0,0.0,0.0,42,0.0,0.0,0.0,0.0
2026-03-27 20:15:00,7.5,0.91,4.6,72,0.0,0.0,0.0,0.0,43,0.0,0.0,0.0,0.0
2026-03-27 20:30:00,7.5,0.91,3.6,73,0.0,0.0,0.0,0.0,44,0.0,0.0,0.0,0.0
2026-03-27 20:45:00,7.4,0.92,2.7,73,0.0,0.0,0.0,0.0,44,0.0,0.0,0.0,0.0
2026-03-27 21:00:00,7.3,0.95,2.2,73,0.0,0.0,0.0,0.0,45,0.0,0.0,0.0,0.0
2026-03-27 21:15:00,7.2,1.04,2.2,67,0.0,0.0,0.0,0.0,46,0.0,0.0,0.0,0.0
2026-03-27 21:30:00,7.1,1.22,2.6,62,0.0,0.0,0.0,0.0,46,0.0,0.0,0.0,0.0
2026-03-27 21:45:00,7.0,1.4,3.1,56,0.0,0.0,0.0,0.0,47,0.0,0.0,0.0,0.0
2026-03-27 22:00:00,6.8,1.6,3.4,50,0.0,0.0,0.0,0.0,48,0.0,0.0,0.0,0.0
2026-03-27 22:15:00,6.5,1.7,3.5,39,0.0,0.0,0.0,0.0,49,0.0,0.0,0.0,0.0
2026-03-27 22:30:00,6.1,1.7,3.4,28,0.0,0.0,0.0,0.0,51,0.0,0.0,0.0,0.0
2026-03-27 22:45:00,5.7,1.7,3.3,16,0.0,0.0,0.0,0.0,52,0.0,0.0,0.0,0.0
2026-03-27 23:00:00,5.4,1.7,3.3,5,0.0,0.0,0.0,0.0,53,0.0,0.0,0.0,0.0
2026-03-27 23:15:00,5.1,1.6,3.4,4,0.0,0.0,0.0,0.0,54,0.0,0.0,0.0,0.0
2026-03-27 23:30:00,4.9,1.5,3.6,3,0.0,0.0,0.0,0.0,55,0.0,0.0,0.0,0.0
2026-03-27 23:45:00,4.7,1.41,3.8,1,0.0,0.0,0.0,0.0,55,0.0,0.0,0.0,0.0
2026-03-28 00:00:00,4.5,1.32,3.8,0,0.0,0.0,0.0,0.0,56,0.0,0.0,0.0,0.0
2026-03-28 00:15:00,4.4,1.32,3.6,0,0.0,0.0,0.0,0.0,57,0.0,0.0,0.0,0.0
2026-03-28 00:30:00,4.2,1.32,3.2,0,0.0,0.0,0.0,0.0,57,0.0,0.0,0.0,0.0
2026-03-28 00:45:00,4.0,1.32,2.8,0,0.0,0.0,0.0,0.0,58,0.0,0.0,0.0,0.0
2026-03-28 01:00:00,3.8,1.32,2.6,0,0.0,0.0,0.0,0.0,59,0.0,0.0,0.0,0.0
2026-03-28 01:15:00,3.6,1.24,2.6,0,0.0,0.0,0.0,0.0,60,0.0,0.0,0.0,0.0
2026-03-28 01:30:00,3.2,1.17,2.6,0,0.0,0.0,0.0,0.0,62,0.0,0.0,0.0,0.0
2026-03-28 01:45:00,2.9,1.12,2.7,0,0.0,0.0,0.0,0.0,63,0.0,0.0,0.0,0.0
2026-03-28 02:00:00,2.7,1.08,2.8,0,0.0,0.0,0.0,0.0,64,0.0,0.0,0.0,0.0
2026-03-28 02:15:00,2.5,1.06,2.8,25,0.0,0.0,0.0,0.0,64,0.0,0.0,0.0,0.0
2026-03-28 02:30:00,2.5,1.08,2.7,50,0.0,0.0,0.0,0.0,63,0.0,0.0,0.0,0.0
2026-03-28 02:45:00,2.4,1.21,2.6,75,0.0,0.0,0.0,0.0,62,0.0,0.0,0.0,0.0
2026-03-28 03:00:00,2.3,1.26,2.6,100,0.0,0.0,0.0,0.0,62,0.0,0.0,0.0,0.0
2026-03-28 03:15:00,2.2,1.33,2.7,76,0.0,0.0,0.0,0.0,62,0.0,0.0,0.0,0.0
2026-03-28 03:30:00,2.1,1.32,2.8,52,0.0,0.0,0.0,0.0,63,0.0,0.0,0.0,0.0
2026-03-28 03:45:00,1.9,1.4,2.9,27,0.0,0.0,0.0,0.0,64,0.0,0.0,0.0,0.0
2026-03-28 04:00:00,1.8,1.4,3.0,3,0.0,0.0,0.0,0.0,65,0.0,0.0,0.0,0.0
2026-03-28 04:15:00,1.6,1.5,3.1,26,0.0,0.0,0.0,0.0,66,0.0,0.0,0.0,0.0
2026-03-28 04:30:00,1.3,1.5,3.3,48,0.0,0.0,0.0,0.0,67,0.0,0.0,0.0,0.0
2026-03-28 04:45:00,1.1,1.6,3.4,71,0.0,0.0,0.0,0.0,68,0.0,0.0,0.0,0.0
2026-03-28 05:00:00,0.9,1.6,3.5,93,0.0,0.0,0.0,0.0,68,0.0,0.0,0.0,0.0
2026-03-28 05:15:00,0.9,1.6,3.5,89,0.0,0.0,0.0,0.0,68,0.0,0.0,0.0,0.0
2026-03-28 05:30:00,0.9,1.61,3.5,85,0.0,0.0,0.0,0.0,68,0.0,0.0,0.0,0.0
2026-03-28 05:45:00,0.9,1.71,3.5,81,0.0,0.0,0.0,0.0,67,0.0,0.0,0.0,0.0
2026-03-28 06:00:00,0.9,1.71,3.6,77,0.0,0.0,0.0,0.0,67,0.0,0.0,0.0,0.0
2026-03-28 06:15:00,0.8,1.8,3.7,77,0.0,0.0,0.0,0.0,66,0.0,0.0,0.0,0.0
2026-03-28 06:30:00,0.8,1.8,3.8,78,0.0,0.0,0.0,0.0,66,0.0,0.0,0.0,0.0
2026-03-28 06:45:00,0.8,1.9,4.0,78,0.0,0.0,0.0,0.0,65,0.0,0.0,0.0,0.0
2026-03-28 07:00:00,0.8,2.0,4.2,78,0.0,0.0,0.0,0.0,65,0.0,0.0,0.0,0.0
2026-03-28 07:15:00,0.8,2.1,4.5,66,12.0,24.3,11.0,0.0,65,5.1,0.0,0.0,5.1
2026-03-28 07:30:00,0.8,2.3,4.8,53,32.0,85.1,26.0,0.0,66,13.6,0.0,0.0,13.6
2026-03-28 07:45:00,0.8,2.5,5.1,41,59.0,181.5,39.0,0.0,67,25.075,0.0,0.0,25.075
2026-03-28 08:00:00,0.9,2.6,5.4,28,91.0,274.1,50.0,0.0,67,38.675,0.0,0.0,38.675
2026-03-28 08:15:00,1.0,2.61,5.6,41,124.0,323.6,63.0,0.0,67,52.699999999999996,0.0,0.0,52.699999999999996
2026-03-28 08:30:00,1.2,2.61,5.8,53,158.0,361.5,76.0,0.0,66,67.14999999999999,0.0,0.0,67.14999999999999
2026-03-28 08:45:00,1.4,2.62,5.9,66,190.0,378.3,90.0,0.0,65,80.75,0.0,0.0,80.75
2026-03-28 09:00:00,1.7,2.62,6.1,78,225.0,408.8,102.0,0.0,64,95.625,0.0,0.0,95.625
2026-03-28 09:15:00,2.0,2.72,6.3,73,265.0,463.8,109.0,0.0,63,112.625,0.0,0.0,112.625
2026-03-28 09:30:00,2.4,2.81,6.4,67,300.0,485.8,120.0,0.0,61,127.5,0.0,0.0,127.5
2026-03-28 09:45:00,2.9,2.91,6.6,62,337.0,520.7,127.0,0.0,60,143.225,0.0,0.0,143.225
2026-03-28 10:00:00,3.5,3.01,6.8,56,389.0,642.1,110.0,0.0,58,165.325,4.115226337448297e-07,0.0,165.3250004115226
2026-03-28 10:15:00,4.3,3.21,7.1,67,423.0,670.2,112.0,0.0,56,179.775,0.00381111111111111,0.0,179.7788111111111
2026-03-28 10:30:00,5.3,3.41,7.4,78,450.0,664.9,123.0,0.0,53,191.25,0.02836255144032925,0.0,191.27836255144032
2026-03-28 10:45:00,6.3,3.62,7.8,89,473.0,643.4,140.0,0.0,50,201.025,0.09807736625514409,0.0,201.12307736625516
2026-03-28 11:00:00,7.1,3.73,8.1,100,502.0,672.4,138.0,0.0,48,213.35,0.1600893004115226,0.0,213.51008930041152
2026-03-28 11:15:00,7.7,3.77,8.4,100,505.0,580.8,178.0,0.0,46,214.625,0.1878736625514403,0.0,214.81287366255145
2026-03-28 11:30:00,8.1,3.86,8.6,100,542.0,654.2,161.0,0.0,45,230.35,0.26175144032921804,0.0,230.61175144032921
2026-03-28 11:45:00,8.5,3.86,8.8,100,564.0,663.9,166.0,0.0,44,239.7,0.26175144032921804,0.0,239.9617514403292
2026-03-28 12:00:00,8.8,3.85,8.9,100,572.0,641.5,178.0,0.0,43,243.1,0.25272633744855977,0.0,243.35272633744856
2026-03-28 12:15:00,9.1,3.8,8.9,100,564.0,565.1,210.0,0.0,42,239.7,0.21069958847736606,0.0,239.91069958847734
2026-03-28 12:30:00,9.4,3.67,8.8,100,533.0,422.9,264.0,0.0,42,226.525,0.12377078189300408,0.0,226.648770781893
2026-03-28 12:45:00,9.7,3.53,8.6,100,544.0,443.0,259.0,0.0,42,231.2,0.061266255144032854,0.0,231.26126625514402
2026-03-28 13:00:00,9.9,3.49,8.5,100,529.0,373.5,287.0,0.0,42,224.825,0.04841522633744862,0.0,224.87341522633744
2026-03-28 13:15:00,10.2,3.58,8.4,100,523.0,373.8,280.0,0.0,42,222.275,0.08029300411522637,0.0,222.35529300411523
2026-03-28 13:30:00,10.5,3.74,8.2,100,508.0,331.1,293.0,0.0,41,215.9,0.1667588477366257,0.0,216.06675884773662
2026-03-28 13:45:00,10.7,3.92,8.1,100,500.0,321.8,292.0,0.0,40,212.5,0.32044773662551435,0.0,212.8204477366255
2026-03-28 14:00:00,10.9,3.96,8.1,100,499.0,343.5,279.0,0.0,40,212.075,0.3640888888888888,0.0,212.43908888888888
2026-03-28 14:15:00,11.1,3.83,8.2,100,481.0,306.9,287.0,0.0,40,204.42499999999998,0.23530329218107002,0.0,204.66030329218106
2026-03-28 14:30:00,11.2,3.77,8.5,100,435.0,199.6,311.0,0.0,39,184.875,0.1878736625514403,0.0,185.06287366255145
2026-03-28 14:45:00,11.2,3.68,8.7,100,426.0,192.4,309.0,0.0,39,181.04999999999998,0.12939588477366262,0.0,181.17939588477364
2026-03-28 15:00:00,11.2,3.61,8.8,100,432.0,236.4,292.0,0.0,39,183.6,0.09340781893004112,0.0,183.69340781893004
2026-03-28 15:15:00,11.1,3.63,8.6,100,408.0,236.8,272.0,0.0,40,173.4,0.10289999999999996,0.0,173.5029
2026-03-28 15:30:00,11.0,3.5,8.3,100,301.0,86.7,253.0,0.0,41,127.925,0.051440329218106984,0.0,127.97644032921811
2026-03-28 15:45:00,10.8,3.51,7.9,100,214.0,20.7,203.0,0.0,43,90.95,0.05458888888888882,0.0,91.00458888888889
2026-03-28 16:00:00,10.5,3.55,7.7,100,211.0,31.6,195.0,0.0,45,89.675,0.06846707818930034,0.0,89.7434670781893
2026-03-28 16:15:00,10.2,3.59,7.7,100,180.0,12.5,174.0,0.0,47,76.5,0.08451810699588469,0.0,76.58451810699589
2026-03-28 16:30:00,9.8,3.69,7.8,100,234.0,37.7,217.0,0.0,50,99.45,0.13518888888888886,0.0,99.5851888888889
2026-03-28 16:45:00,9.4,3.71,8.0,100,222.0,42.7,204.0,0.0,52,94.35,0.14728847736625514,0.0,94.49728847736625
2026-03-28 17:00:00,9.0,3.71,8.1,100,198.0,36.0,184.0,0.0,55,84.14999999999999,0.14728847736625514,0.0,84.29728847736625
2026-03-28 17:15:00,8.7,3.64,8.1,100,153.0,19.7,146.0,0.0,58,65.02499999999999,0.1078781893004116,0.0,65.1328781893004
2026-03-28 17:30:00,8.4,3.57,8.0,100,84.0,9.3,81.0,0.0,62,35.699999999999996,0.07621111111111104,0.0,35.77621111111111
2026-03-28 17:45:00,8.1,3.51,8.0,100,70.0,3.5,69.0,0.0,66,29.75,0.05458888888888882,0.0,29.80458888888889
2026-03-28 18:00:00,7.8,3.51,7.9,100,47.0,0.0,47.0,0.0,69,19.974999999999998,0.05458888888888882,0.0,20.029588888888888
2026-03-28 18:15:00,7.5,3.51,7.9,100,39.0,4.7,38.0,0.0,71,16.575,0.05458888888888882,0.0,16.62958888888889
2026-03-28 18:30:00,7.2,3.57,7.9,100,33.0,5.8,32.0,0.0,71,14.025,0.07621111111111104,0.0,14.10121111111111
2026-03-28 18:45:00,6.8,3.67,8.0,100,16.0,0.0,16.0,0.0,72,6.8,0.12377078189300408,0.0,6.923770781893004
2026-03-28 19:00:00,6.6,3.64,7.9,100,7.0,0.0,7.0,0.0,73,2.975,0.1078781893004116,0.0,3.082878189300412
2026-03-28 19:15:00,6.4,3.54,7.8,100,6.0,0.0,6.0,0.0,75,2.55,0.06480000000000001,0.0,2.6148
2026-03-28 19:30:00,6.2,3.32,7.5,100,2.0,0.0,2.0,0.1,78,0.85,0.013484773662551417,0.0,0.8634847736625514
2026-03-28 19:45:00,6.1,3.13,7.3,100,0.0,0.0,0.0,0.1,80,0.0,0.0009041152263374465,0.0,0.0009041152263374465
2026-03-28 20:00:00,5.9,3.04,7.1,100,0.0,0.0,0.0,0.1,82,0.0,2.6337448559670858e-05,0.0,2.6337448559670858e-05
2026-03-28 20:15:00,5.8,2.94,6.9,100,0.0,0.0,0.0,0.1,82,0.0,0.0,0.0,0.0
2026-03-28 20:30:00,5.6,2.88,6.8,100,0.0,0.0,0.0,0.1,82,0.0,0.0,0.0,0.0
2026-03-28 20:45:00,5.4,2.92,6.6,100,0.0,0.0,0.0,0.1,81,0.0,0.0,0.0,0.0
2026-03-28 21:00:00,5.3,2.86,6.5,100,0.0,0.0,0.0,0.1,81,0.0,0.0,0.0,0.0
2026-03-28 21:15:00,5.2,2.77,6.4,100,0.0,0.0,0.0,0.1,82,0.0,0.0,0.0,0.0
2026-03-28 21:30:00,5.1,2.68,6.3,100,0.0,0.0,0.0,0.1,83,0.0,0.0,0.0,0.0
2026-03-28 21:45:00,5.1,2.64,6.3,100,0.0,0.0,0.0,0.1,85,0.0,0.0,0.0,0.0
2026-03-28 22:00:00,5.1,2.61,6.4,100,0.0,0.0,0.0,0.1,86,0.0,0.0,0.0,0.0
2026-03-28 22:15:00,5.0,2.78,6.7,100,0.0,0.0,0.0,0.1,87,0.0,0.0,0.0,0.0
2026-03-28 22:30:00,5.0,3.11,7.1,100,0.0,0.0,0.0,0.1,87,0.0,0.0005477366255144015,0.0,0.0005477366255144015
2026-03-28 22:45:00,4.9,3.39,7.5,100,0.0,0.0,0.0,0.1,87,0.0,0.024411111111111137,0.0,0.024411111111111137
2026-03-28 23:00:00,4.9,3.54,7.8,100,0.0,0.0,0.0,0.1,87,0.0,0.06480000000000001,0.0,0.06480000000000001
2026-03-28 23:15:00,4.9,3.33,7.9,100,0.0,0.0,0.0,0.0,86,0.0,0.014788888888888898,0.0,0.014788888888888898
2026-03-28 23:30:00,5.0,3.05,7.9,100,0.0,0.0,0.0,0.0,85,0.0,5.144032921810645e-05,0.0,5.144032921810645e-05
2026-03-28 23:45:00,5.0,2.7,7.8,100,0.0,0.0,0.0,0.1,84,0.0,0.0,0.0,0.0
2026-03-29 00:00:00,5.0,2.48,7.6,100,0.0,0.0,0.0,0.1,84,0.0,0.0,0.0,0.0
2026-03-29 00:15:00,5.0,2.41,7.2,100,0.0,0.0,0.0,0.1,85,0.0,0.0,0.0,0.0
2026-03-29 00:30:00,5.0,2.55,6.6,100,0.0,0.0,0.0,0.0,86,0.0,0.0,0.0,0.0
2026-03-29 00:45:00,4.9,2.55,6.0,100,0.0,0.0,0.0,0.1,87,0.0,0.0,0.0,0.0
2026-03-29 01:00:00,4.9,2.62,5.6,100,0.0,0.0,0.0,0.1,88,0.0,0.0,0.0,0.0
2026-03-29 01:15:00,4.8,2.62,5.4,100,0.0,0.0,0.0,0.1,88,0.0,0.0,0.0,0.0
2026-03-29 01:30:00,4.8,2.48,5.5,100,0.0,0.0,0.0,0.1,89,0.0,0.0,0.0,0.0
2026-03-29 01:45:00,4.8,2.48,5.5,100,0.0,0.0,0.0,0.1,89,0.0,0.0,0.0,0.0
2026-03-29 02:00:00,4.7,2.34,5.5,100,0.0,0.0,0.0,0.1,89,0.0,0.0,0.0,0.0
2026-03-29 02:15:00,4.7,2.28,5.4,100,0.0,0.0,0.0,0.0,89,0.0,0.0,0.0,0.0
2026-03-29 02:30:00,4.7,2.2,5.3,100,0.0,0.0,0.0,0.0,90,0.0,0.0,0.0,0.0
2026-03-29 02:45:00,4.6,2.14,5.2,100,0.0,0.0,0.0,0.0,90,0.0,0.0,0.0,0.0
2026-03-29 03:00:00,4.6,2.14,5.1,100,0.0,0.0,0.0,0.0,90,0.0,0.0,0.0,0.0
2026-03-29 03:15:00,4.6,2.14,5.0,100,0.0,0.0,0.0,0.0,90,0.0,0.0,0.0,0.0
2026-03-29 03:30:00,4.6,2.14,4.9,100,0.0,0.0,0.0,0.0,91,0.0,0.0,0.0,0.0
2026-03-29 03:45:00,4.6,2.14,4.8,100,0.0,0.0,0.0,0.0,91,0.0,0.0,0.0,0.0
2026-03-29 04:00:00,4.6,2.14,4.8,100,0.0,0.0,0.0,0.0,91,0.0,0.0,0.0,0.0
2026-03-29 04:15:00,4.6,2.2,4.8,99,0.0,0.0,0.0,0.0,91,0.0,0.0,0.0,0.0
2026-03-29 04:30:00,4.6,2.26,4.9,99,0.0,0.0,0.0,0.0,91,0.0,0.0,0.0,0.0
2026-03-29 04:45:00,4.6,2.33,5.0,98,0.0,0.0,0.0,0.0,90,0.0,0.0,0.0,0.0
2026-03-29 05:00:00,4.5,2.41,5.1,97,0.0,0.0,0.0,0.0,90,0.0,0.0,0.0,0.0
2026-03-29 05:15:00,4.5,2.4,5.2,98,0.0,0.0,0.0,0.0,90,0.0,0.0,0.0,0.0
2026-03-29 05:30:00,4.5,2.48,5.4,99,0.0,0.0,0.0,0.0,90,0.0,0.0,0.0,0.0
2026-03-29 05:45:00,4.4,2.58,5.5,99,0.0,0.0,0.0,0.0,89,0.0,0.0,0.0,0.0
2026-03-29 06:00:00,4.4,2.69,5.7,100,0.0,0.0,0.0,0.0,89,0.0,0.0,0.0,0.0
2026-03-29 06:15:00,4.3,2.78,5.9,100,0.0,0.0,0.0,0.0,89,0.0,0.0,0.0,0.0
2026-03-29 06:30:00,4.1,2.83,6.0,100,0.0,0.0,0.0,0.0,89,0.0,0.0,0.0,0.0
2026-03-29 06:45:00,3.9,2.88,6.2,100,0.0,0.0,0.0,0.0,88,0.0,0.0,0.0,0.0
2026-03-29 07:00:00,3.8,2.94,6.3,100,1.0,0.0,1.0,0.0,88,0.425,0.0,0.0,0.425
2026-03-29 07:15:00,3.6,2.94,6.3,99,13.0,0.0,13.0,0.0,88,5.5249999999999995,0.0,0.0,5.5249999999999995
2026-03-29 07:30:00,3.4,2.8,6.3,99,32.0,26.1,30.0,0.0,88,13.6,0.0,0.0,13.6
2026-03-29 07:45:00,3.3,2.66,6.2,98,54.0,43.0,49.0,0.0,87,22.95,0.0,0.0,22.95
2026-03-29 08:00:00,3.2,2.66,6.2,97,82.0,102.7,66.0,0.0,87,34.85,0.0,0.0,34.85
2026-03-29 08:15:00,3.2,2.66,6.2,75,123.0,277.4,69.0,0.0,86,52.275,0.0,0.0,52.275
2026-03-29 08:30:00,3.3,2.75,6.2,53,160.0,360.6,76.0,0.0,85,68.0,0.0,0.0,68.0
2026-03-29 08:45:00,3.4,2.75,6.1,30,203.0,462.3,78.0,0.0,84,86.27499999999999,0.0,0.0,86.27499999999999
2026-03-29 09:00:00,3.6,2.75,6.1,8,242.0,514.8,84.0,0.0,83,102.85,0.0,0.0,102.85
2026-03-29 09:15:00,3.9,2.61,6.1,31,280.0,557.9,89.0,0.0,82,119.0,0.0,0.0,119.0
2026-03-29 09:30:00,4.2,2.52,6.0,54,315.0,576.4,98.0,0.0,81,133.875,0.0,0.0,133.875
2026-03-29 09:45:00,4.6,2.39,6.0,76,338.0,525.4,123.0,0.0,79,143.65,0.0,0.0,143.65
2026-03-29 10:00:00,4.9,2.39,5.9,99,357.0,465.5,152.0,0.0,78,151.725,0.0,0.0,151.725
2026-03-29 10:15:00,5.3,2.52,5.8,93,365.0,376.7,188.0,0.0,77,155.125,0.0,0.0,155.125
2026-03-29 10:30:00,5.8,2.75,5.6,88,403.0,450.2,179.0,0.0,76,171.275,0.0,0.0,171.275
2026-03-29 10:45:00,6.2,3.02,5.5,82,414.0,370.7,220.0,0.0,75,175.95,3.2921810699588572e-06,0.0,175.95000329218107
2026-03-29 11:00:00,6.6,3.24,5.6,76,435.0,367.4,234.0,0.0,73,184.875,0.005688888888888903,0.0,184.8806888888889
2026-03-29 11:15:00,6.9,3.38,6.1,76,426.0,330.6,238.0,0.0,71,181.04999999999998,0.022581069958847715,0.0,181.07258106995883
2026-03-29 11:30:00,7.1,3.52,6.9,76,333.0,161.6,238.0,0.0,69,141.525,0.057863374485596725,0.0,141.5828633744856
2026-03-29 11:45:00,7.4,3.58,7.7,75,387.0,233.1,246.0,0.0,66,164.475,0.08029300411522637,0.0,164.5552930041152
2026-03-29 12:00:00,7.6,3.66,8.2,75,380.0,293.7,198.0,0.0,64,161.5,0.11831111111111119,0.0,161.6183111111111
2026-03-29 12:15:00,7.8,3.69,8.4,69,430.0,383.0,188.0,0.0,61,182.75,0.13518888888888886,0.0,182.88518888888888
2026-03-29 12:30:00,8.1,3.64,8.4,62,464.0,395.9,210.0,0.0,59,197.2,0.1078781893004116,0.0,197.3078781893004
2026-03-29 12:45:00,8.4,3.67,8.3,56,558.0,533.4,212.0,0.0,56,237.15,0.12377078189300408,0.0,237.273770781893
2026-03-29 13:00:00,8.6,3.58,8.2,49,556.0,506.7,225.0,0.0,54,236.29999999999998,0.08029300411522637,0.0,236.3802930041152
2026-03-29 13:15:00,8.7,3.53,8.1,49,537.0,448.7,243.0,0.0,53,228.225,0.061266255144032854,0.0,228.28626625514403
2026-03-29 13:30:00,8.8,3.55,8.0,49,560.0,502.6,231.0,0.0,52,238.0,0.06846707818930034,0.0,238.0684670781893
2026-03-29 13:45:00,8.9,3.51,7.9,49,560.0,494.4,238.0,0.0,52,238.0,0.05458888888888882,0.0,238.0545888888889
2026-03-29 14:00:00,9.0,3.54,7.8,49,609.0,644.4,193.0,0.0,51,258.825,0.06480000000000001,0.0,258.8898
2026-03-29 14:15:00,9.1,3.59,7.8,58,536.0,502.2,216.0,0.0,50,227.79999999999998,0.08451810699588469,0.0,227.88451810699587
2026-03-29 14:30:00,9.2,3.67,7.7,67,399.0,258.7,237.0,0.0,50,169.575,0.12377078189300408,0.0,169.698770781893
2026-03-29 14:45:00,9.3,3.73,7.8,75,450.0,355.7,232.0,0.0,49,191.25,0.1600893004115226,0.0,191.41008930041153
2026-03-29 15:00:00,9.3,3.82,7.9,84,449.0,386.8,218.0,0.0,49,190.825,0.22690041152263354,0.0,191.0519004115226
2026-03-29 15:15:00,9.4,3.81,8.2,82,386.0,312.6,205.0,0.0,48,164.04999999999998,0.2187000000000001,0.0,164.2687
2026-03-29 15:30:00,9.4,3.81,8.6,79,309.0,189.8,203.0,0.0,47,131.325,0.2187000000000001,0.0,131.5437
2026-03-29 15:45:00,9.5,3.8,9.0,77,326.0,227.6,204.0,0.0,47,138.54999999999998,0.21069958847736606,0.0,138.76069958847734
2026-03-29 16:00:00,9.4,3.8,9.3,74,418.0,455.7,185.0,0.0,47,177.65,0.21069958847736606,0.0,177.86069958847736
2026-03-29 16:15:00,9.3,3.8,9.5,60,276.0,253.8,153.0,0.0,48,117.3,0.21069958847736606,0.0,117.51069958847737
2026-03-29 16:30:00,9.2,3.81,9.7,45,277.0,263.1,157.0,0.0,50,117.725,0.2187000000000001,0.0,117.94369999999999
2026-03-29 16:45:00,9.0,3.71,9.8,31,320.0,410.9,145.0,0.0,52,136.0,0.14728847736625514,0.0,136.14728847736626
2026-03-29 17:00:00,8.8,3.71,9.7,16,291.0,411.2,129.0,0.0,54,123.675,0.14728847736625514,0.0,123.82228847736626
2026-03-29 17:15:00,8.7,3.7,9.5,30,274.0,438.1,116.0,0.0,55,116.45,0.1411522633744857,0.0,116.59115226337448
2026-03-29 17:30:00,8.6,3.7,9.0,43,204.0,297.6,107.0,0.0,56,86.7,0.1411522633744857,0.0,86.84115226337448
2026-03-29 17:45:00,8.6,3.71,8.6,57,61.0,37.9,50.0,0.0,56,25.925,0.14728847736625514,0.0,26.072288477366257
2026-03-29 18:00:00,8.5,3.71,8.3,70,127.0,185.7,80.0,0.0,57,53.975,0.14728847736625514,0.0,54.122288477366254
2026-03-29 18:15:00,8.4,3.62,8.2,53,119.0,218.3,72.0,0.0,58,50.574999999999996,0.09807736625514409,0.0,50.67307736625514
2026-03-29 18:30:00,8.3,3.44,8.2,35,111.0,288.4,60.0,0.0,58,47.175,0.0350551440329218,0.0,47.21005514403292
2026-03-29 18:45:00,8.2,3.26,8.1,18,81.0,239.5,48.0,0.0,59,34.425,0.007232921810699572,0.0,34.432232921810694
2026-03-29 19:00:00,8.0,3.08,8.0,0,46.0,101.7,36.0,0.0,59,19.55,0.00021069958847736686,0.0,19.55021069958848
2026-03-29 19:15:00,7.8,2.85,7.7,0,26.0,102.2,20.0,0.0,59,11.049999999999999,0.0,0.0,11.049999999999999
2026-03-29 19:30:00,7.5,2.68,7.3,0,6.0,28.3,5.0,0.0,58,2.55,0.0,0.0,2.55
2026-03-29 19:45:00,7.2,2.52,6.8,0,0.0,0.0,0.0,0.0,58,0.0,0.0,0.0,0.0
2026-03-29 20:00:00,6.9,2.48,6.4,0,0.0,0.0,0.0,0.0,58,0.0,0.0,0.0,0.0
2026-03-29 20:15:00,6.7,2.4,6.0,25,0.0,0.0,0.0,0.0,60,0.0,0.0,0.0,0.0
2026-03-29 20:30:00,6.6,2.41,5.6,50,0.0,0.0,0.0,0.0,62,0.0,0.0,0.0,0.0
2026-03-29 20:45:00,6.4,2.34,5.3,75,0.0,0.0,0.0,0.0,64,0.0,0.0,0.0,0.0
2026-03-29 21:00:00,6.3,2.36,5.1,100,0.0,0.0,0.0,0.0,66,0.0,0.0,0.0,0.0
2026-03-29 21:15:00,6.1,2.39,5.0,100,0.0,0.0,0.0,0.0,67,0.0,0.0,0.0,0.0
2026-03-29 21:30:00,6.0,2.47,5.0,100,0.0,0.0,0.0,0.0,68,0.0,0.0,0.0,0.0
2026-03-29 21:45:00,5.9,2.51,5.1,100,0.0,0.0,0.0,0.0,68,0.0,0.0,0.0,0.0
2026-03-29 22:00:00,5.8,2.59,5.2,100,0.0,0.0,0.0,0.0,68,0.0,0.0,0.0,0.0
2026-03-29 22:15:00,5.6,2.77,5.4,100,0.0,0.0,0.0,0.0,68,0.0,0.0,0.0,0.0
2026-03-29 22:30:00,5.5,2.95,5.7,100,0.0,0.0,0.0,0.0,68,0.0,0.0,0.0,0.0
2026-03-29 22:45:00,5.3,3.1,6.0,100,0.0,0.0,0.0,0.0,68,0.0,0.000411522633744857,0.0,0.000411522633744857
2026-03-29 23:00:00,5.2,3.2,6.2,100,0.0,0.0,0.0,0.0,68,0.0,0.003292181069958856,0.0,0.003292181069958856
2026-03-29 23:15:00,5.1,3.26,6.4,100,0.0,0.0,0.0,0.0,68,0.0,0.007232921810699572,0.0,0.007232921810699572
2026-03-29 23:30:00,5.0,3.23,6.6,100,0.0,0.0,0.0,0.0,68,0.0,0.005006995884773662,0.0,0.005006995884773662
2026-03-29 23:45:00,4.9,3.3,6.8,100,0.0,0.0,0.0,0.0,69,0.0,0.01111111111111109,0.0,0.01111111111111109
2026-03-30 00:00:00,4.8,3.28,6.9,100,0.0,0.0,0.0,0.0,69,0.0,0.00903374485596706,0.0,0.00903374485596706
2026-03-30 00:15:00,4.8,3.28,6.9,100,0.0,0.0,0.0,0.0,69,0.0,0.00903374485596706,0.0,0.00903374485596706
2026-03-30 00:30:00,4.7,3.3,6.9,100,0.0,0.0,0.0,0.0,70,0.0,0.01111111111111109,0.0,0.01111111111111109
2026-03-30 00:45:00,4.7,3.4,6.8,100,0.0,0.0,0.0,0.0,70,0.0,0.026337448559670757,0.0,0.026337448559670757
2026-03-30 01:00:00,4.7,3.42,6.9,100,0.0,0.0,0.0,0.0,70,0.0,0.03048888888888888,0.0,0.03048888888888888
2026-03-30 01:15:00,4.7,3.52,7.1,100,0.0,0.0,0.0,0.0,70,0.0,0.057863374485596725,0.0,0.057863374485596725
2026-03-30 01:30:00,4.9,3.64,7.4,100,0.0,0.0,0.0,0.0,70,0.0,0.1078781893004116,0.0,0.1078781893004116
2026-03-30 01:45:00,5.0,3.74,7.7,100,0.0,0.0,0.0,0.0,69,0.0,0.1667588477366257,0.0,0.1667588477366257
2026-03-30 02:00:00,5.0,3.86,8.0,100,0.0,0.0,0.0,0.0,69,0.0,0.26175144032921804,0.0,0.26175144032921804
2026-03-30 02:15:00,5.0,3.89,8.2,100,0.0,0.0,0.0,0.0,69,0.0,0.29011069958847746,0.0,0.29011069958847746
2026-03-30 02:30:00,5.0,3.92,8.3,100,0.0,0.0,0.0,0.0,69,0.0,0.32044773662551435,0.0,0.32044773662551435
2026-03-30 02:45:00,4.9,3.96,8.4,100,0.0,0.0,0.0,0.0,70,0.0,0.3640888888888888,0.0,0.3640888888888888
2026-03-30 03:00:00,4.9,3.99,8.5,100,0.0,0.0,0.0,0.0,70,0.0,0.3993000000000003,0.0,0.3993000000000003
2026-03-30 03:15:00,4.8,4.03,8.5,100,0.0,0.0,0.0,0.0,70,0.0,0.4496818930041156,0.0,0.4496818930041156
2026-03-30 03:30:00,4.8,3.98,8.4,100,0.0,0.0,0.0,0.0,71,0.0,0.38732181069958843,0.0,0.38732181069958843
2026-03-30 03:45:00,4.7,3.94,8.4,100,0.0,0.0,0.0,0.0,71,0.0,0.34180411522633736,0.0,0.34180411522633736
2026-03-30 04:00:00,4.7,3.98,8.3,100,0.0,0.0,0.0,0.0,71,0.0,0.38732181069958843,0.0,0.38732181069958843
2026-03-30 04:15:00,4.8,3.98,8.2,100,0.0,0.0,0.0,0.0,70,0.0,0.38732181069958843,0.0,0.38732181069958843
2026-03-30 04:30:00,4.9,3.8,8.1,100,0.0,0.0,0.0,0.0,68,0.0,0.21069958847736606,0.0,0.21069958847736606
2026-03-30 04:45:00,5.0,3.76,8.1,100,0.0,0.0,0.0,0.0,67,0.0,0.18064855967078172,0.0,0.18064855967078172
2026-03-30 05:00:00,5.1,3.85,8.3,100,0.0,0.0,0.0,0.1,67,0.0,0.25272633744855977,0.0,0.25272633744855977
2026-03-30 05:15:00,5.0,4.16,8.8,100,0.0,0.0,0.0,0.1,69,0.0,0.642344032921811,0.0,0.642344032921811
2026-03-30 05:30:00,4.9,4.61,9.6,100,0.0,0.0,0.0,0.1,72,0.0,1.7173995884773674,0.0,1.7173995884773674
2026-03-30 05:45:00,4.8,5.02,10.3,100,0.0,0.0,0.0,0.2,75,0.0,3.3919374485596685,0.0,3.3919374485596685
2026-03-30 06:00:00,4.8,5.33,10.8,100,0.0,0.0,0.0,0.1,77,0.0,5.205488477366256,0.0,5.205488477366256
2026-03-30 06:15:00,4.7,5.39,11.0,100,0.0,0.0,0.0,0.1,78,0.0,5.618073662551439,0.0,5.618073662551439
2026-03-30 06:30:00,4.7,5.26,11.0,100,0.0,0.0,0.0,0.1,79,0.0,4.750278189300409,0.0,4.750278189300409
2026-03-30 06:45:00,4.8,5.13,10.9,100,0.0,0.0,0.0,0.0,79,0.0,3.9767888888888887,0.0,3.9767888888888887
2026-03-30 07:00:00,4.8,5.0,10.8,100,1.0,0.0,1.0,0.0,79,0.425,3.292181069958847,0.0,3.717181069958847
2026-03-30 07:15:00,4.8,4.9,10.6,100,7.0,0.0,7.0,0.0,79,2.975,2.822633744855968,0.0,5.797633744855968
2026-03-30 07:30:00,4.9,4.79,10.3,99,16.0,0.0,16.0,0.0,79,6.8,2.360221810699589,0.0,9.16022181069959
2026-03-30 07:45:00,4.9,4.74,10.0,99,22.0,0.0,22.0,0.0,78,9.35,2.1679111111111116,0.0,11.517911111111111
2026-03-30 08:00:00,5.0,4.61,9.8,98,19.0,0.0,19.0,0.0,78,8.075,1.7173995884773674,0.0,9.792399588477366
2026-03-30 08:15:00,5.1,4.57,9.6,99,31.0,5.0,30.0,0.0,78,13.174999999999999,1.5925485596707831,0.0,14.767548559670782
2026-03-30 08:30:00,5.3,4.39,9.5,99,41.0,4.2,40.0,0.0,78,17.425,1.1051930041152256,0.0,18.530193004115226
2026-03-30 08:45:00,5.4,4.36,9.5,100,100.0,76.0,79.0,0.1,78,42.5,1.035167078189301,0.0,43.5351670781893
2026-03-30 09:00:00,5.5,4.24,9.4,100,102.0,57.5,84.0,0.1,78,43.35,0.7846189300411527,0.0,44.13461893004116
2026-03-30 09:15:00,5.6,4.2,9.4,100,79.0,34.5,67.0,0.1,78,33.574999999999996,0.7111111111111115,0.0,34.286111111111104
2026-03-30 09:30:00,5.7,4.39,9.4,99,79.0,5.2,77.0,0.1,78,33.574999999999996,1.1051930041152256,0.0,34.680193004115225
2026-03-30 09:45:00,5.7,4.39,9.5,99,72.0,7.2,69.0,0.2,78,30.599999999999998,1.1051930041152256,0.0,31.705193004115223
2026-03-30 10:00:00,5.7,4.4,9.5,98,115.0,31.4,101.0,0.1,78,48.875,1.1292181069958855,0.0,50.004218106995886
2026-03-30 10:15:00,5.7,4.2,9.5,98,113.0,21.0,103.0,0.1,78,48.025,0.7111111111111115,0.0,48.73611111111111
2026-03-30 10:30:00,5.7,4.06,9.5,99,98.0,4.0,96.0,0.1,79,41.65,0.49013004115226283,0.0,42.14013004115226
2026-03-30 10:45:00,5.7,3.78,9.4,99,120.0,11.3,114.0,0.1,79,51.0,0.19528888888888873,0.0,51.19528888888889
2026-03-30 11:00:00,5.8,3.58,9.3,99,126.0,28.9,110.0,0.1,79,53.55,0.08029300411522637,0.0,53.630293004115224
2026-03-30 11:15:00,5.9,3.54,9.1,99,192.0,45.3,166.0,0.1,78,81.6,0.06480000000000001,0.0,81.6648
2026-03-30 11:30:00,6.0,3.64,8.7,100,246.0,87.6,194.0,0.1,77,104.55,0.1078781893004116,0.0,104.6578781893004
2026-03-30 11:45:00,6.2,3.79,8.4,100,160.0,13.1,152.0,0.1,75,68.0,0.2028967078189301,0.0,68.20289670781894
2026-03-30 12:00:00,6.3,3.93,8.2,100,176.0,24.0,161.0,0.1,74,74.8,0.33101111111111126,0.0,75.1310111111111
2026-03-30 12:15:00,6.5,3.92,8.1,100,118.0,3.1,116.0,0.0,73,50.15,0.32044773662551435,0.0,50.470447736625516
2026-03-30 12:30:00,6.6,3.82,8.1,100,155.0,23.2,140.0,0.0,72,65.875,0.22690041152263354,0.0,66.10190041152264
2026-03-30 12:45:00,6.7,3.73,8.2,100,152.0,15.3,142.0,0.1,71,64.6,0.1600893004115226,0.0,64.76008930041152
2026-03-30 13:00:00,6.8,3.54,8.2,100,80.0,6.1,76.0,0.1,71,34.0,0.06480000000000001,0.0,34.0648
2026-03-30 13:15:00,7.0,3.35,8.2,100,131.0,10.6,124.0,0.1,72,55.675,0.01764403292181071,0.0,55.692644032921805
2026-03-30 13:30:00,7.1,3.16,8.3,100,124.0,1.5,123.0,0.1,74,52.699999999999996,0.001685596707818935,0.0,52.70168559670781
2026-03-30 13:45:00,7.2,2.89,8.3,100,74.0,0.0,74.0,0.0,75,31.45,0.0,0.0,31.45
2026-03-30 14:00:00,7.3,2.65,8.2,100,109.0,0.0,109.0,0.0,76,46.324999999999996,0.0,0.0,46.324999999999996
2026-03-30 14:15:00,7.4,2.4,8.0,100,158.0,23.4,143.0,0.0,75,67.14999999999999,0.0,0.0,67.14999999999999
2026-03-30 14:30:00,7.4,2.31,7.7,100,97.0,4.8,94.0,0.0,74,41.225,0.0,0.0,41.225
2026-03-30 14:45:00,7.4,2.44,7.4,100,52.0,0.0,52.0,0.0,72,22.099999999999998,0.0,0.0,22.099999999999998
2026-03-30 15:00:00,7.5,2.62,7.1,100,175.0,8.3,170.0,0.0,70,74.375,0.0,0.0,74.375
2026-03-30 15:15:00,7.8,2.69,6.9,100,203.0,6.9,199.0,0.0,67,86.27499999999999,0.0,0.0,86.27499999999999
2026-03-30 15:30:00,8.2,2.62,6.6,100,284.0,88.8,234.0,0.0,64,120.7,0.0,0.0,120.7
2026-03-30 15:45:00,8.6,2.58,6.5,100,360.0,164.6,271.0,0.0,62,153.0,0.0,0.0,153.0
2026-03-30 16:00:00,8.6,2.66,6.7,100,263.0,50.4,237.0,0.0,61,111.77499999999999,0.0,0.0,111.77499999999999
2026-03-30 16:15:00,8.3,2.94,7.5,100,162.0,26.6,149.0,0.0,63,68.85,0.0,0.0,68.85
2026-03-30 16:30:00,7.6,3.34,8.8,100,84.0,0.0,84.0,1.3,66,35.699999999999996,0.016174485596707804,0.0,35.7161744855967
2026-03-30 16:45:00,6.9,3.75,9.9,100,74.0,0.0,74.0,0.4,70,31.45,0.17361111111111108,0.0,31.62361111111111
2026-03-30 17:00:00,6.5,3.89,10.6,100,71.0,0.0,71.0,0.8,72,30.175,0.29011069958847746,0.0,30.46511069958848
2026-03-30 17:15:00,6.5,3.75,10.5,100,97.0,16.4,91.0,0.1,72,41.225,0.17361111111111108,0.0,41.398611111111116
2026-03-30 17:30:00,6.6,3.39,10.0,100,120.0,48.4,104.0,0.0,72,51.0,0.024411111111111137,0.0,51.024411111111114
2026-03-30 17:45:00,6.9,2.97,9.2,100,131.0,30.6,122.0,0.0,71,55.675,0.0,0.0,55.675
2026-03-30 18:00:00,7.0,2.62,8.5,100,138.0,85.4,116.0,0.0,70,58.65,0.0,0.0,58.65
2026-03-30 18:15:00,7.1,2.33,7.9,100,102.0,45.5,92.0,0.0,70,43.35,0.0,0.0,43.35
2026-03-30 18:30:00,7.1,2.13,7.3,100,80.0,27.6,75.0,0.0,70,34.0,0.0,0.0,34.0
2026-03-30 18:45:00,7.1,1.92,6.6,100,59.0,14.1,57.0,0.0,70,25.075,0.0,0.0,25.075
2026-03-30 19:00:00,7.0,1.77,6.0,100,41.0,0.0,41.0,0.0,71,17.425,0.0,0.0,17.425
2026-03-30 19:15:00,7.0,1.7,5.3,90,23.0,0.0,23.0,0.0,73,9.775,0.0,0.0,9.775
2026-03-30 19:30:00,7.0,1.75,4.6,80,7.0,0.0,7.0,0.0,76,2.975,0.0,0.0,2.975
2026-03-30 19:45:00,6.9,1.84,4.0,69,0.0,0.0,0.0,0.0,79,0.0,0.0,0.0,0.0
2026-03-30 20:00:00,6.8,1.99,3.9,59,0.0,0.0,0.0,0.0,81,0.0,0.0,0.0,0.0
2026-03-30 20:15:00,6.6,2.21,4.6,53,0.0,0.0,0.0,0.0,81,0.0,0.0,0.0,0.0
2026-03-30 20:30:00,6.4,2.42,5.8,48,0.0,0.0,0.0,0.0,80,0.0,0.0,0.0,0.0
2026-03-30 20:45:00,6.1,2.64,7.0,42,0.0,0.0,0.0,0.0,78,0.0,0.0,0.0,0.0
2026-03-30 21:00:00,5.9,2.83,7.7,36,0.0,0.0,0.0,0.0,77,0.0,0.0,0.0,0.0
2026-03-30 21:15:00,5.8,2.88,7.5,45,0.0,0.0,0.0,0.0,77,0.0,0.0,0.0,0.0
2026-03-30 21:30:00,5.8,2.75,6.9,55,0.0,0.0,0.0,0.0,76,0.0,0.0,0.0,0.0
2026-03-30 21:45:00,5.7,2.66,6.1,64,0.0,0.0,0.0,0.0,76,0.0,0.0,0.0,0.0
2026-03-30 22:00:00,5.6,2.52,5.6,73,0.0,0.0,0.0,0.0,77,0.0,0.0,0.0,0.0
2026-03-30 22:15:00,5.4,2.47,5.5,59,0.0,0.0,0.0,0.0,79,0.0,0.0,0.0,0.0
2026-03-30 22:30:00,5.1,2.56,5.5,45,0.0,0.0,0.0,0.0,81,0.0,0.0,0.0,0.0
2026-03-30 22:45:00,4.7,2.59,5.6,30,0.0,0.0,0.0,0.0,83,0.0,0.0,0.0,0.0
2026-03-30 23:00:00,4.5,2.55,5.6,16,0.0,0.0,0.0,0.0,85,0.0,0.0,0.0,0.0
2026-03-30 23:15:00,4.3,2.51,5.6,32,0.0,0.0,0.0,0.0,86,0.0,0.0,0.0,0.0
2026-03-30 23:30:00,4.1,2.47,5.5,49,0.0,0.0,0.0,0.0,86,0.0,0.0,0.0,0.0
2026-03-30 23:45:00,4.0,2.34,5.5,65,0.0,0.0,0.0,0.0,87,0.0,0.0,0.0,0.0
2026-03-31 00:00:00,3.9,2.34,5.4,81,0.0,0.0,0.0,0.0,87,0.0,0.0,0.0,0.0
2026-03-31 00:15:00,3.7,2.25,5.3,80,0.0,0.0,0.0,0.0,87,0.0,0.0,0.0,0.0
2026-03-31 00:30:00,3.6,2.28,5.2,80,0.0,0.0,0.0,0.0,88,0.0,0.0,0.0,0.0
2026-03-31 00:45:00,3.5,2.24,5.1,79,0.0,0.0,0.0,0.0,88,0.0,0.0,0.0,0.0
2026-03-31 01:00:00,3.5,2.24,5.1,78,0.0,0.0,0.0,0.0,88,0.0,0.0,0.0,0.0
2026-03-31 01:15:00,3.5,2.33,5.2,84,0.0,0.0,0.0,0.0,88,0.0,0.0,0.0,0.0
2026-03-31 01:30:00,3.7,2.51,5.4,89,0.0,0.0,0.0,0.0,88,0.0,0.0,0.0,0.0
2026-03-31 01:45:00,3.8,2.69,5.6,95,0.0,0.0,0.0,0.0,87,0.0,0.0,0.0,0.0
2026-03-31 02:00:00,3.9,2.79,5.8,100,0.0,0.0,0.0,0.0,87,0.0,0.0,0.0,0.0
2026-03-31 02:15:00,4.0,2.79,5.9,92,0.0,0.0,0.0,0.0,87,0.0,0.0,0.0,0.0
2026-03-31 02:30:00,4.0,2.79,6.0,85,0.0,0.0,0.0,0.0,87,0.0,0.0,0.0,0.0
2026-03-31 02:45:00,4.0,2.82,6.1,77,0.0,0.0,0.0,0.0,88,0.0,0.0,0.0,0.0
2026-03-31 03:00:00,4.0,2.82,6.2,69,0.0,0.0,0.0,0.0,88,0.0,0.0,0.0,0.0
2026-03-31 03:15:00,4.0,2.86,6.3,69,0.0,0.0,0.0,0.0,89,0.0,0.0,0.0,0.0
2026-03-31 03:30:00,3.9,3.0,6.4,69,0.0,0.0,0.0,0.0,89,0.0,0.0,0.0,0.0
2026-03-31 03:45:00,3.8,3.0,6.5,69,0.0,0.0,0.0,0.0,90,0.0,0.0,0.0,0.0
2026-03-31 04:00:00,3.7,3.13,6.6,69,0.0,0.0,0.0,0.0,90,0.0,0.0009041152263374465,0.0,0.0009041152263374465
2026-03-31 04:15:00,3.8,3.22,6.6,72,0.0,0.0,0.0,0.0,90,0.0,0.004381893004115238,0.0,0.004381893004115238
2026-03-31 04:30:00,3.9,3.26,6.6,75,0.0,0.0,0.0,0.0,89,0.0,0.007232921810699572,0.0,0.007232921810699572
2026-03-31 04:45:00,4.0,3.35,6.7,78,0.0,0.0,0.0,0.0,88,0.0,0.01764403292181071,0.0,0.01764403292181071
2026-03-31 05:00:00,4.1,3.35,6.7,81,0.0,0.0,0.0,0.0,87,0.0,0.01764403292181071,0.0,0.01764403292181071
2026-03-31 05:15:00,4.1,3.35,6.8,74,0.0,0.0,0.0,0.0,87,0.0,0.01764403292181071,0.0,0.01764403292181071
2026-03-31 05:30:00,4.0,3.31,7.0,66,0.0,0.0,0.0,0.0,86,0.0,0.01225967078189301,0.0,0.01225967078189301
2026-03-31 05:45:00,3.9,3.18,7.1,59,0.0,0.0,0.0,0.0,86,0.0,0.0024000000000000063,0.0,0.0024000000000000063
2026-03-31 06:00:00,3.8,3.14,7.2,51,0.0,0.0,0.0,0.0,86,0.0,0.0011292181069958876,0.0,0.0011292181069958876
2026-03-31 06:15:00,3.6,3.1,7.2,40,0.0,0.0,0.0,0.0,87,0.0,0.000411522633744857,0.0,0.000411522633744857
2026-03-31 06:30:00,3.5,3.16,7.2,28,0.0,0.0,0.0,0.0,87,0.0,0.001685596707818935,0.0,0.001685596707818935
2026-03-31 06:45:00,3.4,3.16,7.1,17,0.0,0.0,0.0,0.0,88,0.0,0.001685596707818935,0.0,0.001685596707818935
2026-03-31 07:00:00,3.3,3.13,7.0,5,4.0,0.0,3.0,0.0,89,1.7,0.0009041152263374465,0.0,1.7009041152263373
2026-03-31 07:15:00,3.3,3.01,6.8,23,20.0,39.6,18.0,0.0,89,8.5,4.115226337448297e-07,0.0,8.500000411522633
2026-03-31 07:30:00,3.3,2.89,6.5,41,40.0,56.1,35.0,0.0,89,17.0,0.0,0.0,17.0
2026-03-31 07:45:00,3.4,2.79,6.3,59,53.0,62.1,45.0,0.0,89,22.525,0.0,0.0,22.525
2026-03-31 08:00:00,3.5,2.79,6.3,77,55.0,53.6,46.0,0.0,89,23.375,0.0,0.0,23.375
2026-03-31 08:15:00,3.7,3.04,6.6,82,97.0,120.8,72.0,0.0,88,41.225,2.6337448559670858e-05,0.0,41.22502633744856
2026-03-31 08:30:00,3.9,3.45,7.2,87,83.0,65.3,67.0,0.0,87,35.275,0.03750000000000004,0.0,35.3125
2026-03-31 08:45:00,4.2,3.85,7.7,92,140.0,180.5,89.0,0.0,86,59.5,0.25272633744855977,0.0,59.75272633744856
2026-03-31 09:00:00,4.5,4.11,8.2,97,137.0,137.9,93.0,0.0,85,58.225,0.5628111111111116,0.0,58.78781111111111
2026-03-31 09:15:00,4.8,4.02,8.5,96,147.0,132.7,100.0,0.0,83,62.475,0.43671111111111055,0.0,62.91171111111111
2026-03-31 09:30:00,5.1,3.85,8.8,96,157.0,85.0,124.0,0.0,81,66.725,0.25272633744855977,0.0,66.97772633744856
2026-03-31 09:45:00,5.4,3.62,8.9,95,143.0,59.4,118.0,0.0,80,60.775,0.09807736625514409,0.0,60.873077366255146
2026-03-31 10:00:00,5.7,3.4,9.0,94,166.0,86.3,127.0,0.0,78,70.55,0.026337448559670757,0.0,70.57633744855967
2026-03-31 10:15:00,6.0,3.4,8.9,90,169.0,89.3,126.0,0.0,77,71.825,0.026337448559670757,0.0,71.85133744855968
2026-03-31 10:30:00,6.2,3.4,8.7,86,259.0,212.2,151.0,0.0,77,110.075,0.026337448559670757,0.0,110.10133744855968
2026-03-31 10:45:00,6.4,3.45,8.4,82,148.0,18.7,138.0,0.0,76,62.9,0.03750000000000004,0.0,62.9375
2026-03-31 11:00:00,6.6,3.54,8.3,78,213.0,118.2,147.0,0.0,75,90.52499999999999,0.06480000000000001,0.0,90.5898
2026-03-31 11:15:00,6.8,3.62,8.4,83,198.0,62.1,162.0,0.0,74,84.14999999999999,0.09807736625514409,0.0,84.24807736625513
2026-03-31 11:30:00,7.1,3.76,8.6,87,310.0,178.6,203.0,0.0,72,131.75,0.18064855967078172,0.0,131.93064855967077
2026-03-31 11:45:00,7.4,3.85,8.8,92,181.0,73.1,136.0,0.0,70,76.925,0.25272633744855977,0.0,77.17772633744856
2026-03-31 12:00:00,7.7,3.94,8.9,96,335.0,218.9,197.0,0.0,68,142.375,0.34180411522633736,0.0,142.71680411522632
2026-03-31 12:15:00,8.0,3.98,8.9,97,306.0,193.0,182.0,0.0,66,130.04999999999998,0.38732181069958843,0.0,130.43732181069956
2026-03-31 12:30:00,8.3,4.03,8.9,98,462.0,317.4,255.0,0.0,63,196.35,0.4496818930041156,0.0,196.7996818930041
2026-03-31 12:45:00,8.6,3.99,8.9,98,366.0,183.6,245.0,0.0,61,155.54999999999998,0.3993000000000003,0.0,155.9493
2026-03-31 13:00:00,8.8,4.05,8.9,99,426.0,367.7,182.0,0.0,60,181.04999999999998,0.47638888888888853,0.0,181.52638888888887
2026-03-31 13:15:00,8.9,4.11,9.1,99,440.0,333.6,218.0,0.0,60,187.0,0.5628111111111116,0.0,187.5628111111111
2026-03-31 13:30:00,8.8,4.05,9.3,100,378.0,186.5,254.0,0.0,62,160.65,0.47638888888888853,0.0,161.1263888888889
2026-03-31 13:45:00,8.7,4.1,9.5,100,419.0,258.5,248.0,0.0,63,178.075,0.5477366255144027,0.0,178.6227366255144
2026-03-31 14:00:00,8.7,4.1,9.7,100,437.0,306.6,236.0,0.0,64,185.725,0.5477366255144027,0.0,186.2727366255144
2026-03-31 14:15:00,8.8,4.12,9.9,100,137.0,38.6,112.0,0.0,64,58.225,0.5781596707818931,0.0,58.803159670781895
2026-03-31 14:30:00,8.9,4.18,10.0,100,132.0,6.3,128.0,0.0,64,56.1,0.6761448559670775,0.0,56.776144855967075
2026-03-31 14:45:00,9.0,4.14,10.1,100,92.0,14.5,83.0,0.1,63,39.1,0.6096888888888883,0.0,39.70968888888889
2026-03-31 15:00:00,9.1,4.18,10.2,100,278.0,151.6,186.0,0.0,62,118.14999999999999,0.6761448559670775,0.0,118.82614485596707
2026-03-31 15:15:00,9.3,4.18,10.2,95,248.0,169.9,148.0,0.1,61,105.39999999999999,0.6761448559670775,0.0,106.07614485596707
2026-03-31 15:30:00,9.6,4.21,10.2,91,341.0,334.5,151.0,0.1,59,144.92499999999998,0.7290374485596709,0.0,145.65403744855965
2026-03-31 15:45:00,9.8,4.27,10.2,86,296.0,196.2,189.0,0.0,58,125.8,0.8429559670781887,0.0,126.64295596707818
2026-03-31 16:00:00,9.9,4.27,10.4,81,438.0,482.1,187.0,0.0,57,186.15,0.8429559670781887,0.0,186.9929559670782
2026-03-31 16:15:00,10.0,4.33,10.9,86,300.0,297.6,153.0,0.0,58,127.5,0.9681633744855968,0.0,128.46816337448558
2026-03-31 16:30:00,10.0,4.44,11.5,91,286.0,242.8,173.0,0.1,59,121.55,1.2288000000000008,0.0,122.7788
2026-03-31 16:45:00,9.9,4.56,12.2,95,254.0,160.9,184.0,0.1,61,107.95,1.5623111111111099,0.0,109.51231111111112
2026-03-31 17:00:00,9.7,4.53,12.5,100,236.0,205.9,153.0,0.0,63,100.3,1.473900000000001,0.0,101.7739
2026-03-31 17:15:00,9.3,4.38,12.4,99,96.0,10.8,92.0,0.1,66,40.8,1.0815111111111109,0.0,41.88151111111111
2026-03-31 17:30:00,8.8,4.11,12.1,99,76.0,6.0,74.0,0.1,69,32.3,0.5628111111111116,0.0,32.86281111111111
2026-03-31 17:45:00,8.4,3.82,11.7,98,116.0,13.4,112.0,0.2,72,49.3,0.22690041152263354,0.0,49.52690041152263
2026-03-31 18:00:00,8.0,3.61,11.1,97,59.0,30.5,51.0,0.4,74,25.075,0.09340781893004112,0.0,25.16840781893004
2026-03-31 18:15:00,7.7,3.39,10.4,97,75.0,102.5,52.0,0.0,76,31.875,0.024411111111111137,0.0,31.89941111111111
2026-03-31 18:30:00,7.6,3.2,9.5,96,86.0,129.1,62.0,0.0,77,36.55,0.003292181069958856,0.0,36.553292181069956
2026-03-31 18:45:00,7.5,3.09,8.6,96,48.0,54.5,40.0,0.0,78,20.4,0.00029999999999999856,0.0,20.400299999999998
2026-03-31 19:00:00,7.4,3.05,7.8,95,35.0,37.2,31.0,0.0,78,14.875,5.144032921810645e-05,0.0,14.875051440329218
2026-03-31 19:15:00,7.2,2.92,7.2,96,21.0,0.0,21.0,0.0,77,8.924999999999999,0.0,0.0,8.924999999999999
2026-03-31 19:30:00,7.0,2.79,6.6,97,8.0,0.0,8.0,0.0,76,3.4,0.0,0.0,3.4
2026-03-31 19:45:00,6.9,2.6,6.1,98,0.0,0.0,0.0,0.0,75,0.0,0.0,0.0,0.0
2026-03-31 20:00:00,6.7,2.51,5.8,99,0.0,0.0,0.0,0.0,74,0.0,0.0,0.0,0.0
2026-03-31 20:15:00,6.7,2.42,5.7,99,0.0,0.0,0.0,0.0,74,0.0,0.0,0.0,0.0
2026-03-31 20:30:00,6.6,2.28,5.7,100,0.0,0.0,0.0,0.0,75,0.0,0.0,0.0,0.0
2026-03-31 20:45:00,6.6,2.19,5.8,100,0.0,0.0,0.0,0.1,76,0.0,0.0,0.0,0.0
2026-03-31 21:00:00,6.5,2.06,5.7,100,0.0,0.0,0.0,0.0,77,0.0,0.0,0.0,0.0
2026-03-31 21:15:00,6.4,2.02,5.5,97,0.0,0.0,0.0,0.0,79,0.0,0.0,0.0,0.0
2026-03-31 21:30:00,6.2,1.99,5.1,94,0.0,0.0,0.0,0.0,81,0.0,0.0,0.0,0.0
2026-03-31 21:45:00,6.1,1.87,4.8,90,0.0,0.0,0.0,0.0,84,0.0,0.0,0.0,0.0
2026-03-31 22:00:00,5.9,1.87,4.5,87,0.0,0.0,0.0,0.0,86,0.0,0.0,0.0,0.0
2026-03-31 22:15:00,5.7,1.8,4.3,80,0.0,0.0,0.0,0.0,88,0.0,0.0,0.0,0.0
2026-03-31 22:30:00,5.5,1.66,4.3,73,0.0,0.0,0.0,0.0,89,0.0,0.0,0.0,0.0
2026-03-31 22:45:00,5.3,1.61,4.2,66,0.0,0.0,0.0,0.0,90,0.0,0.0,0.0,0.0
2026-03-31 23:00:00,5.1,1.53,4.2,59,0.0,0.0,0.0,0.0,91,0.0,0.0,0.0,0.0
2026-03-31 23:15:00,5.1,1.52,4.2,68,0.0,0.0,0.0,0.0,91,0.0,0.0,0.0,0.0
2026-03-31 23:30:00,5.1,1.53,4.4,76,0.0,0.0,0.0,0.1,90,0.0,0.0,0.0,0.0
2026-03-31 23:45:00,5.1,1.7,4.5,85,0.0,0.0,0.0,0.2,89,0.0,0.0,0.0,0.0
2026-04-01 00:00:00,5.1,1.8,4.5,93,0.0,0.0,0.0,0.1,89,0.0,0.0,0.0,0.0
2026-04-01 00:15:00,5.1,1.8,4.5,90,0.0,0.0,0.0,0.0,89,0.0,0.0,0.0,0.0
2026-04-01 00:30:00,5.1,1.65,4.4,86,0.0,0.0,0.0,0.0,89,0.0,0.0,0.0,0.0
2026-04-01 00:45:00,5.0,1.66,4.3,83,0.0,0.0,0.0,0.0,90,0.0,0.0,0.0,0.0
2026-04-01 01:00:00,4.9,1.66,4.2,79,0.0,0.0,0.0,0.0,90,0.0,0.0,0.0,0.0
2026-04-01 01:15:00,4.7,1.58,4.1,70,0.0,0.0,0.0,0.0,90,0.0,0.0,0.0,0.0
2026-04-01 01:30:00,4.4,1.44,4.0,62,0.0,0.0,0.0,0.0,91,0.0,0.0,0.0,0.0
2026-04-01 01:45:00,4.1,1.39,3.8,53,0.0,0.0,0.0,0.0,91,0.0,0.0,0.0,0.0
2026-04-01 02:00:00,3.8,1.25,3.7,44,0.0,0.0,0.0,0.0,92,0.0,0.0,0.0,0.0
2026-04-01 02:15:00,3.7,1.25,3.6,33,0.0,0.0,0.0,0.0,93,0.0,0.0,0.0,0.0
2026-04-01 02:30:00,3.6,1.25,3.5,22,0.0,0.0,0.0,0.0,93,0.0,0.0,0.0,0.0
2026-04-01 02:45:00,3.5,1.25,3.3,11,0.0,0.0,0.0,0.0,94,0.0,0.0,0.0,0.0
2026-04-01 03:00:00,3.4,1.25,3.2,0,0.0,0.0,0.0,0.0,94,0.0,0.0,0.0,0.0
2026-04-01 03:15:00,3.3,1.17,3.0,0,0.0,0.0,0.0,0.0,94,0.0,0.0,0.0,0.0
2026-04-01 03:30:00,3.2,1.08,2.7,0,0.0,0.0,0.0,0.0,94,0.0,0.0,0.0,0.0
2026-04-01 03:45:00,3.1,1.0,2.5,0,0.0,0.0,0.0,0.0,94,0.0,0.0,0.0,0.0
2026-04-01 04:00:00,2.9,1.0,2.4,0,0.0,0.0,0.0,0.0,95,0.0,0.0,0.0,0.0
2026-04-01 04:15:00,2.6,1.0,2.5,22,0.0,0.0,0.0,0.0,96,0.0,0.0,0.0,0.0
2026-04-01 04:30:00,2.2,1.08,2.7,44,0.0,0.0,0.0,0.0,98,0.0,0.0,0.0,0.0
2026-04-01 04:45:00,1.8,1.17,3.0,66,0.0,0.0,0.0,0.0,99,0.0,0.0,0.0,0.0
2026-04-01 05:00:00,1.4,1.17,3.1,88,0.0,0.0,0.0,0.0,100,0.0,0.0,0.0,0.0
2026-04-01 05:15:00,1.1,1.08,3.1,91,0.0,0.0,0.0,0.0,100,0.0,0.0,0.0,0.0
2026-04-01 05:30:00,0.9,0.92,3.1,94,0.0,0.0,0.0,0.0,100,0.0,0.0,0.0,0.0
2026-04-01 05:45:00,0.6,0.78,3.0,97,0.0,0.0,0.0,0.0,100,0.0,0.0,0.0,0.0
2026-04-01 06:00:00,0.5,0.72,2.8,100,0.0,0.0,0.0,0.0,100,0.0,0.0,0.0,0.0
2026-04-01 06:15:00,0.4,0.64,2.6,100,0.0,0.0,0.0,0.0,100,0.0,0.0,0.0,0.0
2026-04-01 06:30:00,0.3,0.64,2.2,100,0.0,0.0,0.0,0.0,100,0.0,0.0,0.0,0.0
2026-04-01 06:45:00,0.3,0.63,1.9,100,0.0,0.0,0.0,0.0,100,0.0,0.0,0.0,0.0
2026-04-01 07:00:00,0.4,0.61,1.7,100,4.0,0.0,4.0,0.0,100,1.7,0.0,0.0,1.7
2026-04-01 07:15:00,0.6,0.51,1.6,97,15.0,0.0,15.0,0.0,99,6.375,0.0,0.0,6.375
