timestamp,DE_LU,NL,FR
2024-12-24 21:00:00+00:00,99.04,99.04,99.04
2024-12-24 22:00:00+00:00,90.0,90.0,90.0
2024-12-24 23:00:00+00:00,91.37,91.37,91.37
2024-12-25 00:00:00+00:00,86.44,86.44,86.44
2024-12-25 01:00:00+00:00,85.07,85.07,85.07
2024-12-25 02:00:00+00:00,80.81,80.81,80.81
2024-12-25 03:00:00+00:00,75.99,75.99,75.99
2024-12-25 04:00:00+00:00,80.81,80.81,80.81
2024-12-25 05:00:00+00:00,83.01,83.01,83.01
2024-12-25 06:00:00+00:00,84.94,84.94,84.94
2024-12-25 07:00:00+00:00,90.21,90.21,90.21
2024-12-25 08:00:00+00:00,99.24,99.24,99.24
2024-12-25 09:00:00+00:00,93.56,93.56,93.56
2024-12-25 10:00:00+00:00,92.55,92.55,92.55
2024-12-25 11:00:00+00:00,94.41,94.41,94.41
2024-12-25 12:00:00+00:00,91.03,91.03,91.01
2024-12-25 13:00:00+00:00,99.17,99.17,85.08
2024-12-25 14:00:00+00:00,112.69,110.0,92.55
2024-12-25 15:00:00+00:00,118.01,116.71,108.27
2024-12-25 16:00:00+00:00,120.53,120.52,120.5
2024-12-25 17:00:00+00:00,119.11,119.1,119.07
2024-12-25 18:00:00+00:00,118.01,118.0,117.98
2024-12-25 19:00:00+00:00,118.33,118.32,118.29
2024-12-25 20:00:00+00:00,113.01,113.01,113.01
2024-12-25 21:00:00+00:00,114.07,114.07,114.07
2024-12-25 22:00:00+00:00,104.63,104.63,104.63
2024-12-25 23:00:00+00:00,102.17,102.17,102.17
2024-12-26 00:00:00+00:00,95.06,95.06,95.06
2024-12-26 01:00:00+00:00,94.61,94.61,94.61
2024-12-26 02:00:00+00:00,89.64,89.64,89.64
2024-12-26 03:00:00+00:00,90.87,90.87,90.87
2024-12-26 04:00:00+00:00,95.1,95.1,95.1
2024-12-26 05:00:00+00:00,99.0,99.0,99.0
2024-12-26 06:00:00+00:00,112.61,112.62,112.64
2024-12-26 07:00:00+00:00,119.1,119.18,119.44
2024-12-26 08:00:00+00:00,118.23,118.23,118.23
2024-12-26 09:00:00+00:00,113.25,113.25,113.25
2024-12-26 10:00:00+00:00,106.01,106.01,106.01
2024-12-26 11:00:00+00:00,107.71,107.71,107.71
2024-12-26 12:00:00+00:00,103.9,103.9,103.9
2024-12-26 13:00:00+00:00,109.64,109.64,109.64
2024-12-26 14:00:00+00:00,120.75,120.75,120.75
2024-12-26 15:00:00+00:00,129.64,128.66,123.26
2024-12-26 16:00:00+00:00,137.9,137.9,137.9
2024-12-26 17:00:00+00:00,138.05,138.05,138.05
2024-12-26 18:00:00+00:00,135.71,135.71,135.71
2024-12-26 19:00:00+00:00,129.13,129.13,129.13
2024-12-26 20:00:00+00:00,120.85,120.85,120.85
2024-12-26 21:00:00+00:00,123.5,123.5,123.5
2024-12-26 22:00:00+00:00,116.98,116.98,116.98
2024-12-26 23:00:00+00:00,106.79,106.79,106.79
2024-12-27 00:00:00+00:00,101.52,101.52,101.52
2024-12-27 01:00:00+00:00,101.03,101.03,101.03
2024-12-27 02:00:00+00:00,99.74,99.74,99.74
2024-12-27 03:00:00+00:00,99.58,99.58,99.58
2024-12-27 04:00:00+00:00,106.2,106.2,106.2
2024-12-27 05:00:00+00:00,115.7,115.7,115.7
2024-12-27 06:00:00+00:00,124.29,124.29,124.29
2024-12-27 07:00:00+00:00,131.85,131.85,131.85
2024-12-27 08:00:00+00:00,130.15,130.15,130.15
2024-12-27 09:00:00+00:00,120.1,120.1,120.1
2024-12-27 10:00:00+00:00,107.94,107.94,107.94
2024-12-27 11:00:00+00:00,107.81,107.81,107.81
2024-12-27 12:00:00+00:00,107.94,107.94,107.94
2024-12-27 13:00:00+00:00,121.65,120.12,110.3
2024-12-27 14:00:00+00:00,136.46,133.64,114.15
2024-12-27 15:00:00+00:00,146.25,144.21,129.98
2024-12-27 16:00:00+00:00,151.8,151.55,149.78
2024-12-27 17:00:00+00:00,158.4,158.4,158.4
2024-12-27 18:00:00+00:00,146.43,146.43,146.43
2024-12-27 19:00:00+00:00,133.14,133.14,133.14
2024-12-27 20:00:00+00:00,125.42,125.42,125.42
2024-12-27 21:00:00+00:00,126.76,126.76,126.76
2024-12-27 22:00:00+00:00,114.0,114.0,114.0
2024-12-27 23:00:00+00:00,126.4,126.4,126.4
2024-12-28 00:00:00+00:00,116.63,116.63,116.63
2024-12-28 01:00:00+00:00,110.15,110.15,110.15
2024-12-28 02:00:00+00:00,105.92,105.92,105.92
2024-12-28 03:00:00+00:00,102.93,102.93,102.93
2024-12-28 04:00:00+00:00,105.58,105.58,105.58
2024-12-28 05:00:00+00:00,109.71,109.71,109.71
2024-12-28 06:00:00+00:00,124.24,124.24,124.24
2024-12-28 07:00:00+00:00,128.0,128.0,128.0
2024-12-28 08:00:00+00:00,128.3,128.3,128.3
2024-12-28 09:00:00+00:00,122.83,122.83,122.83
2024-12-28 10:00:00+00:00,113.4,113.4,113.4
2024-12-28 11:00:00+00:00,108.97,108.97,108.97
2024-12-28 12:00:00+00:00,110.01,110.01,110.01
2024-12-28 13:00:00+00:00,117.83,117.24,114.09
2024-12-28 14:00:00+00:00,137.84,134.1,114.09
2024-12-28 15:00:00+00:00,143.25,140.02,121.27
2024-12-28 16:00:00+00:00,152.0,150.49,142.61
2024-12-28 17:00:00+00:00,147.51,147.8,148.3
2024-12-28 18:00:00+00:00,140.48,140.88,141.74
2024-12-28 19:00:00+00:00,129.26,129.59,130.3
2024-12-28 20:00:00+00:00,125.9,125.9,125.9
2024-12-28 21:00:00+00:00,121.25,121.25,121.25
2024-12-28 22:00:00+00:00,114.93,115.0,115.16
2024-12-28 23:00:00+00:00,127.39,127.39,127.39
2024-12-29 00:00:00+00:00,114.09,114.09,114.09
2024-12-29 01:00:00+00:00,107.71,107.71,107.71
2024-12-29 02:00:00+00:00,101.7,101.7,101.7
2024-12-29 03:00:00+00:00,97.73,97.73,97.73
2024-12-29 04:00:00+00:00,98.61,98.61,98.61
2024-12-29 05:00:00+00:00,98.16,98.16,98.16
2024-12-29 06:00:00+00:00,102.09,103.56,102.53
2024-12-29 07:00:00+00:00,110.71,110.71,110.71
2024-12-29 08:00:00+00:00,114.65,118.17,115.83
2024-12-29 09:00:00+00:00,104.07,128.7,115.58
2024-12-29 10:00:00+00:00,100.19,121.2,109.94
2024-12-29 11:00:00+00:00,100.72,122.77,109.4
2024-12-29 12:00:00+00:00,99.73,124.0,108.88
2024-12-29 13:00:00+00:00,98.44,128.7,109.81
2024-12-29 14:00:00+00:00,104.01,120.01,113.87
2024-12-29 15:00:00+00:00,121.73,122.88,125.13
2024-12-29 16:00:00+00:00,122.0,144.93,133.01
2024-12-29 17:00:00+00:00,126.11,138.1,134.4
2024-12-29 18:00:00+00:00,121.34,109.9,133.72
2024-12-29 19:00:00+00:00,109.92,95.08,123.92
2024-12-29 20:00:00+00:00,90.21,92.86,118.59
2024-12-29 21:00:00+00:00,83.79,86.13,119.1
2024-12-29 22:00:00+00:00,71.63,73.73,103.18
2024-12-29 23:00:00+00:00,71.73,75.53,105.48
2024-12-30 00:00:00+00:00,68.6,76.2,100.81
2024-12-30 01:00:00+00:00,68.6,65.2,98.45
2024-12-30 02:00:00+00:00,64.65,40.0,89.19
2024-12-30 03:00:00+00:00,66.89,34.9,82.97
2024-12-30 04:00:00+00:00,69.17,67.03,90.58
2024-12-30 05:00:00+00:00,71.14,73.63,98.82
2024-12-30 06:00:00+00:00,80.2,81.56,110.78
2024-12-30 07:00:00+00:00,86.3,108.3,126.7
2024-12-30 08:00:00+00:00,87.06,133.58,128.01
2024-12-30 09:00:00+00:00,83.71,135.0,122.09
2024-12-30 10:00:00+00:00,78.88,124.9,119.04
2024-12-30 11:00:00+00:00,82.86,85.1,121.42
2024-12-30 12:00:00+00:00,80.5,80.86,116.02
2024-12-30 13:00:00+00:00,83.7,84.4,119.5
2024-12-30 14:00:00+00:00,92.42,103.4,120.0
2024-12-30 15:00:00+00:00,96.97,136.0,128.08
2024-12-30 16:00:00+00:00,109.97,150.0,133.19
2024-12-30 17:00:00+00:00,100.0,109.93,140.12
2024-12-30 18:00:00+00:00,86.62,87.42,144.3
2024-12-30 19:00:00+00:00,74.83,75.84,139.39
2024-12-30 20:00:00+00:00,68.02,68.51,130.74
2024-12-30 21:00:00+00:00,67.26,67.95,128.95
2024-12-30 22:00:00+00:00,35.66,36.47,126.45
2024-12-30 23:00:00+00:00,50.49,76.3,113.58
2024-12-31 00:00:00+00:00,45.9,54.9,102.54
2024-12-31 01:00:00+00:00,56.43,56.43,97.92
2024-12-31 02:00:00+00:00,57.06,34.9,92.59
2024-12-31 03:00:00+00:00,63.92,30.88,88.79
2024-12-31 04:00:00+00:00,63.72,30.21,90.13
2024-12-31 05:00:00+00:00,63.7,40.0,108.05
2024-12-31 06:00:00+00:00,71.63,70.29,120.92
2024-12-31 07:00:00+00:00,78.43,99.0,131.38
2024-12-31 08:00:00+00:00,83.46,147.99,127.49
2024-12-31 09:00:00+00:00,82.47,149.9,121.41
2024-12-31 10:00:00+00:00,81.03,137.0,108.88
2024-12-31 11:00:00+00:00,81.17,121.7,102.39
2024-12-31 12:00:00+00:00,78.93,99.0,95.63
2024-12-31 13:00:00+00:00,76.84,84.0,93.14
2024-12-31 14:00:00+00:00,82.07,84.32,92.11
2024-12-31 15:00:00+00:00,83.67,94.9,97.52
2024-12-31 16:00:00+00:00,83.25,121.7,105.68
2024-12-31 17:00:00+00:00,77.68,99.0,111.22
2024-12-31 18:00:00+00:00,67.77,70.56,92.78
2024-12-31 19:00:00+00:00,35.56,59.9,79.04
2024-12-31 20:00:00+00:00,15.7,18.2,50.11
2024-12-31 21:00:00+00:00,9.06,9.06,63.36
2024-12-31 22:00:00+00:00,0.52,0.52,60.18
2024-12-31 23:00:00+00:00,2.16,13.62,12.36
2025-01-01 00:00:00+00:00,1.6,6.24,18.92
2025-01-01 01:00:00+00:00,0.0,4.16,16.66
2025-01-01 02:00:00+00:00,-0.01,3.28,13.1
2025-01-01 03:00:00+00:00,-0.01,0.68,5.9
2025-01-01 04:00:00+00:00,-0.06,0.0,9.27
2025-01-01 05:00:00+00:00,-0.09,0.76,10.04
2025-01-01 06:00:00+00:00,-0.01,0.79,7.23
2025-01-01 07:00:00+00:00,-0.01,1.89,12.83
2025-01-01 08:00:00+00:00,-0.04,7.5,13.76
2025-01-01 09:00:00+00:00,-0.03,27.32,17.95
2025-01-01 10:00:00+00:00,-0.1,37.49,20.59
2025-01-01 11:00:00+00:00,-0.05,60.1,28.11
2025-01-01 12:00:00+00:00,-0.1,63.32,30.0
2025-01-01 13:00:00+00:00,-1.01,47.0,21.5
2025-01-01 14:00:00+00:00,-0.01,50.1,10.68
2025-01-01 15:00:00+00:00,-0.01,27.64,20.18
2025-01-01 16:00:00+00:00,0.07,79.97,35.72
2025-01-01 17:00:00+00:00,1.01,95.0,48.06
2025-01-01 18:00:00+00:00,1.48,95.0,50.14
2025-01-01 19:00:00+00:00,1.0,81.49,41.5
2025-01-01 20:00:00+00:00,0.07,68.96,34.93
2025-01-01 21:00:00+00:00,10.05,46.37,34.69
2025-01-01 22:00:00+00:00,7.01,38.0,28.04
2025-01-01 23:00:00+00:00,2.55,101.94,39.84
2025-01-02 00:00:00+00:00,1.56,146.95,44.1
2025-01-02 01:00:00+00:00,3.45,148.44,44.7
2025-01-02 02:00:00+00:00,7.02,138.0,42.92
2025-01-02 03:00:00+00:00,12.75,100.1,40.15
2025-01-02 04:00:00+00:00,30.07,107.47,52.51
2025-01-02 05:00:00+00:00,67.13,154.68,93.3
2025-01-02 06:00:00+00:00,98.83,174.7,120.03
2025-01-02 07:00:00+00:00,121.53,175.07,135.52
2025-01-02 08:00:00+00:00,127.23,165.37,136.48
2025-01-02 09:00:00+00:00,126.35,136.0,129.04
2025-01-02 10:00:00+00:00,119.97,111.93,125.7
2025-01-02 11:00:00+00:00,115.95,101.52,125.72
2025-01-02 12:00:00+00:00,113.9,105.6,119.3
2025-01-02 13:00:00+00:00,122.21,118.95,124.65
2025-01-02 14:00:00+00:00,130.11,130.11,130.11
2025-01-02 15:00:00+00:00,138.59,138.81,139.5
2025-01-02 16:00:00+00:00,152.87,153.0,153.4
2025-01-02 17:00:00+00:00,152.94,152.99,153.15
2025-01-02 18:00:00+00:00,139.15,128.0,146.66
2025-01-02 19:00:00+00:00,130.0,129.17,130.6
2025-01-02 20:00:00+00:00,119.78,120.0,120.62
2025-01-02 21:00:00+00:00,113.42,119.9,117.89
2025-01-02 22:00:00+00:00,82.47,116.07,118.56
2025-01-02 23:00:00+00:00,99.56,114.32,103.88
2025-01-03 00:00:00+00:00,87.53,115.0,95.18
2025-01-03 01:00:00+00:00,85.01,103.0,89.94
2025-01-03 02:00:00+00:00,83.79,98.0,87.67
2025-01-03 03:00:00+00:00,77.5,78.15,84.06
2025-01-03 04:00:00+00:00,79.88,71.0,92.25
2025-01-03 05:00:00+00:00,83.56,68.96,100.14
2025-01-03 06:00:00+00:00,78.43,86.0,119.27
2025-01-03 07:00:00+00:00,82.57,112.64,127.28
2025-01-03 08:00:00+00:00,80.76,134.51,132.97
2025-01-03 09:00:00+00:00,77.64,100.0,130.52
2025-01-03 10:00:00+00:00,70.48,86.6,123.2
2025-01-03 11:00:00+00:00,69.94,83.8,113.51
2025-01-03 12:00:00+00:00,77.8,97.2,107.6
2025-01-03 13:00:00+00:00,78.81,117.05,105.88
2025-01-03 14:00:00+00:00,85.29,149.99,110.22
2025-01-03 15:00:00+00:00,105.51,125.8,123.2
2025-01-03 16:00:00+00:00,116.66,149.93,141.2
2025-01-03 17:00:00+00:00,115.06,133.2,144.48
2025-01-03 18:00:00+00:00,114.91,124.3,141.43
2025-01-03 19:00:00+00:00,113.3,125.0,133.2
2025-01-03 20:00:00+00:00,107.8,155.2,119.9
2025-01-03 21:00:00+00:00,98.22,133.2,123.58
2025-01-03 22:00:00+00:00,88.57,192.7,126.09
2025-01-03 23:00:00+00:00,90.43,136.4,109.06
2025-01-04 00:00:00+00:00,90.29,130.39,101.0
2025-01-04 01:00:00+00:00,90.2,106.7,95.53
2025-01-04 02:00:00+00:00,91.52,99.0,94.33
2025-01-04 03:00:00+00:00,95.95,96.09,96.62
2025-01-04 04:00:00+00:00,102.11,102.22,102.63
2025-01-04 05:00:00+00:00,110.66,110.7,110.89
2025-01-04 06:00:00+00:00,119.96,120.02,120.25
2025-01-04 07:00:00+00:00,128.39,128.39,128.39
2025-01-04 08:00:00+00:00,130.75,130.75,130.75
2025-01-04 09:00:00+00:00,130.34,130.34,130.34
2025-01-04 10:00:00+00:00,128.29,128.29,128.29
2025-01-04 11:00:00+00:00,130.03,130.03,130.03
2025-01-04 12:00:00+00:00,129.85,129.85,129.85
2025-01-04 13:00:00+00:00,136.4,136.4,136.4
2025-01-04 14:00:00+00:00,138.72,138.76,138.89
2025-01-04 15:00:00+00:00,142.0,141.2,133.52
2025-01-04 16:00:00+00:00,151.24,149.83,136.78
2025-01-04 17:00:00+00:00,143.85,144.17,145.0
2025-01-04 18:00:00+00:00,137.96,138.38,139.73
2025-01-04 19:00:00+00:00,129.49,129.73,130.49
2025-01-04 20:00:00+00:00,122.83,123.07,123.82
2025-01-04 21:00:00+00:00,118.29,118.54,119.23
2025-01-04 22:00:00+00:00,109.49,109.61,109.9
2025-01-04 23:00:00+00:00,113.84,111.61,101.77
2025-01-05 00:00:00+00:00,100.33,94.76,70.5
2025-01-05 01:00:00+00:00,93.61,85.62,64.81
2025-01-05 02:00:00+00:00,93.87,82.94,46.7
2025-01-05 03:00:00+00:00,89.38,74.73,43.87
2025-01-05 04:00:00+00:00,83.55,67.0,36.61
2025-01-05 05:00:00+00:00,83.92,65.67,34.04
2025-01-05 06:00:00+00:00,82.53,64.22,44.0
2025-01-05 07:00:00+00:00,84.05,75.5,51.27
2025-01-05 08:00:00+00:00,89.15,75.7,50.0
2025-01-05 09:00:00+00:00,82.95,82.95,49.81
2025-01-05 10:00:00+00:00,88.82,80.02,43.05
2025-01-05 11:00:00+00:00,81.66,81.66,45.74
2025-01-05 12:00:00+00:00,78.39,65.32,35.19
2025-01-05 13:00:00+00:00,68.0,59.67,30.0
2025-01-05 14:00:00+00:00,50.64,49.98,28.0
2025-01-05 15:00:00+00:00,49.91,49.91,35.22
2025-01-05 16:00:00+00:00,66.3,63.23,57.72
2025-01-05 17:00:00+00:00,65.05,61.13,64.81
2025-01-05 18:00:00+00:00,51.28,52.08,59.06
2025-01-05 19:00:00+00:00,36.85,40.88,50.97
2025-01-05 20:00:00+00:00,36.8,39.0,48.89
2025-01-05 21:00:00+00:00,34.68,32.48,38.22
2025-01-05 22:00:00+00:00,28.14,20.36,20.55
2025-01-05 23:00:00+00:00,27.52,25.99,13.28
2025-01-06 00:00:00+00:00,19.26,9.65,8.35
2025-01-06 01:00:00+00:00,11.35,6.2,5.23
2025-01-06 02:00:00+00:00,9.2,2.77,3.52
2025-01-06 03:00:00+00:00,10.0,1.97,3.52
2025-01-06 04:00:00+00:00,14.81,3.69,5.61
2025-01-06 05:00:00+00:00,23.82,10.0,11.27
2025-01-06 06:00:00+00:00,31.72,45.54,37.0
2025-01-06 07:00:00+00:00,41.37,72.0,58.15
2025-01-06 08:00:00+00:00,36.36,77.03,51.15
2025-01-06 09:00:00+00:00,34.69,60.0,40.81
2025-01-06 10:00:00+00:00,32.83,40.28,32.83
2025-01-06 11:00:00+00:00,31.28,42.06,31.28
2025-01-06 12:00:00+00:00,28.6,45.06,28.6
2025-01-06 13:00:00+00:00,25.61,64.57,26.95
2025-01-06 14:00:00+00:00,26.32,77.94,26.32
2025-01-06 15:00:00+00:00,26.87,77.92,38.49
2025-01-06 16:00:00+00:00,31.66,102.91,67.5
2025-01-06 17:00:00+00:00,31.58,126.66,88.34
2025-01-06 18:00:00+00:00,28.74,119.95,79.66
2025-01-06 19:00:00+00:00,26.59,99.9,67.18
2025-01-06 20:00:00+00:00,13.82,79.94,48.79
2025-01-06 21:00:00+00:00,26.94,73.43,48.02
2025-01-06 22:00:00+00:00,12.99,50.96,28.8
2025-01-06 23:00:00+00:00,19.07,19.51,20.88
2025-01-07 00:00:00+00:00,8.71,8.71,6.66
2025-01-07 01:00:00+00:00,8.9,8.9,12.54
2025-01-07 02:00:00+00:00,5.01,5.01,5.59
2025-01-07 03:00:00+00:00,5.13,5.13,0.4
2025-01-07 04:00:00+00:00,5.8,5.8,12.49
2025-01-07 05:00:00+00:00,48.86,60.0,60.01
2025-01-07 06:00:00+00:00,76.83,116.56,97.56
2025-01-07 07:00:00+00:00,85.08,165.98,115.0
2025-01-07 08:00:00+00:00,84.24,138.5,105.18
2025-01-07 09:00:00+00:00,75.25,110.74,93.49
2025-01-07 10:00:00+00:00,62.8,79.95,74.93
2025-01-07 11:00:00+00:00,62.44,70.1,71.25
2025-01-07 12:00:00+00:00,63.9,67.33,73.12
2025-01-07 13:00:00+00:00,72.56,75.0,79.76
2025-01-07 14:00:00+00:00,78.11,84.9,85.0
2025-01-07 15:00:00+00:00,79.98,125.58,100.64
2025-01-07 16:00:00+00:00,96.03,160.7,118.34
2025-01-07 17:00:00+00:00,101.11,173.86,128.87
2025-01-07 18:00:00+00:00,86.21,127.5,125.0
2025-01-07 19:00:00+00:00,78.01,102.9,107.24
2025-01-07 20:00:00+00:00,72.45,97.6,100.55
2025-01-07 21:00:00+00:00,72.45,82.2,98.53
2025-01-07 22:00:00+00:00,50.04,80.01,89.27
2025-01-07 23:00:00+00:00,71.05,66.19,74.23
2025-01-08 00:00:00+00:00,68.01,52.96,69.5
2025-01-08 01:00:00+00:00,63.34,50.17,59.97
2025-01-08 02:00:00+00:00,57.01,49.9,53.0
2025-01-08 03:00:00+00:00,66.29,52.8,59.52
2025-01-08 04:00:00+00:00,72.07,68.93,70.2
2025-01-08 05:00:00+00:00,82.7,75.1,97.41
2025-01-08 06:00:00+00:00,100.73,120.46,124.39
2025-01-08 07:00:00+00:00,128.22,141.04,135.01
2025-01-08 08:00:00+00:00,108.18,146.77,131.32
2025-01-08 09:00:00+00:00,94.65,125.6,125.04
2025-01-08 10:00:00+00:00,100.01,108.63,104.46
2025-01-08 11:00:00+00:00,89.99,105.87,97.57
2025-01-08 12:00:00+00:00,97.2,102.37,100.21
2025-01-08 13:00:00+00:00,110.19,110.28,110.19
2025-01-08 14:00:00+00:00,127.8,127.97,126.62
2025-01-08 15:00:00+00:00,135.82,137.31,124.05
2025-01-08 16:00:00+00:00,155.46,157.35,124.58
2025-01-08 17:00:00+00:00,149.23,162.0,137.58
2025-01-08 18:00:00+00:00,146.48,146.66,131.0
2025-01-08 19:00:00+00:00,136.86,134.87,124.81
2025-01-08 20:00:00+00:00,127.86,125.11,112.66
2025-01-08 21:00:00+00:00,115.92,114.4,111.9
2025-01-08 22:00:00+00:00,103.59,100.5,98.77
2025-01-08 23:00:00+00:00,101.44,99.98,60.38
2025-01-09 00:00:00+00:00,100.0,100.0,49.9
2025-01-09 01:00:00+00:00,98.77,92.46,51.86
2025-01-09 02:00:00+00:00,95.22,85.1,25.61
2025-01-09 03:00:00+00:00,98.28,84.64,13.01
2025-01-09 04:00:00+00:00,102.65,90.77,30.29
2025-01-09 05:00:00+00:00,133.54,121.04,60.08
2025-01-09 06:00:00+00:00,148.8,141.9,90.79
2025-01-09 07:00:00+00:00,164.88,152.28,100.99
2025-01-09 08:00:00+00:00,156.15,145.41,102.44
2025-01-09 09:00:00+00:00,147.64,138.91,97.45
2025-01-09 10:00:00+00:00,140.21,131.91,90.41
2025-01-09 11:00:00+00:00,128.18,122.39,94.75
2025-01-09 12:00:00+00:00,121.15,114.85,84.19
2025-01-09 13:00:00+00:00,123.95,116.27,80.89
2025-01-09 14:00:00+00:00,127.53,121.29,88.11
2025-01-09 15:00:00+00:00,123.75,122.0,109.4
2025-01-09 16:00:00+00:00,130.91,131.07,131.62
2025-01-09 17:00:00+00:00,134.75,134.52,135.73
2025-01-09 18:00:00+00:00,125.44,112.95,135.01
2025-01-09 19:00:00+00:00,119.23,119.23,120.36
2025-01-09 20:00:00+00:00,104.99,105.17,105.8
2025-01-09 21:00:00+00:00,101.1,100.92,101.43
2025-01-09 22:00:00+00:00,88.19,80.01,94.26
2025-01-09 23:00:00+00:00,84.79,90.97,86.82
2025-01-10 00:00:00+00:00,80.23,80.23,80.25
2025-01-10 01:00:00+00:00,71.29,71.4,72.09
2025-01-10 02:00:00+00:00,69.05,69.2,69.94
2025-01-10 03:00:00+00:00,69.89,69.92,70.07
2025-01-10 04:00:00+00:00,83.9,84.17,85.06
2025-01-10 05:00:00+00:00,99.09,99.09,101.8
2025-01-10 06:00:00+00:00,123.92,123.92,126.12
2025-01-10 07:00:00+00:00,139.47,139.69,140.33
2025-01-10 08:00:00+00:00,136.92,136.98,137.22
2025-01-10 09:00:00+00:00,123.57,123.57,123.57
2025-01-10 10:00:00+00:00,113.59,113.59,113.59
2025-01-10 11:00:00+00:00,107.43,107.43,107.43
2025-01-10 12:00:00+00:00,105.01,105.01,105.01
2025-01-10 13:00:00+00:00,110.01,110.01,110.01
2025-01-10 14:00:00+00:00,128.69,128.69,128.69
2025-01-10 15:00:00+00:00,134.87,135.01,135.57
2025-01-10 16:00:00+00:00,142.56,142.6,142.72
2025-01-10 17:00:00+00:00,144.12,144.15,144.28
2025-01-10 18:00:00+00:00,141.05,141.1,141.27
2025-01-10 19:00:00+00:00,134.82,134.82,134.83
2025-01-10 20:00:00+00:00,122.51,122.51,122.51
2025-01-10 21:00:00+00:00,119.77,119.77,119.79
2025-01-10 22:00:00+00:00,111.71,111.74,112.0
2025-01-10 23:00:00+00:00,106.64,118.88,112.0
2025-01-11 00:00:00+00:00,98.99,104.09,100.61
2025-01-11 01:00:00+00:00,95.71,97.4,96.32
2025-01-11 02:00:00+00:00,89.45,95.8,92.02
2025-01-11 03:00:00+00:00,88.35,95.0,90.82
2025-01-11 04:00:00+00:00,88.4,98.61,92.16
2025-01-11 05:00:00+00:00,88.13,105.1,95.46
2025-01-11 06:00:00+00:00,94.68,119.9,104.07
2025-01-11 07:00:00+00:00,107.65,128.34,115.85
2025-01-11 08:00:00+00:00,103.14,141.93,118.19
2025-01-11 09:00:00+00:00,101.13,127.81,114.24
2025-01-11 10:00:00+00:00,99.56,101.61,100.58
2025-01-11 11:00:00+00:00,96.74,97.57,97.14
2025-01-11 12:00:00+00:00,93.15,93.15,93.15
2025-01-11 13:00:00+00:00,94.9,95.74,95.74
2025-01-11 14:00:00+00:00,104.89,105.23,105.05
2025-01-11 15:00:00+00:00,112.12,112.46,113.29
2025-01-11 16:00:00+00:00,119.8,120.12,120.97
2025-01-11 17:00:00+00:00,122.34,124.1,123.86
2025-01-11 18:00:00+00:00,114.85,135.0,123.55
2025-01-11 19:00:00+00:00,111.19,131.4,119.95
2025-01-11 20:00:00+00:00,104.8,124.2,116.2
2025-01-11 21:00:00+00:00,103.07,124.19,113.27
2025-01-11 22:00:00+00:00,105.69,105.94,106.1
2025-01-11 23:00:00+00:00,83.58,140.6,110.36
2025-01-12 00:00:00+00:00,83.79,115.0,97.57
2025-01-12 01:00:00+00:00,86.75,100.0,90.0
2025-01-12 02:00:00+00:00,84.2,90.0,85.91
2025-01-12 03:00:00+00:00,85.0,85.0,85.0
2025-01-12 04:00:00+00:00,83.75,89.9,85.7
2025-01-12 05:00:00+00:00,85.9,97.0,90.13
2025-01-12 06:00:00+00:00,101.75,101.75,101.75
2025-01-12 07:00:00+00:00,114.67,114.76,114.97
2025-01-12 08:00:00+00:00,120.07,120.07,120.07
2025-01-12 09:00:00+00:00,117.77,117.77,117.77
2025-01-12 10:00:00+00:00,105.61,105.61,105.61
2025-01-12 11:00:00+00:00,102.99,102.99,102.99
2025-01-12 12:00:00+00:00,99.61,99.61,99.61
2025-01-12 13:00:00+00:00,104.74,103.23,95.4
2025-01-12 14:00:00+00:00,118.7,116.32,101.24
2025-01-12 15:00:00+00:00,132.92,129.52,109.56
2025-01-12 16:00:00+00:00,141.0,138.12,120.61
2025-01-12 17:00:00+00:00,146.66,146.66,146.66
2025-01-12 18:00:00+00:00,143.66,142.79,138.07
2025-01-12 19:00:00+00:00,134.86,133.11,124.0
2025-01-12 20:00:00+00:00,127.49,126.85,123.67
2025-01-12 21:00:00+00:00,121.2,120.45,116.73
2025-01-12 22:00:00+00:00,114.9,114.9,114.9
2025-01-12 23:00:00+00:00,112.39,112.39,112.39
2025-01-13 00:00:00+00:00,105.07,105.07,105.07
2025-01-13 01:00:00+00:00,104.46,104.46,104.46
2025-01-13 02:00:00+00:00,100.37,100.37,100.37
2025-01-13 03:00:00+00:00,100.0,100.0,100.0
2025-01-13 04:00:00+00:00,110.11,109.97,109.13
2025-01-13 05:00:00+00:00,140.28,138.67,127.14
2025-01-13 06:00:00+00:00,181.92,177.83,150.16
2025-01-13 07:00:00+00:00,223.09,218.8,186.0
2025-01-13 08:00:00+00:00,174.09,171.0,146.5
2025-01-13 09:00:00+00:00,141.69,139.97,128.38
2025-01-13 10:00:00+00:00,115.73,115.58,116.13
2025-01-13 11:00:00+00:00,104.1,104.83,105.69
2025-01-13 12:00:00+00:00,103.04,103.11,100.81
2025-01-13 13:00:00+00:00,104.67,105.55,104.91
2025-01-13 14:00:00+00:00,138.2,135.34,112.59
2025-01-13 15:00:00+00:00,142.62,140.82,126.64
2025-01-13 16:00:00+00:00,149.0,149.0,148.7
2025-01-13 17:00:00+00:00,149.0,140.41,157.07
2025-01-13 18:00:00+00:00,139.73,119.6,158.39
2025-01-13 19:00:00+00:00,123.18,105.0,141.32
2025-01-13 20:00:00+00:00,120.22,118.27,122.59
2025-01-13 21:00:00+00:00,115.57,109.0,121.41
2025-01-13 22:00:00+00:00,102.31,95.8,120.1
2025-01-13 23:00:00+00:00,106.38,89.37,122.19
2025-01-14 00:00:00+00:00,103.7,88.75,117.67
2025-01-14 01:00:00+00:00,99.08,82.61,114.53
2025-01-14 02:00:00+00:00,97.99,82.06,112.2
2025-01-14 03:00:00+00:00,101.88,91.09,112.2
2025-01-14 04:00:00+00:00,107.64,100.55,114.34
2025-01-14 05:00:00+00:00,123.4,109.9,138.52
2025-01-14 06:00:00+00:00,156.62,152.42,161.02
2025-01-14 07:00:00+00:00,184.03,181.31,186.54
2025-01-14 08:00:00+00:00,151.86,151.12,152.47
2025-01-14 09:00:00+00:00,117.62,100.4,133.76
2025-01-14 10:00:00+00:00,109.31,104.45,114.53
2025-01-14 11:00:00+00:00,103.11,93.72,112.37
2025-01-14 12:00:00+00:00,108.11,105.0,111.63
2025-01-14 13:00:00+00:00,115.35,115.56,116.44
2025-01-14 14:00:00+00:00,125.35,126.14,129.11
2025-01-14 15:00:00+00:00,141.97,142.58,145.13
2025-01-14 16:00:00+00:00,165.86,166.54,169.66
2025-01-14 17:00:00+00:00,170.07,154.14,188.31
2025-01-14 18:00:00+00:00,158.38,127.5,189.54
2025-01-14 19:00:00+00:00,135.46,117.0,154.0
2025-01-14 20:00:00+00:00,117.69,111.0,127.62
2025-01-14 21:00:00+00:00,121.0,108.43,135.31
2025-01-14 22:00:00+00:00,121.76,121.87,122.27
2025-01-14 23:00:00+00:00,108.28,97.17,119.33
2025-01-15 00:00:00+00:00,107.72,99.93,122.4
2025-01-15 01:00:00+00:00,108.41,100.0,118.6
2025-01-15 02:00:00+00:00,108.04,106.0,109.76
2025-01-15 03:00:00+00:00,108.75,105.35,111.77
2025-01-15 04:00:00+00:00,114.92,112.07,118.13
2025-01-15 05:00:00+00:00,134.49,134.68,135.56
2025-01-15 06:00:00+00:00,191.79,191.86,192.04
2025-01-15 07:00:00+00:00,307.24,300.71,275.0
2025-01-15 08:00:00+00:00,315.02,306.66,250.0
2025-01-15 09:00:00+00:00,311.03,300.0,179.56
2025-01-15 10:00:00+00:00,304.8,282.6,169.1
2025-01-15 11:00:00+00:00,311.02,244.27,166.26
2025-01-15 12:00:00+00:00,309.34,230.34,156.64
2025-01-15 13:00:00+00:00,285.83,264.58,143.49
2025-01-15 14:00:00+00:00,301.74,272.73,140.65
2025-01-15 15:00:00+00:00,333.52,298.92,135.0
2025-01-15 16:00:00+00:00,377.99,350.48,191.02
2025-01-15 17:00:00+00:00,324.74,309.56,221.91
2025-01-15 18:00:00+00:00,270.09,262.42,215.0
2025-01-15 19:00:00+00:00,181.66,179.45,168.78
2025-01-15 20:00:00+00:00,150.87,150.94,150.97
2025-01-15 21:00:00+00:00,141.16,140.85,138.77
2025-01-15 22:00:00+00:00,123.9,123.9,123.9
2025-01-15 23:00:00+00:00,126.33,126.06,124.33
2025-01-16 00:00:00+00:00,119.12,118.87,118.41
2025-01-16 01:00:00+00:00,117.62,111.3,114.0
2025-01-16 02:00:00+00:00,115.03,104.4,108.58
2025-01-16 03:00:00+00:00,115.75,103.12,108.59
2025-01-16 04:00:00+00:00,123.27,114.9,118.1
2025-01-16 05:00:00+00:00,138.7,129.9,130.8
2025-01-16 06:00:00+00:00,173.04,169.61,148.04
2025-01-16 07:00:00+00:00,199.65,199.73,199.94
2025-01-16 08:00:00+00:00,175.0,175.0,175.0
2025-01-16 09:00:00+00:00,151.9,151.9,151.9
2025-01-16 10:00:00+00:00,140.64,140.64,140.64
2025-01-16 11:00:00+00:00,131.13,130.56,131.13
2025-01-16 12:00:00+00:00,130.58,128.71,123.84
2025-01-16 13:00:00+00:00,138.42,135.05,115.14
2025-01-16 14:00:00+00:00,163.04,156.74,119.64
2025-01-16 15:00:00+00:00,179.2,173.17,137.69
2025-01-16 16:00:00+00:00,191.56,187.35,164.77
2025-01-16 17:00:00+00:00,184.32,184.32,184.32
2025-01-16 18:00:00+00:00,179.97,179.97,179.97
2025-01-16 19:00:00+00:00,159.6,159.6,159.6
2025-01-16 20:00:00+00:00,141.6,141.76,142.32
2025-01-16 21:00:00+00:00,135.29,135.45,136.02
2025-01-16 22:00:00+00:00,123.75,123.9,124.44
2025-01-16 23:00:00+00:00,118.87,100.0,124.83
2025-01-17 00:00:00+00:00,118.39,110.0,121.32
2025-01-17 01:00:00+00:00,115.71,106.35,118.2
2025-01-17 02:00:00+00:00,114.72,105.9,117.49
2025-01-17 03:00:00+00:00,115.48,106.06,117.26
2025-01-17 04:00:00+00:00,122.16,112.0,119.99
2025-01-17 05:00:00+00:00,140.8,140.8,140.8
2025-01-17 06:00:00+00:00,175.01,175.01,175.01
2025-01-17 07:00:00+00:00,208.13,208.13,208.13
2025-01-17 08:00:00+00:00,175.34,175.34,175.34
2025-01-17 09:00:00+00:00,158.0,156.83,149.39
2025-01-17 10:00:00+00:00,140.73,140.1,136.0
2025-01-17 11:00:00+00:00,126.44,126.44,126.44
2025-01-17 12:00:00+00:00,124.03,124.03,124.03
2025-01-17 13:00:00+00:00,132.99,131.2,119.51
2025-01-17 14:00:00+00:00,151.98,147.69,120.02
2025-01-17 15:00:00+00:00,170.21,165.02,138.02
2025-01-17 16:00:00+00:00,178.79,177.75,172.31
2025-01-17 17:00:00+00:00,179.92,179.92,179.92
2025-01-17 18:00:00+00:00,174.22,174.22,174.22
2025-01-17 19:00:00+00:00,157.91,157.91,157.91
2025-01-17 20:00:00+00:00,145.0,145.0,145.0
2025-01-17 21:00:00+00:00,139.97,139.97,139.97
2025-01-17 22:00:00+00:00,126.84,126.89,127.05
2025-01-17 23:00:00+00:00,125.29,125.34,125.46
2025-01-18 00:00:00+00:00,121.05,121.06,121.08
2025-01-18 01:00:00+00:00,120.98,121.0,121.06
2025-01-18 02:00:00+00:00,118.85,118.85,118.86
2025-01-18 03:00:00+00:00,116.46,116.49,116.56
2025-01-18 04:00:00+00:00,119.77,119.78,119.78
2025-01-18 05:00:00+00:00,119.75,119.81,120.0
2025-01-18 06:00:00+00:00,133.39,133.49,133.8
2025-01-18 07:00:00+00:00,145.63,145.65,145.69
2025-01-18 08:00:00+00:00,144.1,144.1,144.1
2025-01-18 09:00:00+00:00,131.21,131.37,131.7
2025-01-18 10:00:00+00:00,121.56,121.57,121.6
2025-01-18 11:00:00+00:00,118.87,118.87,118.87
2025-01-18 12:00:00+00:00,115.01,115.01,115.01
2025-01-18 13:00:00+00:00,119.32,119.03,117.28
2025-01-18 14:00:00+00:00,133.32,130.56,113.97
2025-01-18 15:00:00+00:00,149.71,145.5,120.9
2025-01-18 16:00:00+00:00,164.59,161.91,145.65
2025-01-18 17:00:00+00:00,167.57,167.57,167.57
2025-01-18 18:00:00+00:00,167.85,167.85,167.85
2025-01-18 19:00:00+00:00,156.12,156.12,156.12
2025-01-18 20:00:00+00:00,143.42,143.42,143.42
2025-01-18 21:00:00+00:00,136.4,136.4,136.4
2025-01-18 22:00:00+00:00,129.36,129.36,129.36
2025-01-18 23:00:00+00:00,129.73,129.75,129.77
2025-01-19 00:00:00+00:00,124.2,124.26,124.35
2025-01-19 01:00:00+00:00,123.05,123.1,123.17
2025-01-19 02:00:00+00:00,121.24,121.24,121.24
2025-01-19 03:00:00+00:00,120.18,120.18,120.18
2025-01-19 04:00:00+00:00,120.0,120.0,120.0
2025-01-19 05:00:00+00:00,121.57,121.58,121.59
2025-01-19 06:00:00+00:00,123.33,123.37,123.47
2025-01-19 07:00:00+00:00,123.6,123.6,123.61
2025-01-19 08:00:00+00:00,125.16,125.21,125.33
2025-01-19 09:00:00+00:00,125.19,125.27,125.43
2025-01-19 10:00:00+00:00,121.56,121.56,122.16
2025-01-19 11:00:00+00:00,112.25,112.25,112.25
2025-01-19 12:00:00+00:00,107.51,107.51,107.51
2025-01-19 13:00:00+00:00,116.81,116.81,116.81
2025-01-19 14:00:00+00:00,126.29,124.36,113.41
2025-01-19 15:00:00+00:00,140.15,137.57,120.74
2025-01-19 16:00:00+00:00,149.67,148.81,143.04
2025-01-19 17:00:00+00:00,159.04,159.19,159.68
2025-01-19 18:00:00+00:00,156.6,156.79,157.33
2025-01-19 19:00:00+00:00,149.06,149.31,150.03
2025-01-19 20:00:00+00:00,139.26,139.52,140.38
2025-01-19 21:00:00+00:00,130.99,131.14,131.56
2025-01-19 22:00:00+00:00,122.94,122.99,123.12
2025-01-19 23:00:00+00:00,122.27,122.27,122.3
2025-01-20 00:00:00+00:00,119.44,119.45,119.5
2025-01-20 01:00:00+00:00,116.56,116.56,116.57
2025-01-20 02:00:00+00:00,114.41,114.41,114.41
2025-01-20 03:00:00+00:00,115.45,115.45,115.45
2025-01-20 04:00:00+00:00,127.54,125.82,116.1
2025-01-20 05:00:00+00:00,161.71,157.7,137.33
2025-01-20 06:00:00+00:00,276.48,260.24,190.26
2025-01-20 07:00:00+00:00,431.99,404.11,289.0
2025-01-20 08:00:00+00:00,291.7,291.18,289.0
2025-01-20 09:00:00+00:00,236.29,236.29,236.29
2025-01-20 10:00:00+00:00,187.48,187.69,188.28
2025-01-20 11:00:00+00:00,176.0,176.13,176.5
2025-01-20 12:00:00+00:00,171.39,171.39,171.39
2025-01-20 13:00:00+00:00,191.85,190.3,182.73
2025-01-20 14:00:00+00:00,277.17,262.81,193.39
2025-01-20 15:00:00+00:00,402.12,370.28,235.0
2025-01-20 16:00:00+00:00,583.4,523.47,276.18
2025-01-20 17:00:00+00:00,473.28,473.28,473.28
2025-01-20 18:00:00+00:00,295.57,295.57,295.57
2025-01-20 19:00:00+00:00,220.0,220.0,220.0
2025-01-20 20:00:00+00:00,170.0,170.0,170.0
2025-01-20 21:00:00+00:00,152.51,152.74,153.58
2025-01-20 22:00:00+00:00,137.98,137.74,139.0
2025-01-20 23:00:00+00:00,127.52,113.0,136.0
2025-01-21 00:00:00+00:00,121.65,106.76,130.65
2025-01-21 01:00:00+00:00,116.67,103.8,124.35
2025-01-21 02:00:00+00:00,113.86,109.68,117.05
2025-01-21 03:00:00+00:00,113.54,113.0,115.3
2025-01-21 04:00:00+00:00,122.34,120.73,123.83
2025-01-21 05:00:00+00:00,142.2,141.78,138.86
2025-01-21 06:00:00+00:00,190.06,166.9,190.0
2025-01-21 07:00:00+00:00,248.32,248.32,245.0
2025-01-21 08:00:00+00:00,211.68,212.0,212.22
2025-01-21 09:00:00+00:00,198.05,198.05,200.0
2025-01-21 10:00:00+00:00,161.5,162.0,164.84
2025-01-21 11:00:00+00:00,147.44,148.37,151.36
2025-01-21 12:00:00+00:00,142.83,143.54,145.81
2025-01-21 13:00:00+00:00,150.05,150.48,151.03
2025-01-21 14:00:00+00:00,173.43,171.01,165.48
2025-01-21 15:00:00+00:00,212.13,202.77,160.32
2025-01-21 16:00:00+00:00,301.15,282.52,199.32
2025-01-21 17:00:00+00:00,251.93,243.96,208.44
2025-01-21 18:00:00+00:00,202.68,199.94,187.72
2025-01-21 19:00:00+00:00,174.84,172.16,160.18
2025-01-21 20:00:00+00:00,155.19,153.72,147.08
2025-01-21 21:00:00+00:00,138.6,138.31,137.0
2025-01-21 22:00:00+00:00,125.29,125.4,125.75
2025-01-21 23:00:00+00:00,128.0,127.3,123.53
2025-01-22 00:00:00+00:00,125.06,123.69,116.3
2025-01-22 01:00:00+00:00,122.22,117.43,106.78
2025-01-22 02:00:00+00:00,121.66,114.12,104.45
2025-01-22 03:00:00+00:00,123.16,114.62,103.6
2025-01-22 04:00:00+00:00,128.32,125.03,107.0
2025-01-22 05:00:00+00:00,156.92,145.0,120.57
2025-01-22 06:00:00+00:00,208.25,195.47,140.33
2025-01-22 07:00:00+00:00,238.6,231.36,200.0
2025-01-22 08:00:00+00:00,199.41,199.41,199.41
2025-01-22 09:00:00+00:00,179.06,179.06,179.06
2025-01-22 10:00:00+00:00,172.94,172.94,172.94
2025-01-22 11:00:00+00:00,165.0,165.0,165.0
2025-01-22 12:00:00+00:00,170.0,170.0,170.0
2025-01-22 13:00:00+00:00,179.92,179.4,177.03
2025-01-22 14:00:00+00:00,195.67,193.68,185.0
2025-01-22 15:00:00+00:00,199.04,193.01,165.85
2025-01-22 16:00:00+00:00,208.99,197.66,149.03
2025-01-22 17:00:00+00:00,180.43,176.52,159.6
2025-01-22 18:00:00+00:00,167.08,167.4,167.72
2025-01-22 19:00:00+00:00,134.49,135.82,139.49
2025-01-22 20:00:00+00:00,127.78,127.91,127.94
2025-01-22 21:00:00+00:00,128.09,128.51,129.86
2025-01-22 22:00:00+00:00,114.68,115.06,116.27
2025-01-22 23:00:00+00:00,113.7,113.92,114.6
2025-01-23 00:00:00+00:00,108.88,109.1,109.77
2025-01-23 01:00:00+00:00,105.58,105.62,105.84
2025-01-23 02:00:00+00:00,100.01,100.08,100.45
2025-01-23 03:00:00+00:00,97.59,97.77,98.53
2025-01-23 04:00:00+00:00,100.01,100.43,101.82
2025-01-23 05:00:00+00:00,106.41,108.56,113.79
2025-01-23 06:00:00+00:00,136.6,138.14,142.28
2025-01-23 07:00:00+00:00,159.03,159.35,160.34
2025-01-23 08:00:00+00:00,155.42,155.93,157.26
2025-01-23 09:00:00+00:00,130.94,128.0,135.21
2025-01-23 10:00:00+00:00,116.1,111.42,123.6
2025-01-23 11:00:00+00:00,94.93,91.4,104.18
2025-01-23 12:00:00+00:00,88.56,88.32,98.58
2025-01-23 13:00:00+00:00,85.86,85.86,95.4
2025-01-23 14:00:00+00:00,89.8,92.77,100.26
2025-01-23 15:00:00+00:00,89.87,92.55,100.97
2025-01-23 16:00:00+00:00,106.75,109.0,115.69
2025-01-23 17:00:00+00:00,112.0,112.0,121.78
2025-01-23 18:00:00+00:00,101.87,99.9,114.79
2025-01-23 19:00:00+00:00,86.36,89.5,98.44
2025-01-23 20:00:00+00:00,74.28,77.23,84.21
2025-01-23 21:00:00+00:00,75.68,78.49,85.09
2025-01-23 22:00:00+00:00,58.23,60.09,65.01
2025-01-23 23:00:00+00:00,69.03,70.33,75.16
2025-01-24 00:00:00+00:00,58.16,58.53,63.05
2025-01-24 01:00:00+00:00,45.05,44.24,48.6
2025-01-24 02:00:00+00:00,40.6,39.58,44.37
2025-01-24 03:00:00+00:00,50.17,43.81,16.01
2025-01-24 04:00:00+00:00,73.2,66.66,30.03
2025-01-24 05:00:00+00:00,85.44,81.4,64.93
2025-01-24 06:00:00+00:00,109.16,109.02,104.09
2025-01-24 07:00:00+00:00,116.23,115.24,105.26
2025-01-24 08:00:00+00:00,96.34,96.93,97.14
2025-01-24 09:00:00+00:00,88.9,90.0,93.63
2025-01-24 10:00:00+00:00,78.44,79.16,81.93
2025-01-24 11:00:00+00:00,76.48,77.24,79.68
2025-01-24 12:00:00+00:00,74.69,75.27,77.26
2025-01-24 13:00:00+00:00,74.51,74.88,75.07
2025-01-24 14:00:00+00:00,74.51,78.8,77.26
2025-01-24 15:00:00+00:00,75.25,79.9,77.13
2025-01-24 16:00:00+00:00,83.02,90.17,92.7
2025-01-24 17:00:00+00:00,88.59,91.97,99.64
2025-01-24 18:00:00+00:00,91.78,93.27,101.02
2025-01-24 19:00:00+00:00,84.99,86.74,93.67
2025-01-24 20:00:00+00:00,80.79,82.3,87.96
2025-01-24 21:00:00+00:00,91.97,92.93,96.72
2025-01-24 22:00:00+00:00,86.29,87.04,90.7
2025-01-24 23:00:00+00:00,59.04,57.36,57.03
2025-01-25 00:00:00+00:00,64.96,77.87,35.0
2025-01-25 01:00:00+00:00,63.55,92.0,25.2
2025-01-25 02:00:00+00:00,67.17,105.19,19.71
2025-01-25 03:00:00+00:00,76.77,66.81,16.8
2025-01-25 04:00:00+00:00,76.89,67.06,17.72
2025-01-25 05:00:00+00:00,79.32,70.62,25.0
2025-01-25 06:00:00+00:00,76.89,72.06,49.29
2025-01-25 07:00:00+00:00,88.99,85.02,55.54
2025-01-25 08:00:00+00:00,87.31,85.55,73.4
2025-01-25 09:00:00+00:00,86.32,83.36,60.73
2025-01-25 10:00:00+00:00,88.15,87.73,63.25
2025-01-25 11:00:00+00:00,82.55,81.82,70.17
2025-01-25 12:00:00+00:00,81.98,81.98,76.09
2025-01-25 13:00:00+00:00,89.0,85.09,55.16
2025-01-25 14:00:00+00:00,111.07,103.54,45.09
2025-01-25 15:00:00+00:00,132.97,124.11,53.77
2025-01-25 16:00:00+00:00,145.85,138.6,85.21
2025-01-25 17:00:00+00:00,151.0,147.1,118.32
2025-01-25 18:00:00+00:00,147.53,144.35,120.74
2025-01-25 19:00:00+00:00,137.6,130.75,96.37
2025-01-25 20:00:00+00:00,134.61,126.75,87.38
2025-01-25 21:00:00+00:00,132.26,124.5,86.5
2025-01-25 22:00:00+00:00,122.03,114.99,81.06
2025-01-25 23:00:00+00:00,126.21,116.4,60.02
2025-01-26 00:00:00+00:00,115.79,107.47,61.36
2025-01-26 01:00:00+00:00,111.3,98.13,29.7
2025-01-26 02:00:00+00:00,106.85,97.07,49.34
2025-01-26 03:00:00+00:00,105.43,91.71,26.21
2025-01-26 04:00:00+00:00,107.86,94.96,33.41
2025-01-26 05:00:00+00:00,110.6,99.43,44.2
2025-01-26 06:00:00+00:00,117.62,105.82,47.96
2025-01-26 07:00:00+00:00,124.17,108.36,29.54
2025-01-26 08:00:00+00:00,121.97,106.2,26.21
2025-01-26 09:00:00+00:00,105.51,92.44,25.95
2025-01-26 10:00:00+00:00,102.57,98.76,79.22
2025-01-26 11:00:00+00:00,96.73,94.82,84.83
2025-01-26 12:00:00+00:00,90.02,80.0,29.81
2025-01-26 13:00:00+00:00,92.52,80.1,14.98
2025-01-26 14:00:00+00:00,111.63,95.96,13.46
2025-01-26 15:00:00+00:00,125.92,107.68,13.45
2025-01-26 16:00:00+00:00,132.77,115.49,25.2
2025-01-26 17:00:00+00:00,118.94,108.02,51.54
2025-01-26 18:00:00+00:00,90.32,81.38,44.38
2025-01-26 19:00:00+00:00,78.93,70.64,39.06
2025-01-26 20:00:00+00:00,68.26,60.75,33.78
2025-01-26 21:00:00+00:00,49.25,44.34,32.35
2025-01-26 22:00:00+00:00,23.89,22.84,26.32
2025-01-26 23:00:00+00:00,40.14,36.1,15.67
2025-01-27 00:00:00+00:00,35.26,30.35,7.06
2025-01-27 01:00:00+00:00,26.38,15.77,13.1
2025-01-27 02:00:00+00:00,14.07,12.38,3.52
2025-01-27 03:00:00+00:00,10.1,9.1,0.65
2025-01-27 04:00:00+00:00,21.52,19.4,4.94
2025-01-27 05:00:00+00:00,34.1,34.27,19.57
2025-01-27 06:00:00+00:00,56.99,54.91,31.84
2025-01-27 07:00:00+00:00,71.76,68.0,48.01
2025-01-27 08:00:00+00:00,62.96,62.96,43.06
2025-01-27 09:00:00+00:00,45.57,45.0,35.72
2025-01-27 10:00:00+00:00,40.11,38.84,32.76
2025-01-27 11:00:00+00:00,35.66,36.19,32.69
2025-01-27 12:00:00+00:00,38.37,37.61,33.77
2025-01-27 13:00:00+00:00,53.95,44.52,22.54
2025-01-27 14:00:00+00:00,86.79,74.37,19.9
2025-01-27 15:00:00+00:00,102.46,87.72,22.97
2025-01-27 16:00:00+00:00,118.56,107.2,55.67
2025-01-27 17:00:00+00:00,118.67,107.67,57.18
2025-01-27 18:00:00+00:00,100.05,93.3,57.1
2025-01-27 19:00:00+00:00,94.07,85.1,40.9
2025-01-27 20:00:00+00:00,85.08,76.64,37.68
2025-01-27 21:00:00+00:00,82.26,73.45,32.0
2025-01-27 22:00:00+00:00,69.28,60.0,26.23
2025-01-27 23:00:00+00:00,76.92,61.6,16.55
2025-01-28 00:00:00+00:00,71.53,55.73,9.12
2025-01-28 01:00:00+00:00,57.33,42.95,4.56
2025-01-28 02:00:00+00:00,69.28,51.38,5.29
2025-01-28 03:00:00+00:00,76.92,57.77,0.65
2025-01-28 04:00:00+00:00,77.59,57.07,0.65
2025-01-28 05:00:00+00:00,98.22,77.82,16.27
2025-01-28 06:00:00+00:00,125.45,103.55,39.6
2025-01-28 07:00:00+00:00,147.5,127.6,61.83
2025-01-28 08:00:00+00:00,135.3,117.47,58.32
2025-01-28 09:00:00+00:00,120.53,100.2,23.28
2025-01-28 10:00:00+00:00,116.34,98.04,29.14
2025-01-28 11:00:00+00:00,114.75,99.62,41.44
2025-01-28 12:00:00+00:00,117.39,98.31,25.05
2025-01-28 13:00:00+00:00,121.33,101.22,23.57
2025-01-28 14:00:00+00:00,139.91,113.93,25.56
2025-01-28 15:00:00+00:00,147.0,122.46,30.67
2025-01-28 16:00:00+00:00,149.6,125.0,31.58
2025-01-28 17:00:00+00:00,134.94,120.5,51.46
2025-01-28 18:00:00+00:00,128.9,117.34,69.5
2025-01-28 19:00:00+00:00,94.76,87.84,60.0
2025-01-28 20:00:00+00:00,87.26,78.31,48.03
2025-01-28 21:00:00+00:00,79.8,69.0,34.22
2025-01-28 22:00:00+00:00,64.43,55.5,26.28
2025-01-28 23:00:00+00:00,87.72,75.79,27.74
2025-01-29 00:00:00+00:00,83.39,71.91,25.52
2025-01-29 01:00:00+00:00,78.16,65.74,15.05
2025-01-29 02:00:00+00:00,75.64,59.94,3.52
2025-01-29 03:00:00+00:00,79.01,64.01,3.52
2025-01-29 04:00:00+00:00,86.98,70.23,3.52
2025-01-29 05:00:00+00:00,93.14,81.16,38.16
2025-01-29 06:00:00+00:00,141.42,126.95,76.68
2025-01-29 07:00:00+00:00,142.54,136.2,103.61
2025-01-29 08:00:00+00:00,130.45,130.45,69.2
2025-01-29 09:00:00+00:00,105.05,105.05,45.0
2025-01-29 10:00:00+00:00,89.25,89.25,46.02
2025-01-29 11:00:00+00:00,85.0,85.0,72.92
2025-01-29 12:00:00+00:00,85.53,85.53,75.39
2025-01-29 13:00:00+00:00,87.67,87.67,75.16
2025-01-29 14:00:00+00:00,102.75,102.75,85.61
2025-01-29 15:00:00+00:00,132.66,132.72,102.94
2025-01-29 16:00:00+00:00,149.57,149.57,147.4
2025-01-29 17:00:00+00:00,150.09,165.0,140.11
2025-01-29 18:00:00+00:00,146.3,148.6,146.08
2025-01-29 19:00:00+00:00,131.95,135.3,134.31
2025-01-29 20:00:00+00:00,119.65,122.1,118.57
2025-01-29 21:00:00+00:00,111.99,122.35,99.38
2025-01-29 22:00:00+00:00,99.33,100.1,91.01
2025-01-29 23:00:00+00:00,92.41,131.34,66.63
2025-01-30 00:00:00+00:00,92.43,125.79,65.29
2025-01-30 01:00:00+00:00,93.33,111.9,72.82
2025-01-30 02:00:00+00:00,92.95,104.48,39.15
2025-01-30 03:00:00+00:00,92.43,100.0,30.45
2025-01-30 04:00:00+00:00,108.65,101.09,55.79
2025-01-30 05:00:00+00:00,139.83,131.36,93.26
2025-01-30 06:00:00+00:00,152.64,149.65,135.85
2025-01-30 07:00:00+00:00,160.3,160.3,160.3
2025-01-30 08:00:00+00:00,151.51,151.49,143.87
2025-01-30 09:00:00+00:00,135.09,134.9,134.75
2025-01-30 10:00:00+00:00,123.25,123.25,123.25
2025-01-30 11:00:00+00:00,115.89,115.74,115.97
2025-01-30 12:00:00+00:00,113.3,113.3,113.3
2025-01-30 13:00:00+00:00,129.41,125.74,110.04
2025-01-30 14:00:00+00:00,153.22,142.67,103.76
2025-01-30 15:00:00+00:00,160.87,151.05,97.78
2025-01-30 16:00:00+00:00,180.36,178.09,115.9
2025-01-30 17:00:00+00:00,176.58,179.93,143.31
2025-01-30 18:00:00+00:00,161.28,161.24,161.0
2025-01-30 19:00:00+00:00,150.2,148.49,138.91
2025-01-30 20:00:00+00:00,134.17,132.59,125.0
2025-01-30 21:00:00+00:00,126.46,125.73,122.11
2025-01-30 22:00:00+00:00,120.2,120.2,120.2
2025-01-30 23:00:00+00:00,120.0,120.0,120.0
2025-01-31 00:00:00+00:00,117.08,116.49,113.22
2025-01-31 01:00:00+00:00,113.89,113.6,112.1
2025-01-31 02:00:00+00:00,113.12,111.06,100.33
2025-01-31 03:00:00+00:00,115.98,113.48,102.47
2025-01-31 04:00:00+00:00,120.74,119.2,111.54
2025-01-31 05:00:00+00:00,131.87,130.0,120.47
2025-01-31 06:00:00+00:00,157.97,155.82,143.16
2025-01-31 07:00:00+00:00,163.7,163.7,163.7
2025-01-31 08:00:00+00:00,154.82,154.82,154.82
2025-01-31 09:00:00+00:00,130.1,130.1,130.1
2025-01-31 10:00:00+00:00,126.2,126.2,126.2
2025-01-31 11:00:00+00:00,120.06,120.06,120.06
2025-01-31 12:00:00+00:00,121.19,121.19,121.19
2025-01-31 13:00:00+00:00,119.76,119.3,116.68
2025-01-31 14:00:00+00:00,149.87,144.11,111.0
2025-01-31 15:00:00+00:00,168.26,160.46,111.56
2025-01-31 16:00:00+00:00,185.26,177.13,121.32
2025-01-31 17:00:00+00:00,184.48,184.48,184.48
2025-01-31 18:00:00+00:00,178.99,178.99,178.99
2025-01-31 19:00:00+00:00,162.66,162.66,162.66
2025-01-31 20:00:00+00:00,152.7,152.7,152.7
2025-01-31 21:00:00+00:00,144.31,144.41,145.02
2025-01-31 22:00:00+00:00,131.41,131.4,131.29
2025-01-31 23:00:00+00:00,136.93,137.0,137.18
2025-02-01 00:00:00+00:00,129.42,129.48,129.61
2025-02-01 01:00:00+00:00,124.24,124.28,124.38
2025-02-01 02:00:00+00:00,119.12,118.72,116.96
2025-02-01 03:00:00+00:00,118.86,116.2,104.73
2025-02-01 04:00:00+00:00,120.54,118.22,108.17
2025-02-01 05:00:00+00:00,127.1,126.61,124.45
2025-02-01 06:00:00+00:00,144.74,144.74,144.74
2025-02-01 07:00:00+00:00,153.46,153.46,153.46
2025-02-01 08:00:00+00:00,142.44,142.44,142.44
2025-02-01 09:00:00+00:00,128.4,128.4,128.4
2025-02-01 10:00:00+00:00,120.08,120.08,120.08
2025-02-01 11:00:00+00:00,110.29,110.29,110.29
2025-02-01 12:00:00+00:00,103.4,103.4,103.4
2025-02-01 13:00:00+00:00,113.7,113.7,113.7
2025-02-01 14:00:00+00:00,129.49,126.73,113.66
2025-02-01 15:00:00+00:00,154.43,149.46,124.88
2025-02-01 16:00:00+00:00,168.27,163.39,132.1
2025-02-01 17:00:00+00:00,167.51,165.77,155.79
2025-02-01 18:00:00+00:00,162.98,162.98,162.98
2025-02-01 19:00:00+00:00,156.6,156.6,156.6
2025-02-01 20:00:00+00:00,145.24,145.24,145.24
2025-02-01 21:00:00+00:00,141.73,141.73,141.73
2025-02-01 22:00:00+00:00,131.74,131.74,131.74
2025-02-01 23:00:00+00:00,133.26,133.26,133.26
2025-02-02 00:00:00+00:00,126.91,126.91,126.91
2025-02-02 01:00:00+00:00,122.99,122.99,122.99
2025-02-02 02:00:00+00:00,120.66,120.66,120.66
2025-02-02 03:00:00+00:00,122.34,122.34,122.34
2025-02-02 04:00:00+00:00,123.41,123.41,123.41
2025-02-02 05:00:00+00:00,128.09,128.09,128.09
2025-02-02 06:00:00+00:00,135.9,135.9,135.9
2025-02-02 07:00:00+00:00,137.3,137.3,137.3
2025-02-02 08:00:00+00:00,137.7,137.7,137.7
2025-02-02 09:00:00+00:00,130.04,130.04,130.04
2025-02-02 10:00:00+00:00,129.33,129.33,129.33
2025-02-02 11:00:00+00:00,122.24,122.24,122.24
2025-02-02 12:00:00+00:00,111.88,111.88,111.88
2025-02-02 13:00:00+00:00,116.42,115.36,110.45
2025-02-02 14:00:00+00:00,127.97,124.01,103.27
2025-02-02 15:00:00+00:00,151.21,143.94,101.26
2025-02-02 16:00:00+00:00,164.03,159.44,132.8
2025-02-02 17:00:00+00:00,172.49,171.2,164.67
2025-02-02 18:00:00+00:00,173.95,173.95,173.95
2025-02-02 19:00:00+00:00,165.5,165.5,165.5
2025-02-02 20:00:00+00:00,155.77,155.77,155.77
2025-02-02 21:00:00+00:00,148.44,148.44,148.44
2025-02-02 22:00:00+00:00,133.24,133.24,133.24
2025-02-02 23:00:00+00:00,129.54,129.54,129.54
2025-02-03 00:00:00+00:00,126.63,126.63,126.63
2025-02-03 01:00:00+00:00,124.72,124.72,124.72
2025-02-03 02:00:00+00:00,120.04,120.04,120.04
2025-02-03 03:00:00+00:00,123.24,123.24,123.24
2025-02-03 04:00:00+00:00,127.77,127.77,127.77
2025-02-03 05:00:00+00:00,159.18,159.18,159.18
2025-02-03 06:00:00+00:00,207.88,207.88,207.88
2025-02-03 07:00:00+00:00,243.23,243.23,243.23
2025-02-03 08:00:00+00:00,178.04,178.04,178.04
2025-02-03 09:00:00+00:00,149.95,149.95,149.95
2025-02-03 10:00:00+00:00,126.05,125.02,126.69
2025-02-03 11:00:00+00:00,117.27,117.27,117.27
2025-02-03 12:00:00+00:00,115.29,114.93,115.19
2025-02-03 13:00:00+00:00,124.18,120.0,122.73
2025-02-03 14:00:00+00:00,145.86,127.1,135.33
2025-02-03 15:00:00+00:00,170.71,160.0,135.13
2025-02-03 16:00:00+00:00,216.0,204.71,170.64
2025-02-03 17:00:00+00:00,200.73,200.73,200.73
2025-02-03 18:00:00+00:00,201.1,201.1,201.1
2025-02-03 19:00:00+00:00,167.74,167.74,167.74
2025-02-03 20:00:00+00:00,153.0,153.0,153.0
2025-02-03 21:00:00+00:00,144.23,139.5,144.09
2025-02-03 22:00:00+00:00,135.81,135.81,135.81
2025-02-03 23:00:00+00:00,132.4,132.4,132.4
2025-02-04 00:00:00+00:00,125.54,125.54,125.54
2025-02-04 01:00:00+00:00,123.18,123.18,123.18
2025-02-04 02:00:00+00:00,123.99,123.99,123.99
2025-02-04 03:00:00+00:00,123.25,123.25,123.25
2025-02-04 04:00:00+00:00,127.63,127.63,127.63
2025-02-04 05:00:00+00:00,155.42,154.79,151.95
2025-02-04 06:00:00+00:00,192.24,149.5,187.5
2025-02-04 07:00:00+00:00,211.99,211.99,211.99
2025-02-04 08:00:00+00:00,163.31,163.31,163.31
2025-02-04 09:00:00+00:00,136.53,136.53,136.53
2025-02-04 10:00:00+00:00,126.57,125.0,127.8
2025-02-04 11:00:00+00:00,116.89,109.45,122.71
2025-02-04 12:00:00+00:00,113.17,113.06,113.26
2025-02-04 13:00:00+00:00,120.09,120.09,120.09
2025-02-04 14:00:00+00:00,127.47,119.15,124.97
2025-02-04 15:00:00+00:00,164.81,117.0,122.57
2025-02-04 16:00:00+00:00,168.99,149.6,134.32
2025-02-04 17:00:00+00:00,175.0,175.0,175.0
2025-02-04 18:00:00+00:00,162.04,140.0,173.92
2025-02-04 19:00:00+00:00,145.01,132.54,152.47
2025-02-04 20:00:00+00:00,132.43,131.96,132.91
2025-02-04 21:00:00+00:00,129.42,115.0,140.32
2025-02-04 22:00:00+00:00,120.62,94.9,137.95
2025-02-04 23:00:00+00:00,113.34,94.84,128.44
2025-02-05 00:00:00+00:00,109.67,98.84,119.39
2025-02-05 01:00:00+00:00,109.4,101.45,116.59
2025-02-05 02:00:00+00:00,108.18,99.9,115.64
2025-02-05 03:00:00+00:00,115.17,112.8,117.33
2025-02-05 04:00:00+00:00,122.42,121.71,123.05
2025-02-05 05:00:00+00:00,139.81,139.8,140.34
2025-02-05 06:00:00+00:00,165.32,161.7,168.48
2025-02-05 07:00:00+00:00,180.81,180.81,180.81
2025-02-05 08:00:00+00:00,159.33,159.33,159.33
2025-02-05 09:00:00+00:00,132.19,119.54,143.61
2025-02-05 10:00:00+00:00,119.96,100.95,137.61
2025-02-05 11:00:00+00:00,115.46,100.0,129.14
2025-02-05 12:00:00+00:00,118.8,111.85,124.95
2025-02-05 13:00:00+00:00,128.85,128.85,128.85
2025-02-05 14:00:00+00:00,144.12,144.12,144.12
2025-02-05 15:00:00+00:00,160.58,159.08,150.04
2025-02-05 16:00:00+00:00,177.19,176.77,174.07
2025-02-05 17:00:00+00:00,189.9,189.9,189.9
2025-02-05 18:00:00+00:00,189.63,189.63,189.63
2025-02-05 19:00:00+00:00,170.0,170.0,170.0
2025-02-05 20:00:00+00:00,155.42,155.42,155.42
2025-02-05 21:00:00+00:00,143.7,143.7,143.7
2025-02-05 22:00:00+00:00,133.21,128.57,136.95
2025-02-05 23:00:00+00:00,133.67,133.67,133.67
2025-02-06 00:00:00+00:00,129.57,126.84,131.51
2025-02-06 01:00:00+00:00,125.87,125.0,126.48
2025-02-06 02:00:00+00:00,125.0,125.0,125.01
2025-02-06 03:00:00+00:00,125.01,125.01,125.01
2025-02-06 04:00:00+00:00,135.28,120.09,131.33
2025-02-06 05:00:00+00:00,156.12,135.25,144.92
2025-02-06 06:00:00+00:00,180.09,180.09,180.09
2025-02-06 07:00:00+00:00,219.42,216.65,210.56
2025-02-06 08:00:00+00:00,178.99,178.62,177.44
2025-02-06 09:00:00+00:00,160.14,156.3,158.82
2025-02-06 10:00:00+00:00,152.56,122.0,142.89
2025-02-06 11:00:00+00:00,147.89,111.2,136.27
2025-02-06 12:00:00+00:00,145.48,99.9,131.06
2025-02-06 13:00:00+00:00,137.79,119.29,115.25
2025-02-06 14:00:00+00:00,150.8,117.79,119.17
2025-02-06 15:00:00+00:00,164.89,127.0,123.44
2025-02-06 16:00:00+00:00,171.59,167.43,141.02
2025-02-06 17:00:00+00:00,170.48,170.48,170.78
2025-02-06 18:00:00+00:00,162.95,162.95,163.65
2025-02-06 19:00:00+00:00,141.33,140.38,143.52
2025-02-06 20:00:00+00:00,131.26,129.75,133.16
2025-02-06 21:00:00+00:00,134.0,132.9,134.89
2025-02-06 22:00:00+00:00,121.95,121.95,121.95
2025-02-06 23:00:00+00:00,126.05,126.05,126.05
2025-02-07 00:00:00+00:00,112.7,112.7,112.7
2025-02-07 01:00:00+00:00,108.82,108.82,108.82
2025-02-07 02:00:00+00:00,105.0,105.0,105.0
2025-02-07 03:00:00+00:00,104.81,104.67,105.85
2025-02-07 04:00:00+00:00,105.07,105.31,107.23
2025-02-07 05:00:00+00:00,112.39,113.29,119.0
2025-02-07 06:00:00+00:00,141.66,141.93,145.68
2025-02-07 07:00:00+00:00,164.21,164.2,164.3
2025-02-07 08:00:00+00:00,150.36,150.35,150.37
2025-02-07 09:00:00+00:00,133.88,127.0,138.4
2025-02-07 10:00:00+00:00,115.14,91.63,130.63
2025-02-07 11:00:00+00:00,111.49,85.1,128.08
2025-02-07 12:00:00+00:00,106.77,89.19,119.02
2025-02-07 13:00:00+00:00,109.59,89.55,119.98
2025-02-07 14:00:00+00:00,111.68,102.1,122.43
2025-02-07 15:00:00+00:00,126.61,126.99,130.98
2025-02-07 16:00:00+00:00,142.85,143.0,145.45
2025-02-07 17:00:00+00:00,149.05,149.36,151.01
2025-02-07 18:00:00+00:00,144.32,134.0,150.93
2025-02-07 19:00:00+00:00,126.93,113.82,145.36
2025-02-07 20:00:00+00:00,100.0,95.0,133.8
2025-02-07 21:00:00+00:00,98.72,83.0,133.06
2025-02-07 22:00:00+00:00,100.14,89.5,120.55
2025-02-07 23:00:00+00:00,81.34,78.4,106.74
2025-02-08 00:00:00+00:00,84.85,72.5,97.67
2025-02-08 01:00:00+00:00,85.8,89.9,89.5
2025-02-08 02:00:00+00:00,87.08,90.0,94.34
2025-02-08 03:00:00+00:00,89.69,89.69,89.69
2025-02-08 04:00:00+00:00,90.99,90.99,90.99
2025-02-08 05:00:00+00:00,90.8,90.82,97.15
2025-02-08 06:00:00+00:00,95.31,96.0,115.0
2025-02-08 07:00:00+00:00,111.11,123.0,119.08
2025-02-08 08:00:00+00:00,92.68,133.35,125.01
2025-02-08 09:00:00+00:00,79.42,125.0,121.84
2025-02-08 10:00:00+00:00,68.75,111.7,123.13
2025-02-08 11:00:00+00:00,67.71,120.32,125.4
2025-02-08 12:00:00+00:00,79.85,149.9,111.47
2025-02-08 13:00:00+00:00,89.85,125.0,107.28
2025-02-08 14:00:00+00:00,118.0,118.0,118.0
2025-02-08 15:00:00+00:00,140.87,141.0,141.55
2025-02-08 16:00:00+00:00,150.0,150.19,150.96
2025-02-08 17:00:00+00:00,160.49,160.49,160.49
2025-02-08 18:00:00+00:00,161.1,165.36,166.9
2025-02-08 19:00:00+00:00,156.42,162.0,164.04
2025-02-08 20:00:00+00:00,149.0,149.0,149.0
2025-02-08 21:00:00+00:00,144.0,147.38,149.1
2025-02-08 22:00:00+00:00,136.31,142.3,145.31
2025-02-08 23:00:00+00:00,135.0,135.0,135.0
2025-02-09 00:00:00+00:00,134.51,135.7,137.56
2025-02-09 01:00:00+00:00,130.18,134.3,137.56
2025-02-09 02:00:00+00:00,119.3,119.3,119.3
2025-02-09 03:00:00+00:00,116.79,117.0,116.87
2025-02-09 04:00:00+00:00,117.0,117.0,117.0
2025-02-09 05:00:00+00:00,117.0,117.0,117.0
2025-02-09 06:00:00+00:00,133.43,133.43,133.43
2025-02-09 07:00:00+00:00,136.77,136.77,136.77
2025-02-09 08:00:00+00:00,123.97,124.87,125.0
2025-02-09 09:00:00+00:00,114.79,117.0,121.61
2025-02-09 10:00:00+00:00,105.65,104.3,122.01
2025-02-09 11:00:00+00:00,98.71,100.0,140.32
2025-02-09 12:00:00+00:00,95.53,96.86,120.09
2025-02-09 13:00:00+00:00,109.9,109.9,109.9
2025-02-09 14:00:00+00:00,120.4,120.4,120.4
2025-02-09 15:00:00+00:00,141.96,142.11,142.64
2025-02-09 16:00:00+00:00,148.58,148.79,149.54
2025-02-09 17:00:00+00:00,161.93,162.17,162.96
2025-02-09 18:00:00+00:00,156.13,132.0,169.86
2025-02-09 19:00:00+00:00,150.65,144.57,155.01
2025-02-09 20:00:00+00:00,142.92,142.95,143.05
2025-02-09 21:00:00+00:00,143.0,143.0,143.0
2025-02-09 22:00:00+00:00,127.97,119.08,134.04
2025-02-09 23:00:00+00:00,118.58,107.5,124.35
2025-02-10 00:00:00+00:00,111.82,86.32,125.05
2025-02-10 01:00:00+00:00,109.22,85.0,122.01
2025-02-10 02:00:00+00:00,106.29,89.3,114.75
2025-02-10 03:00:00+00:00,105.85,88.26,114.48
2025-02-10 04:00:00+00:00,112.0,96.94,119.98
2025-02-10 05:00:00+00:00,145.38,145.5,145.78
2025-02-10 06:00:00+00:00,162.02,154.0,166.14
2025-02-10 07:00:00+00:00,181.36,181.36,181.36
2025-02-10 08:00:00+00:00,163.18,163.18,163.18
2025-02-10 09:00:00+00:00,135.9,130.0,157.02
2025-02-10 10:00:00+00:00,115.28,120.27,155.0
2025-02-10 11:00:00+00:00,109.36,114.44,147.84
2025-02-10 12:00:00+00:00,109.74,115.02,135.21
2025-02-10 13:00:00+00:00,123.07,130.0,126.71
2025-02-10 14:00:00+00:00,128.54,128.54,132.95
2025-02-10 15:00:00+00:00,133.58,135.0,137.17
2025-02-10 16:00:00+00:00,133.82,140.9,140.83
2025-02-10 17:00:00+00:00,142.11,150.0,166.34
2025-02-10 18:00:00+00:00,114.85,120.48,183.73
2025-02-10 19:00:00+00:00,94.37,100.0,164.57
2025-02-10 20:00:00+00:00,91.48,95.17,153.4
2025-02-10 21:00:00+00:00,88.87,92.1,151.69
2025-02-10 22:00:00+00:00,87.38,90.5,131.51
2025-02-10 23:00:00+00:00,77.45,63.0,120.0
2025-02-11 00:00:00+00:00,71.1,65.0,120.0
2025-02-11 01:00:00+00:00,71.62,74.08,114.65
2025-02-11 02:00:00+00:00,74.89,77.75,109.91
2025-02-11 03:00:00+00:00,77.45,77.5,106.01
2025-02-11 04:00:00+00:00,87.44,91.55,114.53
2025-02-11 05:00:00+00:00,100.46,116.5,120.13
2025-02-11 06:00:00+00:00,134.93,143.11,150.79
2025-02-11 07:00:00+00:00,155.53,159.06,159.06
2025-02-11 08:00:00+00:00,141.42,163.76,153.74
2025-02-11 09:00:00+00:00,96.65,152.8,154.01
2025-02-11 10:00:00+00:00,92.78,140.0,147.09
2025-02-11 11:00:00+00:00,97.68,137.2,139.97
2025-02-11 12:00:00+00:00,111.11,132.8,134.89
2025-02-11 13:00:00+00:00,123.46,135.0,131.96
2025-02-11 14:00:00+00:00,143.69,143.92,144.96
2025-02-11 15:00:00+00:00,144.47,144.41,146.82
2025-02-11 16:00:00+00:00,159.97,160.48,162.43
2025-02-11 17:00:00+00:00,168.19,177.86,174.57
2025-02-11 18:00:00+00:00,167.45,167.45,190.0
2025-02-11 19:00:00+00:00,162.63,144.58,171.45
2025-02-11 20:00:00+00:00,148.75,140.1,153.77
2025-02-11 21:00:00+00:00,142.95,150.0,146.38
2025-02-11 22:00:00+00:00,128.24,136.16,130.58
2025-02-11 23:00:00+00:00,129.13,130.55,130.0
2025-02-12 00:00:00+00:00,127.77,128.13,127.87
2025-02-12 01:00:00+00:00,126.82,126.82,126.82
2025-02-12 02:00:00+00:00,126.59,126.59,126.59
2025-02-12 03:00:00+00:00,128.74,128.74,128.74
2025-02-12 04:00:00+00:00,131.24,131.3,131.62
2025-02-12 05:00:00+00:00,151.13,150.39,146.24
2025-02-12 06:00:00+00:00,163.64,163.2,163.65
2025-02-12 07:00:00+00:00,180.0,180.0,180.0
2025-02-12 08:00:00+00:00,174.92,174.92,174.92
2025-02-12 09:00:00+00:00,162.05,161.0,163.22
2025-02-12 10:00:00+00:00,144.01,136.0,150.56
2025-02-12 11:00:00+00:00,137.28,134.5,141.19
2025-02-12 12:00:00+00:00,142.03,142.3,143.65
2025-02-12 13:00:00+00:00,149.4,149.66,150.79
2025-02-12 14:00:00+00:00,159.67,159.99,161.38
2025-02-12 15:00:00+00:00,173.21,172.39,167.33
2025-02-12 16:00:00+00:00,184.59,183.01,165.38
2025-02-12 17:00:00+00:00,197.13,197.64,200.01
2025-02-12 18:00:00+00:00,192.57,192.86,194.44
2025-02-12 19:00:00+00:00,173.9,174.46,177.52
2025-02-12 20:00:00+00:00,155.78,156.06,157.55
2025-02-12 21:00:00+00:00,150.38,150.54,152.08
2025-02-12 22:00:00+00:00,141.81,142.04,143.24
2025-02-12 23:00:00+00:00,140.33,138.58,129.0
2025-02-13 00:00:00+00:00,137.75,135.12,121.06
2025-02-13 01:00:00+00:00,140.79,139.37,131.77
2025-02-13 02:00:00+00:00,136.59,133.75,118.59
2025-02-13 03:00:00+00:00,140.0,135.85,114.3
2025-02-13 04:00:00+00:00,142.0,135.0,123.81
2025-02-13 05:00:00+00:00,159.99,148.36,135.9
2025-02-13 06:00:00+00:00,190.33,188.55,160.05
2025-02-13 07:00:00+00:00,222.36,219.52,195.2
2025-02-13 08:00:00+00:00,220.05,214.1,169.36
2025-02-13 09:00:00+00:00,203.89,197.48,163.94
2025-02-13 10:00:00+00:00,184.68,180.07,156.06
2025-02-13 11:00:00+00:00,174.52,166.67,149.06
2025-02-13 12:00:00+00:00,170.1,164.14,141.94
2025-02-13 13:00:00+00:00,166.7,162.54,144.8
2025-02-13 14:00:00+00:00,170.1,164.5,143.35
2025-02-13 15:00:00+00:00,182.0,174.97,144.42
2025-02-13 16:00:00+00:00,213.05,205.16,156.8
2025-02-13 17:00:00+00:00,207.17,204.23,186.96
2025-02-13 18:00:00+00:00,196.52,196.52,196.52
2025-02-13 19:00:00+00:00,177.03,177.05,177.12
2025-02-13 20:00:00+00:00,162.92,162.92,162.92
2025-02-13 21:00:00+00:00,153.12,153.12,153.12
2025-02-13 22:00:00+00:00,138.97,138.97,139.0
2025-02-13 23:00:00+00:00,139.21,137.57,128.76
2025-02-14 00:00:00+00:00,132.8,132.76,132.45
2025-02-14 01:00:00+00:00,128.5,127.9,124.57
2025-02-14 02:00:00+00:00,127.65,125.55,113.86
2025-02-14 03:00:00+00:00,129.58,127.27,114.45
2025-02-14 04:00:00+00:00,139.59,137.63,127.38
2025-02-14 05:00:00+00:00,162.89,157.63,131.21
2025-02-14 06:00:00+00:00,227.08,216.19,158.73
2025-02-14 07:00:00+00:00,265.64,253.55,189.79
2025-02-14 08:00:00+00:00,215.11,209.39,179.27
2025-02-14 09:00:00+00:00,181.03,178.79,167.01
2025-02-14 10:00:00+00:00,163.01,160.0,145.23
2025-02-14 11:00:00+00:00,149.86,149.03,145.01
2025-02-14 12:00:00+00:00,148.61,145.28,129.07
2025-02-14 13:00:00+00:00,155.8,150.61,125.16
2025-02-14 14:00:00+00:00,175.06,167.11,124.86
2025-02-14 15:00:00+00:00,200.0,190.46,140.1
2025-02-14 16:00:00+00:00,298.91,275.26,150.62
2025-02-14 17:00:00+00:00,293.06,275.77,185.0
2025-02-14 18:00:00+00:00,225.7,221.86,201.66
2025-02-14 19:00:00+00:00,183.55,183.55,183.55
2025-02-14 20:00:00+00:00,163.79,163.2,160.06
2025-02-14 21:00:00+00:00,153.0,153.0,153.0
2025-02-14 22:00:00+00:00,140.03,140.03,140.03
2025-02-14 23:00:00+00:00,135.29,132.9,122.58
2025-02-15 00:00:00+00:00,130.34,128.04,117.99
2025-02-15 01:00:00+00:00,120.0,118.38,111.31
2025-02-15 02:00:00+00:00,118.24,115.19,102.34
2025-02-15 03:00:00+00:00,118.45,115.0,100.11
2025-02-15 04:00:00+00:00,120.37,117.08,102.64
2025-02-15 05:00:00+00:00,133.74,129.54,110.62
2025-02-15 06:00:00+00:00,148.58,145.07,129.22
2025-02-15 07:00:00+00:00,150.67,148.58,136.06
2025-02-15 08:00:00+00:00,137.01,136.83,136.05
2025-02-15 09:00:00+00:00,124.59,124.59,124.59
2025-02-15 10:00:00+00:00,118.36,118.36,118.36
2025-02-15 11:00:00+00:00,112.39,112.39,112.39
2025-02-15 12:00:00+00:00,110.01,110.01,110.01
2025-02-15 13:00:00+00:00,116.15,114.64,107.92
2025-02-15 14:00:00+00:00,128.83,124.72,105.47
2025-02-15 15:00:00+00:00,145.89,140.0,111.83
2025-02-15 16:00:00+00:00,164.54,158.66,128.68
2025-02-15 17:00:00+00:00,174.7,170.53,149.91
2025-02-15 18:00:00+00:00,164.76,163.91,158.09
2025-02-15 19:00:00+00:00,149.65,147.29,131.51
2025-02-15 20:00:00+00:00,128.31,128.06,125.0
2025-02-15 21:00:00+00:00,132.37,131.63,127.91
2025-02-15 22:00:00+00:00,124.54,124.71,125.3
2025-02-15 23:00:00+00:00,134.11,134.11,134.11
2025-02-16 00:00:00+00:00,128.9,128.9,128.9
2025-02-16 01:00:00+00:00,123.57,123.57,123.57
2025-02-16 02:00:00+00:00,119.9,119.9,119.9
2025-02-16 03:00:00+00:00,119.57,119.57,119.57
2025-02-16 04:00:00+00:00,120.18,120.19,120.24
2025-02-16 05:00:00+00:00,119.92,120.0,120.25
2025-02-16 06:00:00+00:00,127.51,127.64,128.06
2025-02-16 07:00:00+00:00,129.6,129.6,129.14
2025-02-16 08:00:00+00:00,130.49,130.4,129.59
2025-02-16 09:00:00+00:00,127.7,124.11,123.39
2025-02-16 10:00:00+00:00,124.03,117.25,115.79
2025-02-16 11:00:00+00:00,124.67,121.3,120.62
2025-02-16 12:00:00+00:00,118.77,108.21,105.48
2025-02-16 13:00:00+00:00,121.02,109.84,100.88
2025-02-16 14:00:00+00:00,129.55,124.45,97.51
2025-02-16 15:00:00+00:00,137.68,132.95,107.21
2025-02-16 16:00:00+00:00,153.98,149.08,120.08
2025-02-16 17:00:00+00:00,169.98,165.01,139.08
2025-02-16 18:00:00+00:00,160.29,160.89,161.56
2025-02-16 19:00:00+00:00,153.72,153.72,154.95
2025-02-16 20:00:00+00:00,139.34,139.35,138.77
2025-02-16 21:00:00+00:00,137.62,137.6,137.12
2025-02-16 22:00:00+00:00,131.51,131.51,131.51
2025-02-16 23:00:00+00:00,128.05,128.05,127.87
2025-02-17 00:00:00+00:00,121.06,121.06,121.06
2025-02-17 01:00:00+00:00,120.34,120.34,120.34
2025-02-17 02:00:00+00:00,125.52,123.94,115.97
2025-02-17 03:00:00+00:00,128.94,126.74,116.23
2025-02-17 04:00:00+00:00,131.54,129.91,121.21
2025-02-17 05:00:00+00:00,153.16,149.22,141.19
2025-02-17 06:00:00+00:00,204.74,204.74,204.74
2025-02-17 07:00:00+00:00,209.79,209.79,209.79
2025-02-17 08:00:00+00:00,171.3,171.3,171.3
2025-02-17 09:00:00+00:00,139.67,139.67,139.67
2025-02-17 10:00:00+00:00,117.19,117.2,117.26
2025-02-17 11:00:00+00:00,109.47,109.54,109.9
2025-02-17 12:00:00+00:00,106.78,106.79,106.84
2025-02-17 13:00:00+00:00,111.89,111.75,112.31
2025-02-17 14:00:00+00:00,132.27,130.0,119.28
2025-02-17 15:00:00+00:00,158.96,155.43,133.15
2025-02-17 16:00:00+00:00,222.92,213.0,155.85
2025-02-17 17:00:00+00:00,271.0,262.37,213.34
2025-02-17 18:00:00+00:00,215.36,215.43,215.52
2025-02-17 19:00:00+00:00,177.86,177.93,178.0
2025-02-17 20:00:00+00:00,155.19,155.3,155.62
2025-02-17 21:00:00+00:00,139.39,139.39,140.0
2025-02-17 22:00:00+00:00,129.57,129.72,130.6
2025-02-17 23:00:00+00:00,132.95,133.01,133.29
2025-02-18 00:00:00+00:00,125.0,125.06,125.18
2025-02-18 01:00:00+00:00,123.56,123.62,123.92
2025-02-18 02:00:00+00:00,117.11,116.62,114.03
2025-02-18 03:00:00+00:00,115.66,115.08,111.81
2025-02-18 04:00:00+00:00,121.93,121.52,118.5
2025-02-18 05:00:00+00:00,143.61,139.1,129.6
2025-02-18 06:00:00+00:00,190.34,179.87,170.8
2025-02-18 07:00:00+00:00,193.8,193.8,193.8
2025-02-18 08:00:00+00:00,143.53,143.23,144.73
2025-02-18 09:00:00+00:00,124.24,124.54,125.87
2025-02-18 10:00:00+00:00,109.71,110.1,111.75
2025-02-18 11:00:00+00:00,96.41,94.54,100.69
2025-02-18 12:00:00+00:00,88.53,90.0,94.11
2025-02-18 13:00:00+00:00,98.35,98.35,102.96
2025-02-18 14:00:00+00:00,110.0,110.0,113.76
2025-02-18 15:00:00+00:00,128.16,126.0,124.68
2025-02-18 16:00:00+00:00,177.61,172.38,138.32
2025-02-18 17:00:00+00:00,174.32,173.28,168.49
2025-02-18 18:00:00+00:00,155.91,155.33,159.88
2025-02-18 19:00:00+00:00,142.42,141.96,144.4
2025-02-18 20:00:00+00:00,129.41,130.16,133.54
2025-02-18 21:00:00+00:00,121.9,121.92,124.02
2025-02-18 22:00:00+00:00,114.45,114.86,116.23
2025-02-18 23:00:00+00:00,104.54,104.95,106.48
2025-02-19 00:00:00+00:00,99.29,99.7,101.18
2025-02-19 01:00:00+00:00,99.6,99.7,101.3
2025-02-19 02:00:00+00:00,97.29,97.67,99.0
2025-02-19 03:00:00+00:00,94.5,94.86,96.06
2025-02-19 04:00:00+00:00,97.48,98.63,101.83
2025-02-19 05:00:00+00:00,115.0,115.0,120.18
2025-02-19 06:00:00+00:00,149.5,149.5,149.5
2025-02-19 07:00:00+00:00,166.37,166.71,167.39
2025-02-19 08:00:00+00:00,128.76,123.3,133.73
2025-02-19 09:00:00+00:00,107.91,95.1,114.37
2025-02-19 10:00:00+00:00,89.28,73.42,105.57
2025-02-19 11:00:00+00:00,81.52,75.0,104.24
2025-02-19 12:00:00+00:00,82.74,78.3,97.23
2025-02-19 13:00:00+00:00,85.2,80.0,97.3
2025-02-19 14:00:00+00:00,90.63,90.63,109.7
2025-02-19 15:00:00+00:00,110.03,113.39,118.06
2025-02-19 16:00:00+00:00,131.28,132.0,123.29
2025-02-19 17:00:00+00:00,142.98,145.73,151.3
2025-02-19 18:00:00+00:00,144.42,146.43,150.04
2025-02-19 19:00:00+00:00,120.9,122.81,126.79
2025-02-19 20:00:00+00:00,113.75,115.16,118.69
2025-02-19 21:00:00+00:00,107.13,120.93,116.8
2025-02-19 22:00:00+00:00,99.81,100.0,105.34
2025-02-19 23:00:00+00:00,86.17,87.65,90.89
2025-02-20 00:00:00+00:00,85.2,86.67,89.97
2025-02-20 01:00:00+00:00,84.56,85.98,89.41
2025-02-20 02:00:00+00:00,83.64,84.59,87.03
2025-02-20 03:00:00+00:00,82.18,82.95,85.89
2025-02-20 04:00:00+00:00,83.84,83.73,87.98
2025-02-20 05:00:00+00:00,86.31,90.53,98.19
2025-02-20 06:00:00+00:00,110.41,111.17,113.87
2025-02-20 07:00:00+00:00,127.98,130.7,131.1
2025-02-20 08:00:00+00:00,105.87,127.71,114.26
2025-02-20 09:00:00+00:00,93.72,103.58,98.01
2025-02-20 10:00:00+00:00,87.23,87.39,87.9
2025-02-20 11:00:00+00:00,86.87,87.06,87.87
2025-02-20 12:00:00+00:00,84.51,84.45,85.05
2025-02-20 13:00:00+00:00,84.78,84.78,85.53
2025-02-20 14:00:00+00:00,90.05,89.43,88.29
2025-02-20 15:00:00+00:00,98.34,96.13,91.1
2025-02-20 16:00:00+00:00,110.13,110.09,109.56
2025-02-20 17:00:00+00:00,112.38,116.05,127.42
2025-02-20 18:00:00+00:00,122.45,125.84,133.98
2025-02-20 19:00:00+00:00,105.91,102.7,116.63
2025-02-20 20:00:00+00:00,92.41,92.78,101.28
2025-02-20 21:00:00+00:00,90.84,93.04,98.51
2025-02-20 22:00:00+00:00,83.0,84.31,88.0
2025-02-20 23:00:00+00:00,75.51,74.03,76.16
2025-02-21 00:00:00+00:00,74.99,70.09,70.0
2025-02-21 01:00:00+00:00,79.8,74.99,62.07
2025-02-21 02:00:00+00:00,83.4,76.25,51.98
2025-02-21 03:00:00+00:00,82.4,74.0,40.7
2025-02-21 04:00:00+00:00,82.03,72.97,38.71
2025-02-21 05:00:00+00:00,106.47,96.87,52.5
2025-02-21 06:00:00+00:00,152.5,140.24,69.96
2025-02-21 07:00:00+00:00,145.21,135.02,78.92
2025-02-21 08:00:00+00:00,120.98,112.2,80.11
2025-02-21 09:00:00+00:00,98.68,92.01,67.46
2025-02-21 10:00:00+00:00,83.4,76.44,50.69
2025-02-21 11:00:00+00:00,78.0,65.0,52.95
2025-02-21 12:00:00+00:00,76.41,63.2,43.87
2025-02-21 13:00:00+00:00,79.52,69.47,32.74
2025-02-21 14:00:00+00:00,82.94,75.49,50.16
2025-02-21 15:00:00+00:00,103.47,93.09,53.9
2025-02-21 16:00:00+00:00,103.45,98.77,76.34
2025-02-21 17:00:00+00:00,101.98,101.13,94.58
2025-02-21 18:00:00+00:00,81.95,85.01,93.83
2025-02-21 19:00:00+00:00,80.25,82.01,84.97
2025-02-21 20:00:00+00:00,70.85,71.33,70.94
2025-02-21 21:00:00+00:00,70.64,70.89,69.96
2025-02-21 22:00:00+00:00,64.33,66.09,70.17
2025-02-21 23:00:00+00:00,50.99,53.83,59.05
2025-02-22 00:00:00+00:00,48.62,49.16,53.92
2025-02-22 01:00:00+00:00,47.96,47.7,52.12
2025-02-22 02:00:00+00:00,42.62,41.34,45.5
2025-02-22 03:00:00+00:00,41.2,39.79,44.72
2025-02-22 04:00:00+00:00,49.15,50.14,55.54
2025-02-22 05:00:00+00:00,49.11,53.31,61.03
2025-02-22 06:00:00+00:00,61.22,64.9,70.83
2025-02-22 07:00:00+00:00,68.25,70.0,73.33
2025-02-22 08:00:00+00:00,67.74,80.0,72.86
2025-02-22 09:00:00+00:00,53.21,82.75,64.48
2025-02-22 10:00:00+00:00,47.13,85.0,63.0
2025-02-22 11:00:00+00:00,40.4,90.25,60.07
2025-02-22 12:00:00+00:00,52.69,66.61,58.15
2025-02-22 13:00:00+00:00,68.0,67.45,65.05
2025-02-22 14:00:00+00:00,85.6,81.68,62.77
2025-02-22 15:00:00+00:00,100.95,97.75,63.72
2025-02-22 16:00:00+00:00,108.38,131.8,82.22
2025-02-22 17:00:00+00:00,106.98,146.0,122.94
2025-02-22 18:00:00+00:00,115.18,153.65,130.72
2025-02-22 19:00:00+00:00,103.0,147.21,121.47
2025-02-22 20:00:00+00:00,101.58,116.18,110.79
2025-02-22 21:00:00+00:00,94.27,122.0,107.11
2025-02-22 22:00:00+00:00,83.51,119.48,102.2
2025-02-22 23:00:00+00:00,91.1,106.0,99.25
2025-02-23 00:00:00+00:00,84.99,92.6,90.94
2025-02-23 01:00:00+00:00,86.21,87.02,88.92
2025-02-23 02:00:00+00:00,83.63,83.63,77.83
2025-02-23 03:00:00+00:00,85.77,84.3,75.54
2025-02-23 04:00:00+00:00,87.33,85.79,76.45
2025-02-23 05:00:00+00:00,87.7,86.62,79.98
2025-02-23 06:00:00+00:00,108.0,103.35,80.1
2025-02-23 07:00:00+00:00,112.24,106.22,76.74
2025-02-23 08:00:00+00:00,99.35,93.0,61.58
2025-02-23 09:00:00+00:00,83.0,76.13,53.0
2025-02-23 10:00:00+00:00,81.5,60.46,43.42
2025-02-23 11:00:00+00:00,71.12,49.81,53.89
2025-02-23 12:00:00+00:00,69.2,33.35,43.91
2025-02-23 13:00:00+00:00,64.75,30.79,22.18
2025-02-23 14:00:00+00:00,69.11,43.81,28.53
2025-02-23 15:00:00+00:00,84.7,75.7,30.1
2025-02-23 16:00:00+00:00,150.45,135.59,50.0
2025-02-23 17:00:00+00:00,154.69,143.39,100.9
2025-02-23 18:00:00+00:00,117.02,117.55,122.94
2025-02-23 19:00:00+00:00,96.03,95.61,100.52
2025-02-23 20:00:00+00:00,77.32,77.19,81.42
2025-02-23 21:00:00+00:00,73.81,67.97,81.77
2025-02-23 22:00:00+00:00,65.99,60.1,67.3
2025-02-23 23:00:00+00:00,70.83,10.0,35.01
2025-02-24 00:00:00+00:00,67.99,11.89,30.19
2025-02-24 01:00:00+00:00,40.98,12.43,27.44
2025-02-24 02:00:00+00:00,37.1,7.68,24.56
2025-02-24 03:00:00+00:00,65.34,3.93,17.98
2025-02-24 04:00:00+00:00,70.03,7.0,28.3
2025-02-24 05:00:00+00:00,81.0,52.0,72.07
2025-02-24 06:00:00+00:00,84.8,89.29,103.33
2025-02-24 07:00:00+00:00,106.68,110.33,116.86
2025-02-24 08:00:00+00:00,93.26,95.5,100.0
2025-02-24 09:00:00+00:00,79.04,81.86,88.64
2025-02-24 10:00:00+00:00,83.44,85.0,88.95
2025-02-24 11:00:00+00:00,81.63,83.04,86.65
2025-02-24 12:00:00+00:00,83.0,84.19,87.03
2025-02-24 13:00:00+00:00,86.4,87.36,89.45
2025-02-24 14:00:00+00:00,92.55,93.2,91.2
2025-02-24 15:00:00+00:00,100.7,103.55,109.17
2025-02-24 16:00:00+00:00,112.94,114.53,112.99
2025-02-24 17:00:00+00:00,137.81,140.7,147.92
2025-02-24 18:00:00+00:00,148.71,150.71,159.17
2025-02-24 19:00:00+00:00,129.27,130.66,134.91
2025-02-24 20:00:00+00:00,112.29,113.0,115.28
2025-02-24 21:00:00+00:00,112.9,111.96,106.88
2025-02-24 22:00:00+00:00,106.48,106.85,108.03
2025-02-24 23:00:00+00:00,90.6,90.58,89.72
2025-02-25 00:00:00+00:00,89.91,89.97,89.33
2025-02-25 01:00:00+00:00,93.39,92.42,87.75
2025-02-25 02:00:00+00:00,93.86,92.44,85.96
2025-02-25 03:00:00+00:00,97.43,94.32,80.49
2025-02-25 04:00:00+00:00,105.78,103.5,92.92
2025-02-25 05:00:00+00:00,144.87,140.0,110.98
2025-02-25 06:00:00+00:00,167.16,159.41,123.75
2025-02-25 07:00:00+00:00,173.34,166.48,136.97
2025-02-25 08:00:00+00:00,153.73,149.61,131.04
2025-02-25 09:00:00+00:00,140.36,134.88,113.1
2025-02-25 10:00:00+00:00,126.75,121.83,102.9
2025-02-25 11:00:00+00:00,124.63,118.5,93.0
2025-02-25 12:00:00+00:00,125.81,117.56,83.28
2025-02-25 13:00:00+00:00,134.38,124.39,81.78
2025-02-25 14:00:00+00:00,148.34,134.67,83.02
2025-02-25 15:00:00+00:00,170.68,157.96,84.27
2025-02-25 16:00:00+00:00,207.97,194.93,92.86
2025-02-25 17:00:00+00:00,233.05,215.8,115.84
2025-02-25 18:00:00+00:00,188.09,179.45,140.99
2025-02-25 19:00:00+00:00,156.96,154.28,135.55
2025-02-25 20:00:00+00:00,142.47,138.97,118.45
2025-02-25 21:00:00+00:00,129.46,126.41,114.28
2025-02-25 22:00:00+00:00,115.13,112.09,100.41
2025-02-25 23:00:00+00:00,122.99,119.08,102.48
2025-02-26 00:00:00+00:00,119.82,113.54,86.87
2025-02-26 01:00:00+00:00,116.94,112.78,92.98
2025-02-26 02:00:00+00:00,115.98,110.85,86.38
2025-02-26 03:00:00+00:00,116.56,111.69,88.59
2025-02-26 04:00:00+00:00,117.27,113.89,97.82
2025-02-26 05:00:00+00:00,132.65,128.45,111.76
2025-02-26 06:00:00+00:00,159.93,156.72,136.2
2025-02-26 07:00:00+00:00,175.19,168.15,139.08
2025-02-26 08:00:00+00:00,160.22,154.85,121.43
2025-02-26 09:00:00+00:00,141.37,133.11,94.73
2025-02-26 10:00:00+00:00,129.95,100.0,83.07
2025-02-26 11:00:00+00:00,120.53,85.49,84.26
2025-02-26 12:00:00+00:00,119.89,80.0,65.18
2025-02-26 13:00:00+00:00,125.12,86.2,54.59
2025-02-26 14:00:00+00:00,132.9,115.8,58.28
2025-02-26 15:00:00+00:00,149.75,109.63,71.98
2025-02-26 16:00:00+00:00,165.01,145.96,97.0
2025-02-26 17:00:00+00:00,172.57,159.05,126.37
2025-02-26 18:00:00+00:00,162.82,152.12,161.95
2025-02-26 19:00:00+00:00,147.38,141.56,131.05
2025-02-26 20:00:00+00:00,118.44,118.44,117.43
2025-02-26 21:00:00+00:00,120.94,120.94,121.84
2025-02-26 22:00:00+00:00,112.46,112.58,113.02
2025-02-26 23:00:00+00:00,101.48,101.65,102.25
2025-02-27 00:00:00+00:00,103.81,103.81,103.81
2025-02-27 01:00:00+00:00,101.24,101.24,101.3
2025-02-27 02:00:00+00:00,99.6,99.6,99.68
2025-02-27 03:00:00+00:00,100.43,100.41,100.39
2025-02-27 04:00:00+00:00,105.87,105.62,104.35
2025-02-27 05:00:00+00:00,115.18,115.15,117.14
2025-02-27 06:00:00+00:00,152.32,151.24,145.0
2025-02-27 07:00:00+00:00,159.05,159.15,159.47
2025-02-27 08:00:00+00:00,142.58,140.0,129.18
2025-02-27 09:00:00+00:00,129.94,126.01,109.49
2025-02-27 10:00:00+00:00,110.0,108.12,100.19
2025-02-27 11:00:00+00:00,101.1,99.95,93.0
2025-02-27 12:00:00+00:00,109.25,97.5,89.0
2025-02-27 13:00:00+00:00,110.0,99.8,86.8
2025-02-27 14:00:00+00:00,123.0,100.0,89.0
2025-02-27 15:00:00+00:00,142.62,116.47,100.0
2025-02-27 16:00:00+00:00,158.69,144.51,113.95
2025-02-27 17:00:00+00:00,174.71,168.87,136.13
2025-02-27 18:00:00+00:00,163.17,146.0,161.31
2025-02-27 19:00:00+00:00,144.61,129.25,143.75
2025-02-27 20:00:00+00:00,136.54,104.9,132.88
2025-02-27 21:00:00+00:00,124.69,104.2,122.31
2025-02-27 22:00:00+00:00,114.89,105.26,113.5
2025-02-27 23:00:00+00:00,115.47,97.1,115.59
2025-02-28 00:00:00+00:00,110.54,110.54,110.54
2025-02-28 01:00:00+00:00,109.38,109.38,109.38
2025-02-28 02:00:00+00:00,106.93,106.58,105.2
2025-02-28 03:00:00+00:00,112.03,110.53,104.49
2025-02-28 04:00:00+00:00,112.63,111.12,104.49
2025-02-28 05:00:00+00:00,135.99,116.86,116.93
2025-02-28 06:00:00+00:00,150.0,148.83,138.39
2025-02-28 07:00:00+00:00,161.82,160.45,152.94
2025-02-28 08:00:00+00:00,145.5,141.07,120.81
2025-02-28 09:00:00+00:00,127.7,123.19,105.34
2025-02-28 10:00:00+00:00,115.97,110.0,93.0
2025-02-28 11:00:00+00:00,109.51,96.4,91.08
2025-02-28 12:00:00+00:00,108.57,91.5,80.13
2025-02-28 13:00:00+00:00,111.58,92.0,85.2
2025-02-28 14:00:00+00:00,125.57,101.15,93.29
2025-02-28 15:00:00+00:00,135.05,124.1,96.74
2025-02-28 16:00:00+00:00,152.85,147.72,115.51
2025-02-28 17:00:00+00:00,161.24,156.63,124.74
2025-02-28 18:00:00+00:00,158.86,158.0,151.96
2025-02-28 19:00:00+00:00,143.96,142.69,134.27
2025-02-28 20:00:00+00:00,132.94,131.31,121.73
2025-02-28 21:00:00+00:00,127.43,125.54,114.72
2025-02-28 22:00:00+00:00,119.03,117.21,106.75
2025-02-28 23:00:00+00:00,128.19,126.47,118.24
2025-03-01 00:00:00+00:00,120.38,119.47,114.86
2025-03-01 01:00:00+00:00,117.09,116.61,114.23
2025-03-01 02:00:00+00:00,112.15,109.9,98.07
2025-03-01 03:00:00+00:00,109.75,108.05,99.6
2025-03-01 04:00:00+00:00,114.38,111.88,98.93
2025-03-01 05:00:00+00:00,118.86,117.1,108.15
2025-03-01 06:00:00+00:00,135.79,133.82,124.48
2025-03-01 07:00:00+00:00,138.79,136.25,123.85
2025-03-01 08:00:00+00:00,137.74,133.48,113.39
2025-03-01 09:00:00+00:00,125.08,119.44,91.1
2025-03-01 10:00:00+00:00,112.11,106.43,78.71
2025-03-01 11:00:00+00:00,102.21,98.63,80.88
2025-03-01 12:00:00+00:00,97.27,91.41,61.79
2025-03-01 13:00:00+00:00,99.39,89.1,38.14
2025-03-01 14:00:00+00:00,109.23,96.4,31.73
2025-03-01 15:00:00+00:00,125.41,113.54,52.04
2025-03-01 16:00:00+00:00,145.0,134.81,80.77
2025-03-01 17:00:00+00:00,158.55,152.0,119.02
2025-03-01 18:00:00+00:00,150.78,146.76,128.4
2025-03-01 19:00:00+00:00,137.29,133.41,115.05
2025-03-01 20:00:00+00:00,128.6,125.43,110.27
2025-03-01 21:00:00+00:00,123.57,122.03,114.44
2025-03-01 22:00:00+00:00,119.92,119.92,119.92
2025-03-01 23:00:00+00:00,123.94,123.97,124.07
2025-03-02 00:00:00+00:00,107.54,107.72,108.23
2025-03-02 01:00:00+00:00,99.32,99.41,99.66
2025-03-02 02:00:00+00:00,93.01,93.19,93.68
2025-03-02 03:00:00+00:00,94.23,94.49,95.24
2025-03-02 04:00:00+00:00,93.98,94.3,95.17
2025-03-02 05:00:00+00:00,95.89,96.43,97.92
2025-03-02 06:00:00+00:00,102.6,103.0,104.14
2025-03-02 07:00:00+00:00,103.11,103.23,103.58
2025-03-02 08:00:00+00:00,89.0,89.0,89.0
2025-03-02 09:00:00+00:00,68.3,68.3,68.3
2025-03-02 10:00:00+00:00,49.0,49.0,49.0
2025-03-02 11:00:00+00:00,27.5,27.5,27.5
2025-03-02 12:00:00+00:00,3.13,-3.0,20.1
2025-03-02 13:00:00+00:00,2.84,-3.86,22.37
2025-03-02 14:00:00+00:00,50.73,50.7,51.9
2025-03-02 15:00:00+00:00,80.43,79.9,76.04
2025-03-02 16:00:00+00:00,126.55,122.02,97.29
2025-03-02 17:00:00+00:00,143.09,141.05,129.43
2025-03-02 18:00:00+00:00,146.1,146.38,147.09
2025-03-02 19:00:00+00:00,132.98,133.35,134.36
2025-03-02 20:00:00+00:00,120.0,120.44,121.69
2025-03-02 21:00:00+00:00,120.79,120.86,121.07
2025-03-02 22:00:00+00:00,112.78,112.83,112.94
2025-03-02 23:00:00+00:00,108.01,108.28,109.2
2025-03-03 00:00:00+00:00,103.69,103.85,104.56
2025-03-03 01:00:00+00:00,102.79,102.93,103.56
2025-03-03 02:00:00+00:00,99.7,99.8,100.31
2025-03-03 03:00:00+00:00,103.37,103.47,103.95
2025-03-03 04:00:00+00:00,116.7,116.81,117.16
2025-03-03 05:00:00+00:00,137.51,137.55,137.77
2025-03-03 06:00:00+00:00,163.0,163.0,163.0
2025-03-03 07:00:00+00:00,147.52,146.0,148.46
2025-03-03 08:00:00+00:00,106.74,90.0,116.95
2025-03-03 09:00:00+00:00,72.39,80.0,109.79
2025-03-03 10:00:00+00:00,6.4,6.4,103.96
2025-03-03 11:00:00+00:00,0.33,0.33,90.48
2025-03-03 12:00:00+00:00,0.01,-1.76,90.24
2025-03-03 13:00:00+00:00,61.4,60.47,66.91
2025-03-03 14:00:00+00:00,84.1,83.47,86.44
2025-03-03 15:00:00+00:00,106.36,106.3,107.08
2025-03-03 16:00:00+00:00,148.79,142.75,111.91
2025-03-03 17:00:00+00:00,183.95,180.05,157.0
2025-03-03 18:00:00+00:00,175.93,175.82,175.1
2025-03-03 19:00:00+00:00,150.49,150.28,149.0
2025-03-03 20:00:00+00:00,128.21,127.39,122.91
2025-03-03 21:00:00+00:00,124.93,125.1,125.43
2025-03-03 22:00:00+00:00,122.46,122.79,124.38
2025-03-03 23:00:00+00:00,121.0,121.29,122.15
2025-03-04 00:00:00+00:00,109.44,109.76,110.77
2025-03-04 01:00:00+00:00,103.79,103.99,104.62
2025-03-04 02:00:00+00:00,104.82,104.95,105.34
2025-03-04 03:00:00+00:00,100.28,100.62,101.79
2025-03-04 04:00:00+00:00,111.51,110.39,104.0
2025-03-04 05:00:00+00:00,141.86,138.11,119.85
2025-03-04 06:00:00+00:00,169.61,169.62,169.51
2025-03-04 07:00:00+00:00,141.95,141.95,141.95
2025-03-04 08:00:00+00:00,110.98,122.0,116.71
2025-03-04 09:00:00+00:00,80.02,89.97,98.99
2025-03-04 10:00:00+00:00,48.58,30.0,82.08
2025-03-04 11:00:00+00:00,20.53,-3.0,63.84
2025-03-04 12:00:00+00:00,14.34,4.04,50.24
2025-03-04 13:00:00+00:00,52.31,51.78,55.1
2025-03-04 14:00:00+00:00,81.29,81.52,82.88
2025-03-04 15:00:00+00:00,111.15,109.0,97.91
2025-03-04 16:00:00+00:00,148.61,142.58,114.05
2025-03-04 17:00:00+00:00,180.92,173.93,140.78
2025-03-04 18:00:00+00:00,163.67,163.95,164.93
2025-03-04 19:00:00+00:00,134.13,133.4,132.0
2025-03-04 20:00:00+00:00,114.38,114.85,117.62
2025-03-04 21:00:00+00:00,114.41,114.29,113.45
2025-03-04 22:00:00+00:00,106.81,107.29,109.04
2025-03-04 23:00:00+00:00,90.05,92.0,94.15
2025-03-05 00:00:00+00:00,83.07,92.9,89.59
2025-03-05 01:00:00+00:00,83.01,84.6,86.69
2025-03-05 02:00:00+00:00,79.71,80.32,82.85
2025-03-05 03:00:00+00:00,81.63,82.23,85.04
2025-03-05 04:00:00+00:00,91.94,92.37,94.33
2025-03-05 05:00:00+00:00,115.57,116.08,119.46
2025-03-05 06:00:00+00:00,140.16,140.49,141.9
2025-03-05 07:00:00+00:00,85.64,141.52,125.18
2025-03-05 08:00:00+00:00,41.63,44.23,101.12
2025-03-05 09:00:00+00:00,0.02,-6.24,70.2
2025-03-05 10:00:00+00:00,-0.07,-11.0,36.68
2025-03-05 11:00:00+00:00,-4.28,-20.35,41.89
2025-03-05 12:00:00+00:00,-3.7,-8.85,12.04
2025-03-05 13:00:00+00:00,0.05,-2.0,0.84
2025-03-05 14:00:00+00:00,48.5,48.38,50.53
2025-03-05 15:00:00+00:00,89.89,86.1,69.37
2025-03-05 16:00:00+00:00,133.13,127.09,100.05
2025-03-05 17:00:00+00:00,146.23,143.78,132.72
2025-03-05 18:00:00+00:00,145.89,146.16,147.01
2025-03-05 19:00:00+00:00,123.0,122.31,119.02
2025-03-05 20:00:00+00:00,108.12,107.92,106.71
2025-03-05 21:00:00+00:00,109.12,108.78,107.06
2025-03-05 22:00:00+00:00,96.98,97.39,99.02
2025-03-05 23:00:00+00:00,83.9,84.1,85.58
2025-03-06 00:00:00+00:00,84.84,84.14,80.58
2025-03-06 01:00:00+00:00,87.0,84.83,74.44
2025-03-06 02:00:00+00:00,88.12,84.59,67.75
2025-03-06 03:00:00+00:00,94.56,90.1,68.9
2025-03-06 04:00:00+00:00,95.91,93.53,81.53
2025-03-06 05:00:00+00:00,139.28,132.87,100.08
2025-03-06 06:00:00+00:00,151.32,147.24,127.32
2025-03-06 07:00:00+00:00,108.5,108.5,108.5
2025-03-06 08:00:00+00:00,78.7,78.72,78.85
2025-03-06 09:00:00+00:00,50.47,50.62,51.53
2025-03-06 10:00:00+00:00,4.02,1.58,10.95
2025-03-06 11:00:00+00:00,0.08,-4.47,12.19
2025-03-06 12:00:00+00:00,0.02,-2.04,5.82
2025-03-06 13:00:00+00:00,13.16,13.16,13.16
2025-03-06 14:00:00+00:00,71.0,63.61,44.9
2025-03-06 15:00:00+00:00,116.52,100.56,56.08
2025-03-06 16:00:00+00:00,148.95,136.82,76.99
2025-03-06 17:00:00+00:00,165.36,155.73,101.0
2025-03-06 18:00:00+00:00,149.1,132.33,126.02
2025-03-06 19:00:00+00:00,125.64,110.7,108.54
2025-03-06 20:00:00+00:00,106.63,103.37,88.44
2025-03-06 21:00:00+00:00,101.47,96.4,86.73
2025-03-06 22:00:00+00:00,91.11,86.0,76.6
2025-03-06 23:00:00+00:00,90.27,84.58,77.33
2025-03-07 00:00:00+00:00,90.27,86.0,63.12
2025-03-07 01:00:00+00:00,91.38,87.0,63.93
2025-03-07 02:00:00+00:00,91.69,85.88,56.17
2025-03-07 03:00:00+00:00,99.0,90.0,60.2
2025-03-07 04:00:00+00:00,115.17,101.3,64.01
2025-03-07 05:00:00+00:00,135.67,107.2,80.87
2025-03-07 06:00:00+00:00,147.7,136.59,106.74
2025-03-07 07:00:00+00:00,122.23,117.01,100.49
2025-03-07 08:00:00+00:00,83.0,82.11,79.76
2025-03-07 09:00:00+00:00,65.3,63.37,60.32
2025-03-07 10:00:00+00:00,31.81,31.81,31.81
2025-03-07 11:00:00+00:00,12.79,12.79,12.79
2025-03-07 12:00:00+00:00,8.08,6.79,7.82
2025-03-07 13:00:00+00:00,37.06,32.92,23.9
2025-03-07 14:00:00+00:00,90.15,69.98,21.92
2025-03-07 15:00:00+00:00,126.99,110.0,38.71
2025-03-07 16:00:00+00:00,149.91,134.83,61.28
2025-03-07 17:00:00+00:00,216.64,195.47,83.08
2025-03-07 18:00:00+00:00,178.68,165.8,99.65
2025-03-07 19:00:00+00:00,148.7,136.11,74.89
2025-03-07 20:00:00+00:00,132.4,118.55,50.0
2025-03-07 21:00:00+00:00,119.11,109.12,59.2
2025-03-07 22:00:00+00:00,111.83,102.42,58.17
2025-03-07 23:00:00+00:00,124.97,117.57,84.95
2025-03-08 00:00:00+00:00,113.94,102.51,50.53
2025-03-08 01:00:00+00:00,117.22,97.0,28.52
2025-03-08 02:00:00+00:00,116.76,99.36,26.03
2025-03-08 03:00:00+00:00,118.42,100.71,22.33
2025-03-08 04:00:00+00:00,121.3,103.41,27.03
2025-03-08 05:00:00+00:00,127.82,114.9,56.37
2025-03-08 06:00:00+00:00,120.59,110.0,63.61
2025-03-08 07:00:00+00:00,98.04,98.04,98.04
2025-03-08 08:00:00+00:00,72.54,72.54,72.54
2025-03-08 09:00:00+00:00,18.05,18.05,18.05
2025-03-08 10:00:00+00:00,2.07,1.52,3.52
2025-03-08 11:00:00+00:00,-0.34,-3.66,8.62
2025-03-08 12:00:00+00:00,-0.1,-0.51,1.0
2025-03-08 13:00:00+00:00,0.07,0.07,0.07
2025-03-08 14:00:00+00:00,56.2,45.36,10.92
2025-03-08 15:00:00+00:00,100.86,84.59,17.3
2025-03-08 16:00:00+00:00,145.58,130.42,62.59
2025-03-08 17:00:00+00:00,174.05,150.9,35.0
2025-03-08 18:00:00+00:00,140.03,122.35,43.38
2025-03-08 19:00:00+00:00,111.21,99.06,41.23
2025-03-08 20:00:00+00:00,100.0,90.18,40.65
2025-03-08 21:00:00+00:00,99.24,88.06,40.0
2025-03-08 22:00:00+00:00,97.94,86.48,38.1
2025-03-08 23:00:00+00:00,95.19,84.97,35.4
2025-03-09 00:00:00+00:00,94.81,86.8,35.01
2025-03-09 01:00:00+00:00,94.44,85.7,35.01
2025-03-09 02:00:00+00:00,96.51,95.86,33.29
2025-03-09 03:00:00+00:00,98.67,97.72,29.97
2025-03-09 04:00:00+00:00,101.51,99.85,31.4
2025-03-09 05:00:00+00:00,100.0,100.0,31.81
2025-03-09 06:00:00+00:00,93.01,87.34,35.0
2025-03-09 07:00:00+00:00,65.4,62.21,35.0
2025-03-09 08:00:00+00:00,29.27,29.27,29.27
2025-03-09 09:00:00+00:00,10.1,10.1,10.1
2025-03-09 10:00:00+00:00,0.03,-6.55,9.13
2025-03-09 11:00:00+00:00,-2.26,-12.77,13.2
2025-03-09 12:00:00+00:00,-2.04,-8.06,7.1
2025-03-09 13:00:00+00:00,0.09,-2.21,3.52
2025-03-09 14:00:00+00:00,17.39,17.39,17.39
2025-03-09 15:00:00+00:00,90.56,81.0,35.01
2025-03-09 16:00:00+00:00,125.74,112.06,47.68
2025-03-09 17:00:00+00:00,135.37,127.46,89.02
2025-03-09 18:00:00+00:00,136.7,134.63,124.5
2025-03-09 19:00:00+00:00,130.2,129.78,127.6
2025-03-09 20:00:00+00:00,122.7,121.44,115.66
2025-03-09 21:00:00+00:00,112.8,110.01,97.04
2025-03-09 22:00:00+00:00,106.83,103.64,88.06
2025-03-09 23:00:00+00:00,96.83,94.94,85.51
2025-03-10 00:00:00+00:00,94.92,91.98,78.03
2025-03-10 01:00:00+00:00,96.7,92.64,73.01
2025-03-10 02:00:00+00:00,96.87,92.56,71.31
2025-03-10 03:00:00+00:00,94.65,89.98,66.7
2025-03-10 04:00:00+00:00,106.37,101.14,73.43
2025-03-10 05:00:00+00:00,148.49,141.76,99.58
2025-03-10 06:00:00+00:00,159.75,149.92,123.06
2025-03-10 07:00:00+00:00,133.96,133.32,130.01
2025-03-10 08:00:00+00:00,98.88,98.22,95.0
2025-03-10 09:00:00+00:00,84.38,84.12,82.99
2025-03-10 10:00:00+00:00,77.88,77.88,78.0
2025-03-10 11:00:00+00:00,76.02,76.02,76.02
2025-03-10 12:00:00+00:00,77.32,77.32,77.32
2025-03-10 13:00:00+00:00,83.91,81.9,75.51
2025-03-10 14:00:00+00:00,97.47,90.54,69.11
2025-03-10 15:00:00+00:00,127.47,109.4,77.86
2025-03-10 16:00:00+00:00,147.97,136.2,95.92
2025-03-10 17:00:00+00:00,174.92,165.35,117.84
2025-03-10 18:00:00+00:00,160.24,156.89,152.05
2025-03-10 19:00:00+00:00,142.14,123.2,131.6
2025-03-10 20:00:00+00:00,126.59,108.6,110.0
2025-03-10 21:00:00+00:00,106.88,105.16,100.0
2025-03-10 22:00:00+00:00,97.97,96.32,92.0
2025-03-10 23:00:00+00:00,104.39,100.64,91.0
2025-03-11 00:00:00+00:00,101.8,97.61,87.45
2025-03-11 01:00:00+00:00,99.73,97.56,91.98
2025-03-11 02:00:00+00:00,100.5,97.43,89.37
2025-03-11 03:00:00+00:00,102.53,97.11,82.36
2025-03-11 04:00:00+00:00,110.86,103.49,91.92
2025-03-11 05:00:00+00:00,148.04,91.88,92.8
2025-03-11 06:00:00+00:00,152.98,139.02,114.57
2025-03-11 07:00:00+00:00,146.49,138.58,126.96
2025-03-11 08:00:00+00:00,128.53,125.4,110.09
2025-03-11 09:00:00+00:00,102.0,101.52,99.23
2025-03-11 10:00:00+00:00,97.48,96.23,91.6
2025-03-11 11:00:00+00:00,96.44,94.16,88.95
2025-03-11 12:00:00+00:00,98.38,94.78,86.24
2025-03-11 13:00:00+00:00,102.35,98.05,86.59
2025-03-11 14:00:00+00:00,112.84,106.49,86.42
2025-03-11 15:00:00+00:00,132.86,119.51,78.21
2025-03-11 16:00:00+00:00,171.95,139.37,87.97
2025-03-11 17:00:00+00:00,205.02,170.88,114.5
2025-03-11 18:00:00+00:00,180.95,169.67,157.5
2025-03-11 19:00:00+00:00,149.43,144.93,137.84
2025-03-11 20:00:00+00:00,133.0,130.84,119.33
2025-03-11 21:00:00+00:00,121.25,117.4,108.78
2025-03-11 22:00:00+00:00,107.34,106.83,105.16
2025-03-11 23:00:00+00:00,101.73,100.93,98.9
2025-03-12 00:00:00+00:00,100.09,98.68,95.03
2025-03-12 01:00:00+00:00,97.79,96.97,94.87
2025-03-12 02:00:00+00:00,97.38,95.36,88.78
2025-03-12 03:00:00+00:00,101.8,97.7,86.93
2025-03-12 04:00:00+00:00,110.31,103.92,85.79
2025-03-12 05:00:00+00:00,144.54,130.43,102.81
2025-03-12 06:00:00+00:00,161.64,142.01,119.55
2025-03-12 07:00:00+00:00,148.41,140.1,131.53
2025-03-12 08:00:00+00:00,125.0,125.0,125.0
2025-03-12 09:00:00+00:00,102.62,102.65,102.67
2025-03-12 10:00:00+00:00,99.69,98.93,99.56
2025-03-12 11:00:00+00:00,98.07,97.74,98.01
2025-03-12 12:00:00+00:00,99.91,92.62,98.64
2025-03-12 13:00:00+00:00,101.65,96.8,99.03
2025-03-12 14:00:00+00:00,117.74,100.1,97.86
2025-03-12 15:00:00+00:00,142.1,113.0,108.29
2025-03-12 16:00:00+00:00,157.03,138.06,107.58
2025-03-12 17:00:00+00:00,199.75,189.38,150.2
2025-03-12 18:00:00+00:00,179.49,179.12,176.69
2025-03-12 19:00:00+00:00,148.05,147.8,146.37
2025-03-12 20:00:00+00:00,132.2,132.2,132.2
2025-03-12 21:00:00+00:00,120.0,120.0,120.0
2025-03-12 22:00:00+00:00,109.91,109.91,109.91
2025-03-12 23:00:00+00:00,108.52,108.52,108.58
2025-03-13 00:00:00+00:00,102.25,102.51,103.46
2025-03-13 01:00:00+00:00,98.98,99.59,101.25
2025-03-13 02:00:00+00:00,96.71,96.65,95.12
2025-03-13 03:00:00+00:00,98.35,97.19,90.8
2025-03-13 04:00:00+00:00,105.88,105.11,102.51
2025-03-13 05:00:00+00:00,132.99,131.27,123.83
2025-03-13 06:00:00+00:00,159.87,155.96,152.28
2025-03-13 07:00:00+00:00,158.03,155.1,156.41
2025-03-13 08:00:00+00:00,148.13,130.68,140.0
2025-03-13 09:00:00+00:00,123.77,120.4,118.94
2025-03-13 10:00:00+00:00,110.7,103.0,112.21
2025-03-13 11:00:00+00:00,110.01,95.62,108.07
2025-03-13 12:00:00+00:00,108.22,96.9,106.66
2025-03-13 13:00:00+00:00,107.54,104.0,105.7
2025-03-13 14:00:00+00:00,109.99,104.0,104.71
2025-03-13 15:00:00+00:00,121.47,108.81,104.94
2025-03-13 16:00:00+00:00,142.65,138.19,124.27
2025-03-13 17:00:00+00:00,166.05,166.05,166.05
2025-03-13 18:00:00+00:00,173.47,173.47,173.47
2025-03-13 19:00:00+00:00,149.0,149.0,149.0
2025-03-13 20:00:00+00:00,135.69,135.69,135.69
2025-03-13 21:00:00+00:00,123.48,123.48,124.3
2025-03-13 22:00:00+00:00,111.63,111.63,112.18
2025-03-13 23:00:00+00:00,109.09,109.09,109.09
2025-03-14 00:00:00+00:00,106.0,106.0,106.0
2025-03-14 01:00:00+00:00,105.9,105.9,105.9
2025-03-14 02:00:00+00:00,103.83,103.83,103.83
2025-03-14 03:00:00+00:00,105.3,105.3,105.3
2025-03-14 04:00:00+00:00,113.99,113.61,112.47
2025-03-14 05:00:00+00:00,143.02,140.97,132.38
2025-03-14 06:00:00+00:00,155.11,155.02,155.0
2025-03-14 07:00:00+00:00,155.0,153.05,153.62
2025-03-14 08:00:00+00:00,132.09,131.9,131.4
2025-03-14 09:00:00+00:00,112.0,111.81,111.29
2025-03-14 10:00:00+00:00,106.35,101.2,104.74
2025-03-14 11:00:00+00:00,104.5,98.64,105.76
2025-03-14 12:00:00+00:00,104.59,100.0,98.38
2025-03-14 13:00:00+00:00,105.38,91.12,91.37
2025-03-14 14:00:00+00:00,109.39,106.5,97.3
2025-03-14 15:00:00+00:00,124.84,115.6,101.63
2025-03-14 16:00:00+00:00,146.44,133.74,112.1
2025-03-14 17:00:00+00:00,155.33,145.69,130.05
2025-03-14 18:00:00+00:00,150.91,150.85,150.55
2025-03-14 19:00:00+00:00,130.01,130.01,130.01
2025-03-14 20:00:00+00:00,111.39,111.39,111.39
2025-03-14 21:00:00+00:00,114.0,114.0,114.0
2025-03-14 22:00:00+00:00,105.17,105.17,105.17
2025-03-14 23:00:00+00:00,112.15,112.15,112.15
2025-03-15 00:00:00+00:00,103.14,103.14,103.14
2025-03-15 01:00:00+00:00,96.0,96.0,96.0
2025-03-15 02:00:00+00:00,89.9,89.9,89.9
2025-03-15 03:00:00+00:00,86.9,86.9,86.9
2025-03-15 04:00:00+00:00,90.55,90.55,90.55
2025-03-15 05:00:00+00:00,97.01,97.01,97.01
2025-03-15 06:00:00+00:00,99.42,99.42,99.42
2025-03-15 07:00:00+00:00,98.77,98.74,98.51
2025-03-15 08:00:00+00:00,86.4,86.36,86.06
2025-03-15 09:00:00+00:00,72.39,72.48,72.96
2025-03-15 10:00:00+00:00,67.16,66.73,65.15
2025-03-15 11:00:00+00:00,57.32,57.22,57.11
2025-03-15 12:00:00+00:00,48.0,48.0,48.0
2025-03-15 13:00:00+00:00,54.51,54.51,54.51
2025-03-15 14:00:00+00:00,70.8,64.63,45.97
2025-03-15 15:00:00+00:00,84.24,79.76,64.13
2025-03-15 16:00:00+00:00,121.91,115.65,83.99
2025-03-15 17:00:00+00:00,130.3,127.48,112.67
2025-03-15 18:00:00+00:00,132.96,132.96,132.96
2025-03-15 19:00:00+00:00,121.46,121.46,121.46
2025-03-15 20:00:00+00:00,108.5,108.5,108.5
2025-03-15 21:00:00+00:00,105.02,105.02,105.02
2025-03-15 22:00:00+00:00,95.25,95.25,95.25
2025-03-15 23:00:00+00:00,90.01,90.01,90.01
2025-03-16 00:00:00+00:00,85.79,85.79,85.79
2025-03-16 01:00:00+00:00,79.62,79.62,79.62
2025-03-16 02:00:00+00:00,78.18,78.18,78.18
2025-03-16 03:00:00+00:00,78.6,78.6,78.6
2025-03-16 04:00:00+00:00,80.51,80.51,80.51
2025-03-16 05:00:00+00:00,85.14,85.14,85.14
2025-03-16 06:00:00+00:00,82.07,82.07,82.07
2025-03-16 07:00:00+00:00,77.95,77.95,77.95
2025-03-16 08:00:00+00:00,56.9,57.4,58.99
2025-03-16 09:00:00+00:00,24.09,24.19,26.11
2025-03-16 10:00:00+00:00,2.9,-0.77,16.45
2025-03-16 11:00:00+00:00,1.01,-10.01,25.38
2025-03-16 12:00:00+00:00,0.19,-3.16,11.37
2025-03-16 13:00:00+00:00,2.53,0.7,9.94
2025-03-16 14:00:00+00:00,31.0,31.0,31.0
2025-03-16 15:00:00+00:00,71.11,70.2,65.4
2025-03-16 16:00:00+00:00,116.81,111.7,84.19
2025-03-16 17:00:00+00:00,130.84,127.27,108.58
2025-03-16 18:00:00+00:00,140.0,140.0,140.0
2025-03-16 19:00:00+00:00,125.28,118.0,130.43
2025-03-16 20:00:00+00:00,107.73,99.9,113.31
2025-03-16 21:00:00+00:00,100.8,92.0,107.05
2025-03-16 22:00:00+00:00,79.71,80.7,89.0
2025-03-16 23:00:00+00:00,78.1,104.6,95.36
2025-03-17 00:00:00+00:00,79.01,106.8,93.58
2025-03-17 01:00:00+00:00,78.79,96.74,86.01
2025-03-17 02:00:00+00:00,80.91,80.91,80.91
2025-03-17 03:00:00+00:00,85.85,85.85,85.85
2025-03-17 04:00:00+00:00,103.3,103.3,103.3
2025-03-17 05:00:00+00:00,135.18,135.18,135.18
2025-03-17 06:00:00+00:00,152.87,152.87,152.87
2025-03-17 07:00:00+00:00,135.24,126.56,141.59
2025-03-17 08:00:00+00:00,100.73,87.12,111.4
2025-03-17 09:00:00+00:00,68.21,54.21,81.1
2025-03-17 10:00:00+00:00,50.56,30.0,70.07
2025-03-17 11:00:00+00:00,31.17,-2.0,58.9
2025-03-17 12:00:00+00:00,27.95,-2.0,50.24
2025-03-17 13:00:00+00:00,50.14,50.0,50.24
2025-03-17 14:00:00+00:00,70.01,67.12,60.34
2025-03-17 15:00:00+00:00,98.55,93.92,68.1
2025-03-17 16:00:00+00:00,143.05,127.87,80.67
2025-03-17 17:00:00+00:00,177.33,156.65,111.93
2025-03-17 18:00:00+00:00,170.0,170.0,170.0
2025-03-17 19:00:00+00:00,141.5,141.5,141.5
2025-03-17 20:00:00+00:00,118.85,113.53,110.96
2025-03-17 21:00:00+00:00,107.86,106.45,104.18
2025-03-17 22:00:00+00:00,93.5,93.5,93.5
2025-03-17 23:00:00+00:00,92.2,92.2,92.2
2025-03-18 00:00:00+00:00,89.99,89.99,89.99
2025-03-18 01:00:00+00:00,92.37,91.4,87.36
2025-03-18 02:00:00+00:00,89.2,87.23,79.0
2025-03-18 03:00:00+00:00,95.25,91.24,74.46
2025-03-18 04:00:00+00:00,110.74,103.73,88.25
2025-03-18 05:00:00+00:00,138.9,132.52,119.09
2025-03-18 06:00:00+00:00,136.68,136.68,136.68
2025-03-18 07:00:00+00:00,106.52,106.01,108.02
2025-03-18 08:00:00+00:00,71.53,71.53,72.65
2025-03-18 09:00:00+00:00,25.27,21.23,37.84
2025-03-18 10:00:00+00:00,0.68,-5.13,12.84
2025-03-18 11:00:00+00:00,-1.46,-11.68,20.2
2025-03-18 12:00:00+00:00,-0.3,-2.61,5.19
2025-03-18 13:00:00+00:00,5.72,5.29,6.03
2025-03-18 14:00:00+00:00,50.28,43.23,24.59
2025-03-18 15:00:00+00:00,95.94,82.71,45.29
2025-03-18 16:00:00+00:00,140.9,124.28,74.12
2025-03-18 17:00:00+00:00,170.91,149.97,85.68
2025-03-18 18:00:00+00:00,167.46,159.73,150.79
2025-03-18 19:00:00+00:00,142.39,141.49,136.97
2025-03-18 20:00:00+00:00,123.04,117.67,105.69
2025-03-18 21:00:00+00:00,115.97,107.37,90.95
2025-03-18 22:00:00+00:00,103.29,100.42,89.66
2025-03-18 23:00:00+00:00,107.29,98.68,82.89
2025-03-19 00:00:00+00:00,102.4,94.37,78.01
2025-03-19 01:00:00+00:00,101.19,94.9,76.54
2025-03-19 02:00:00+00:00,102.0,96.1,73.96
2025-03-19 03:00:00+00:00,106.59,99.68,73.69
2025-03-19 04:00:00+00:00,122.52,109.87,77.34
2025-03-19 05:00:00+00:00,158.05,145.37,102.0
2025-03-19 06:00:00+00:00,147.74,146.21,139.34
2025-03-19 07:00:00+00:00,108.23,108.14,107.94
2025-03-19 08:00:00+00:00,79.5,75.95,79.26
2025-03-19 09:00:00+00:00,26.52,25.87,28.23
2025-03-19 10:00:00+00:00,-0.04,0.03,0.22
2025-03-19 11:00:00+00:00,-0.56,-0.64,0.0
2025-03-19 12:00:00+00:00,-0.25,-0.18,0.0
2025-03-19 13:00:00+00:00,0.99,1.11,1.46
2025-03-19 14:00:00+00:00,66.73,59.82,27.2
2025-03-19 15:00:00+00:00,109.85,99.29,47.32
2025-03-19 16:00:00+00:00,147.56,136.97,72.85
2025-03-19 17:00:00+00:00,248.18,225.81,100.29
2025-03-19 18:00:00+00:00,220.3,209.83,152.83
2025-03-19 19:00:00+00:00,176.68,164.4,97.23
2025-03-19 20:00:00+00:00,138.24,129.46,78.9
2025-03-19 21:00:00+00:00,124.45,117.39,77.56
2025-03-19 22:00:00+00:00,111.14,106.44,83.06
2025-03-19 23:00:00+00:00,117.17,108.74,59.32
2025-03-20 00:00:00+00:00,102.86,95.11,50.17
2025-03-20 01:00:00+00:00,99.56,93.69,53.45
2025-03-20 02:00:00+00:00,100.08,93.0,38.67
2025-03-20 03:00:00+00:00,102.83,91.37,25.85
2025-03-20 04:00:00+00:00,119.7,109.0,48.83
2025-03-20 05:00:00+00:00,144.84,132.24,72.89
2025-03-20 06:00:00+00:00,141.21,135.15,101.87
2025-03-20 07:00:00+00:00,99.87,99.06,92.07
2025-03-20 08:00:00+00:00,79.45,75.0,51.32
2025-03-20 09:00:00+00:00,37.51,34.97,20.36
2025-03-20 10:00:00+00:00,3.42,3.42,3.42
2025-03-20 11:00:00+00:00,0.43,0.43,0.43
2025-03-20 12:00:00+00:00,0.65,0.65,0.65
2025-03-20 13:00:00+00:00,16.6,14.56,3.52
2025-03-20 14:00:00+00:00,79.42,68.25,6.09
2025-03-20 15:00:00+00:00,120.76,104.8,15.73
2025-03-20 16:00:00+00:00,155.14,138.13,39.52
2025-03-20 17:00:00+00:00,280.07,246.89,62.96
2025-03-20 18:00:00+00:00,253.85,230.35,101.6
2025-03-20 19:00:00+00:00,164.0,153.39,93.74
2025-03-20 20:00:00+00:00,136.82,126.07,63.99
2025-03-20 21:00:00+00:00,125.03,110.71,50.21
2025-03-20 22:00:00+00:00,117.91,106.64,41.51
2025-03-20 23:00:00+00:00,125.07,108.01,37.45
2025-03-21 00:00:00+00:00,116.41,100.1,20.42
2025-03-21 01:00:00+00:00,112.74,97.5,27.24
2025-03-21 02:00:00+00:00,105.81,93.38,43.94
2025-03-21 03:00:00+00:00,109.1,90.28,25.63
2025-03-21 04:00:00+00:00,127.49,104.49,22.5
2025-03-21 05:00:00+00:00,156.0,125.65,34.98
2025-03-21 06:00:00+00:00,148.27,132.12,43.48
2025-03-21 07:00:00+00:00,110.73,99.21,34.64
2025-03-21 08:00:00+00:00,73.31,68.8,43.26
2025-03-21 09:00:00+00:00,43.25,40.49,40.41
2025-03-21 10:00:00+00:00,7.35,6.4,7.26
2025-03-21 11:00:00+00:00,0.81,-2.0,5.29
2025-03-21 12:00:00+00:00,0.0,-2.0,0.18
2025-03-21 13:00:00+00:00,2.49,-2.0,2.67
2025-03-21 14:00:00+00:00,12.36,-1.59,14.05
2025-03-21 15:00:00+00:00,46.22,42.93,31.7
2025-03-21 16:00:00+00:00,100.24,89.73,37.13
2025-03-21 17:00:00+00:00,120.65,111.5,46.83
2025-03-21 18:00:00+00:00,83.5,82.0,60.74
2025-03-21 19:00:00+00:00,70.0,68.42,51.7
2025-03-21 20:00:00+00:00,47.19,45.69,35.01
2025-03-21 21:00:00+00:00,27.13,29.23,38.86
2025-03-21 22:00:00+00:00,18.45,21.08,30.74
2025-03-21 23:00:00+00:00,26.93,26.93,35.58
2025-03-22 00:00:00+00:00,12.57,13.87,21.64
2025-03-22 01:00:00+00:00,9.07,10.71,18.59
2025-03-22 02:00:00+00:00,6.88,8.4,15.04
2025-03-22 03:00:00+00:00,10.12,11.17,14.98
2025-03-22 04:00:00+00:00,12.95,13.53,14.94
2025-03-22 05:00:00+00:00,13.01,13.07,16.17
2025-03-22 06:00:00+00:00,13.04,19.88,19.88
2025-03-22 07:00:00+00:00,3.11,3.11,25.2
2025-03-22 08:00:00+00:00,0.0,0.0,23.29
2025-03-22 09:00:00+00:00,-1.86,-2.0,14.56
2025-03-22 10:00:00+00:00,-6.31,-6.0,11.85
2025-03-22 11:00:00+00:00,-15.18,-16.84,11.56
2025-03-22 12:00:00+00:00,-15.04,-12.0,5.52
2025-03-22 13:00:00+00:00,-6.79,-6.79,4.65
2025-03-22 14:00:00+00:00,-1.51,-1.51,17.61
2025-03-22 15:00:00+00:00,1.01,40.0,31.2
2025-03-22 16:00:00+00:00,34.99,126.75,37.46
2025-03-22 17:00:00+00:00,60.03,154.0,60.03
2025-03-22 18:00:00+00:00,50.95,156.0,85.17
2025-03-22 19:00:00+00:00,42.15,108.3,76.01
2025-03-22 20:00:00+00:00,36.12,99.9,52.05
2025-03-22 21:00:00+00:00,37.14,100.1,43.9
2025-03-22 22:00:00+00:00,35.69,98.0,53.22
2025-03-22 23:00:00+00:00,13.69,91.0,37.16
2025-03-23 00:00:00+00:00,19.01,80.0,37.57
2025-03-23 01:00:00+00:00,23.65,90.0,52.65
2025-03-23 02:00:00+00:00,23.49,92.81,32.09
2025-03-23 03:00:00+00:00,24.82,92.79,24.82
2025-03-23 04:00:00+00:00,25.01,90.0,25.01
2025-03-23 05:00:00+00:00,24.84,94.0,27.95
2025-03-23 06:00:00+00:00,24.26,101.91,33.58
2025-03-23 07:00:00+00:00,18.99,79.73,38.15
2025-03-23 08:00:00+00:00,23.09,23.14,23.04
2025-03-23 09:00:00+00:00,13.78,13.78,13.78
2025-03-23 10:00:00+00:00,9.6,9.6,9.6
2025-03-23 11:00:00+00:00,13.49,13.49,13.49
2025-03-23 12:00:00+00:00,5.01,5.01,5.01
2025-03-23 13:00:00+00:00,11.46,11.46,11.46
2025-03-23 14:00:00+00:00,42.5,41.77,33.18
2025-03-23 15:00:00+00:00,84.42,93.52,41.77
2025-03-23 16:00:00+00:00,124.23,117.08,45.96
2025-03-23 17:00:00+00:00,140.0,140.0,96.18
2025-03-23 18:00:00+00:00,142.51,140.96,125.54
2025-03-23 19:00:00+00:00,140.58,139.7,125.92
2025-03-23 20:00:00+00:00,130.0,128.12,111.0
2025-03-23 21:00:00+00:00,126.47,123.52,106.07
2025-03-23 22:00:00+00:00,114.24,114.24,114.24
2025-03-23 23:00:00+00:00,110.45,108.5,97.6
2025-03-24 00:00:00+00:00,107.29,102.81,79.87
2025-03-24 01:00:00+00:00,101.91,99.11,85.17
2025-03-24 02:00:00+00:00,98.94,96.3,82.75
2025-03-24 03:00:00+00:00,101.99,98.64,79.51
2025-03-24 04:00:00+00:00,119.82,114.9,87.72
2025-03-24 05:00:00+00:00,141.5,137.41,115.6
2025-03-24 06:00:00+00:00,164.28,161.62,146.32
2025-03-24 07:00:00+00:00,161.86,159.09,145.52
2025-03-24 08:00:00+00:00,135.38,132.84,119.47
2025-03-24 09:00:00+00:00,111.16,110.25,107.06
2025-03-24 10:00:00+00:00,107.36,101.16,79.09
2025-03-24 11:00:00+00:00,100.75,94.43,74.96
2025-03-24 12:00:00+00:00,100.87,91.5,68.64
2025-03-24 13:00:00+00:00,106.57,92.91,62.76
2025-03-24 14:00:00+00:00,115.85,99.59,61.64
2025-03-24 15:00:00+00:00,130.95,119.91,76.6
2025-03-24 16:00:00+00:00,154.15,146.43,94.64
2025-03-24 17:00:00+00:00,211.99,200.61,136.68
2025-03-24 18:00:00+00:00,193.0,190.85,179.1
2025-03-24 19:00:00+00:00,161.84,161.3,158.3
2025-03-24 20:00:00+00:00,138.55,135.78,120.96
2025-03-24 21:00:00+00:00,125.58,122.96,107.92
2025-03-24 22:00:00+00:00,115.16,113.3,103.43
2025-03-24 23:00:00+00:00,102.07,100.62,90.45
2025-03-25 00:00:00+00:00,101.76,99.0,84.94
2025-03-25 01:00:00+00:00,100.2,97.15,82.08
2025-03-25 02:00:00+00:00,102.67,96.4,73.33
2025-03-25 03:00:00+00:00,101.96,95.64,76.61
2025-03-25 04:00:00+00:00,107.39,101.6,84.95
2025-03-25 05:00:00+00:00,136.05,127.85,102.19
2025-03-25 06:00:00+00:00,142.13,139.1,124.85
2025-03-25 07:00:00+00:00,133.36,130.06,108.2
2025-03-25 08:00:00+00:00,106.41,106.04,104.12
2025-03-25 09:00:00+00:00,92.03,90.65,82.15
2025-03-25 10:00:00+00:00,78.8,78.19,76.17
2025-03-25 11:00:00+00:00,68.45,68.61,73.17
2025-03-25 12:00:00+00:00,69.23,68.29,65.48
2025-03-25 13:00:00+00:00,81.7,77.43,57.92
2025-03-25 14:00:00+00:00,95.52,88.82,56.78
2025-03-25 15:00:00+00:00,108.84,101.89,63.81
2025-03-25 16:00:00+00:00,138.81,130.98,77.18
2025-03-25 17:00:00+00:00,161.14,154.56,113.2
2025-03-25 18:00:00+00:00,166.36,165.4,160.86
2025-03-25 19:00:00+00:00,148.6,148.6,148.6
2025-03-25 20:00:00+00:00,122.36,122.5,123.86
2025-03-25 21:00:00+00:00,114.83,113.45,104.25
2025-03-25 22:00:00+00:00,102.05,102.05,102.05
2025-03-25 23:00:00+00:00,101.02,101.02,101.02
2025-03-26 00:00:00+00:00,97.96,97.95,97.96
2025-03-26 01:00:00+00:00,97.36,97.34,97.23
2025-03-26 02:00:00+00:00,97.39,97.39,88.41
2025-03-26 03:00:00+00:00,95.72,95.72,72.06
2025-03-26 04:00:00+00:00,98.85,96.97,83.71
2025-03-26 05:00:00+00:00,128.76,124.47,102.51
2025-03-26 06:00:00+00:00,141.95,139.46,122.6
2025-03-26 07:00:00+00:00,137.09,136.44,125.98
2025-03-26 08:00:00+00:00,111.86,111.03,105.91
2025-03-26 09:00:00+00:00,100.0,98.99,91.93
2025-03-26 10:00:00+00:00,96.39,95.13,91.0
2025-03-26 11:00:00+00:00,94.81,94.17,92.0
2025-03-26 12:00:00+00:00,84.5,83.57,80.86
2025-03-26 13:00:00+00:00,90.79,88.0,73.84
2025-03-26 14:00:00+00:00,94.36,91.17,75.73
2025-03-26 15:00:00+00:00,101.45,99.05,80.66
2025-03-26 16:00:00+00:00,135.16,129.63,90.79
2025-03-26 17:00:00+00:00,162.0,157.32,124.2
2025-03-26 18:00:00+00:00,169.54,167.56,153.43
2025-03-26 19:00:00+00:00,153.27,150.0,126.66
2025-03-26 20:00:00+00:00,129.4,126.33,104.94
2025-03-26 21:00:00+00:00,120.27,117.48,97.33
2025-03-26 22:00:00+00:00,108.91,106.89,92.42
2025-03-26 23:00:00+00:00,104.93,103.91,93.52
2025-03-27 00:00:00+00:00,98.98,97.39,82.08
2025-03-27 01:00:00+00:00,97.8,96.61,85.44
2025-03-27 02:00:00+00:00,98.85,95.84,70.54
2025-03-27 03:00:00+00:00,97.07,92.16,67.04
2025-03-27 04:00:00+00:00,104.9,102.01,87.56
2025-03-27 05:00:00+00:00,129.83,125.05,103.8
2025-03-27 06:00:00+00:00,140.0,137.79,125.03
2025-03-27 07:00:00+00:00,123.5,123.5,123.5
2025-03-27 08:00:00+00:00,89.92,89.92,89.92
2025-03-27 09:00:00+00:00,77.61,70.78,54.25
2025-03-27 10:00:00+00:00,45.48,44.9,43.79
2025-03-27 11:00:00+00:00,24.81,12.0,27.97
2025-03-27 12:00:00+00:00,6.67,4.12,6.67
2025-03-27 13:00:00+00:00,30.34,29.03,24.72
2025-03-27 14:00:00+00:00,74.93,68.8,32.06
2025-03-27 15:00:00+00:00,93.74,87.08,47.14
2025-03-27 16:00:00+00:00,127.25,116.62,67.61
2025-03-27 17:00:00+00:00,157.9,151.07,111.64
2025-03-27 18:00:00+00:00,170.7,167.44,150.0
2025-03-27 19:00:00+00:00,141.61,140.71,135.57
2025-03-27 20:00:00+00:00,124.42,122.74,117.75
2025-03-27 21:00:00+00:00,113.1,111.6,106.1
2025-03-27 22:00:00+00:00,100.91,99.58,93.2
2025-03-27 23:00:00+00:00,90.0,85.21,73.54
2025-03-28 00:00:00+00:00,79.38,79.05,77.47
2025-03-28 01:00:00+00:00,79.02,78.99,78.84
2025-03-28 02:00:00+00:00,79.38,77.89,69.49
2025-03-28 03:00:00+00:00,79.84,78.47,72.1
2025-03-28 04:00:00+00:00,103.51,92.34,66.69
2025-03-28 05:00:00+00:00,128.52,122.8,96.54
2025-03-28 06:00:00+00:00,122.2,122.2,122.2
2025-03-28 07:00:00+00:00,102.08,102.08,102.08
2025-03-28 08:00:00+00:00,75.57,71.6,77.88
2025-03-28 09:00:00+00:00,25.77,20.47,34.4
2025-03-28 10:00:00+00:00,1.68,-2.0,10.02
2025-03-28 11:00:00+00:00,-0.01,-2.0,8.94
2025-03-28 12:00:00+00:00,-0.03,-0.03,8.02
2025-03-28 13:00:00+00:00,14.48,13.43,14.48
2025-03-28 14:00:00+00:00,70.1,66.41,49.91
2025-03-28 15:00:00+00:00,104.19,99.85,53.84
2025-03-28 16:00:00+00:00,132.0,120.84,57.48
2025-03-28 17:00:00+00:00,165.99,153.59,76.28
2025-03-28 18:00:00+00:00,165.9,158.28,92.55
2025-03-28 19:00:00+00:00,148.03,143.18,85.36
2025-03-28 20:00:00+00:00,124.56,118.6,63.53
2025-03-28 21:00:00+00:00,117.94,112.5,59.2
2025-03-28 22:00:00+00:00,110.12,107.34,73.48
2025-03-28 23:00:00+00:00,113.62,104.32,26.28
2025-03-29 00:00:00+00:00,103.91,96.17,39.26
2025-03-29 01:00:00+00:00,96.54,89.1,40.39
2025-03-29 02:00:00+00:00,96.22,88.04,37.19
2025-03-29 03:00:00+00:00,96.5,89.27,34.85
2025-03-29 04:00:00+00:00,92.74,87.07,37.99
2025-03-29 05:00:00+00:00,96.73,91.0,39.64
2025-03-29 06:00:00+00:00,98.44,92.93,53.08
2025-03-29 07:00:00+00:00,91.86,85.67,50.39
2025-03-29 08:00:00+00:00,76.14,70.62,41.76
2025-03-29 09:00:00+00:00,65.67,59.25,27.1
2025-03-29 10:00:00+00:00,65.34,59.46,32.46
2025-03-29 11:00:00+00:00,65.33,59.92,34.56
2025-03-29 12:00:00+00:00,2.06,0.88,7.0
2025-03-29 13:00:00+00:00,3.94,2.34,3.94
2025-03-29 14:00:00+00:00,25.27,23.64,21.34
2025-03-29 15:00:00+00:00,66.26,58.0,15.87
2025-03-29 16:00:00+00:00,100.1,90.49,35.45
2025-03-29 17:00:00+00:00,146.91,136.7,79.93
2025-03-29 18:00:00+00:00,152.22,143.96,93.47
2025-03-29 19:00:00+00:00,121.07,114.77,79.32
2025-03-29 20:00:00+00:00,100.42,93.81,57.35
2025-03-29 21:00:00+00:00,82.75,76.65,54.39
2025-03-29 22:00:00+00:00,68.27,61.95,45.61
2025-03-29 23:00:00+00:00,46.31,17.5,46.01
2025-03-30 00:00:00+00:00,15.89,12.2,15.85
2025-03-30 01:00:00+00:00,5.1,2.31,5.07
2025-03-30 02:00:00+00:00,1.2,1.2,1.2
2025-03-30 03:00:00+00:00,0.09,0.09,0.09
2025-03-30 04:00:00+00:00,0.03,0.0,0.17
2025-03-30 05:00:00+00:00,0.0,-0.03,0.13
2025-03-30 06:00:00+00:00,-0.01,-0.01,0.19
2025-03-30 07:00:00+00:00,-0.04,-0.04,-0.01
2025-03-30 08:00:00+00:00,-3.47,-3.47,-0.04
2025-03-30 09:00:00+00:00,-11.34,-15.0,-3.8
2025-03-30 10:00:00+00:00,-18.5,-33.0,-0.06
2025-03-30 11:00:00+00:00,-25.76,-33.0,-4.0
2025-03-30 12:00:00+00:00,-26.07,-33.0,-5.0
2025-03-30 13:00:00+00:00,-12.96,-15.34,-5.21
2025-03-30 14:00:00+00:00,-4.01,-4.01,-4.0
2025-03-30 15:00:00+00:00,-0.01,0.07,0.24
2025-03-30 16:00:00+00:00,14.41,14.41,39.82
2025-03-30 17:00:00+00:00,60.83,60.83,64.84
2025-03-30 18:00:00+00:00,58.86,62.7,64.47
2025-03-30 19:00:00+00:00,50.01,65.0,60.19
2025-03-30 20:00:00+00:00,61.71,61.71,64.52
2025-03-30 21:00:00+00:00,56.44,56.44,57.51
2025-03-30 22:00:00+00:00,65.57,65.41,66.34
2025-03-30 23:00:00+00:00,63.25,63.25,53.74
2025-03-31 00:00:00+00:00,64.41,64.41,45.98
2025-03-31 01:00:00+00:00,67.22,67.22,35.63
2025-03-31 02:00:00+00:00,68.97,68.97,28.83
2025-03-31 03:00:00+00:00,88.0,88.0,39.93
2025-03-31 04:00:00+00:00,109.27,104.9,85.37
2025-03-31 05:00:00+00:00,143.54,142.67,147.78
2025-03-31 06:00:00+00:00,174.23,174.16,174.47
2025-03-31 07:00:00+00:00,133.17,118.63,94.7
2025-03-31 08:00:00+00:00,110.27,99.35,56.04
2025-03-31 09:00:00+00:00,99.04,74.76,26.7
2025-03-31 10:00:00+00:00,83.54,25.0,13.62
2025-03-31 11:00:00+00:00,74.1,-3.0,5.06
2025-03-31 12:00:00+00:00,73.58,-3.0,-0.01
2025-03-31 13:00:00+00:00,69.55,49.9,-0.01
2025-03-31 14:00:00+00:00,76.24,63.31,0.0
2025-03-31 15:00:00+00:00,100.83,87.27,9.4
2025-03-31 16:00:00+00:00,131.57,116.65,51.48
2025-03-31 17:00:00+00:00,183.96,166.5,73.79
2025-03-31 18:00:00+00:00,172.73,168.67,146.79
2025-03-31 19:00:00+00:00,135.03,129.71,98.46
2025-03-31 20:00:00+00:00,115.25,112.54,96.87
2025-03-31 21:00:00+00:00,102.34,101.3,95.01
2025-03-31 22:00:00+00:00,101.56,100.36,90.0
2025-03-31 23:00:00+00:00,95.02,93.07,75.78
2025-04-01 00:00:00+00:00,92.91,90.84,70.03
2025-04-01 01:00:00+00:00,93.5,90.5,60.48
2025-04-01 02:00:00+00:00,91.43,88.71,61.59
2025-04-01 03:00:00+00:00,100.71,97.55,68.2
2025-04-01 04:00:00+00:00,129.46,121.83,84.2
2025-04-01 05:00:00+00:00,179.96,175.74,155.5
2025-04-01 06:00:00+00:00,159.37,159.37,159.37
2025-04-01 07:00:00+00:00,108.47,106.42,87.97
2025-04-01 08:00:00+00:00,86.17,77.5,38.1
2025-04-01 09:00:00+00:00,70.26,52.72,0.0
2025-04-01 10:00:00+00:00,53.15,10.0,0.0
2025-04-01 11:00:00+00:00,11.57,-20.0,-0.01
2025-04-01 12:00:00+00:00,10.89,-30.0,-0.03
2025-04-01 13:00:00+00:00,26.7,-3.0,-0.07
2025-04-01 14:00:00+00:00,65.23,41.1,-0.01
2025-04-01 15:00:00+00:00,82.8,68.67,-0.01
2025-04-01 16:00:00+00:00,122.39,105.78,17.9
2025-04-01 17:00:00+00:00,155.72,139.72,53.71
2025-04-01 18:00:00+00:00,138.0,131.18,94.7
2025-04-01 19:00:00+00:00,110.9,104.26,69.8
2025-04-01 20:00:00+00:00,95.64,92.67,75.73
2025-04-01 21:00:00+00:00,79.45,77.65,58.44
2025-04-01 22:00:00+00:00,68.06,65.63,38.11
2025-04-01 23:00:00+00:00,66.93,63.04,26.34
2025-04-02 00:00:00+00:00,66.8,62.75,26.1
2025-04-02 01:00:00+00:00,67.97,63.52,20.0
2025-04-02 02:00:00+00:00,68.9,64.13,20.0
2025-04-02 03:00:00+00:00,82.18,77.41,26.34
2025-04-02 04:00:00+00:00,113.84,107.62,39.87
2025-04-02 05:00:00+00:00,150.31,145.0,90.08
2025-04-02 06:00:00+00:00,124.7,122.96,104.9
2025-04-02 07:00:00+00:00,84.74,79.7,54.33
2025-04-02 08:00:00+00:00,48.38,41.35,21.15
2025-04-02 09:00:00+00:00,0.0,-9.9,0.89
2025-04-02 10:00:00+00:00,-4.92,-30.0,0.0
2025-04-02 11:00:00+00:00,-20.06,-50.0,0.0
2025-04-02 12:00:00+00:00,-21.02,-54.0,-0.01
2025-04-02 13:00:00+00:00,-10.0,-48.01,-0.02
2025-04-02 14:00:00+00:00,-1.73,-25.37,-0.01
2025-04-02 15:00:00+00:00,15.37,-0.01,0.04
2025-04-02 16:00:00+00:00,88.84,76.58,7.96
2025-04-02 17:00:00+00:00,125.35,114.0,36.08
2025-04-02 18:00:00+00:00,114.0,114.0,53.11
2025-04-02 19:00:00+00:00,96.07,96.07,49.23
2025-04-02 20:00:00+00:00,82.63,82.63,32.95
2025-04-02 21:00:00+00:00,71.43,71.43,34.92
2025-04-02 22:00:00+00:00,67.0,62.83,39.99
2025-04-02 23:00:00+00:00,67.0,59.2,19.07
2025-04-03 00:00:00+00:00,67.0,58.7,16.32
2025-04-03 01:00:00+00:00,68.95,59.49,12.27
2025-04-03 02:00:00+00:00,71.0,61.36,9.07
2025-04-03 03:00:00+00:00,86.22,75.0,14.25
2025-04-03 04:00:00+00:00,129.71,118.9,59.77
2025-04-03 05:00:00+00:00,162.77,153.81,107.56
2025-04-03 06:00:00+00:00,133.3,133.3,133.3
2025-04-03 07:00:00+00:00,79.11,79.11,79.11
2025-04-03 08:00:00+00:00,40.47,37.37,28.96
2025-04-03 09:00:00+00:00,-0.16,-0.16,0.04
2025-04-03 10:00:00+00:00,-1.19,-2.0,-0.01
2025-04-03 11:00:00+00:00,-8.4,-14.6,-0.01
2025-04-03 12:00:00+00:00,-5.85,-9.82,-0.01
2025-04-03 13:00:00+00:00,-0.27,-1.59,-0.01
2025-04-03 14:00:00+00:00,16.09,0.08,1.87
2025-04-03 15:00:00+00:00,75.0,68.83,36.5
2025-04-03 16:00:00+00:00,138.0,130.36,88.81
2025-04-03 17:00:00+00:00,163.48,160.91,134.65
2025-04-03 18:00:00+00:00,155.88,153.31,128.86
2025-04-03 19:00:00+00:00,137.03,131.47,90.49
2025-04-03 20:00:00+00:00,113.21,111.37,88.71
2025-04-03 21:00:00+00:00,104.63,102.68,79.97
2025-04-03 22:00:00+00:00,108.34,104.97,64.08
2025-04-03 23:00:00+00:00,103.04,98.88,51.65
2025-04-04 00:00:00+00:00,102.89,98.87,41.53
2025-04-04 01:00:00+00:00,103.61,98.95,46.78
2025-04-04 02:00:00+00:00,105.95,100.3,35.74
2025-04-04 03:00:00+00:00,112.55,105.37,23.46
2025-04-04 04:00:00+00:00,152.67,135.16,42.8
2025-04-04 05:00:00+00:00,180.17,166.83,81.91
2025-04-04 06:00:00+00:00,139.4,136.73,100.14
2025-04-04 07:00:00+00:00,95.68,94.48,80.3
2025-04-04 08:00:00+00:00,65.0,60.91,39.88
2025-04-04 09:00:00+00:00,7.82,7.82,7.82
2025-04-04 10:00:00+00:00,0.0,0.0,0.0
2025-04-04 11:00:00+00:00,-1.31,-2.27,-0.01
2025-04-04 12:00:00+00:00,-1.21,-2.14,-0.02
2025-04-04 13:00:00+00:00,-0.13,-0.11,-0.01
2025-04-04 14:00:00+00:00,29.7,24.78,0.0
2025-04-04 15:00:00+00:00,79.87,70.73,19.5
2025-04-04 16:00:00+00:00,126.35,111.03,32.83
2025-04-04 17:00:00+00:00,167.64,132.99,54.23
2025-04-04 18:00:00+00:00,155.99,140.06,52.33
2025-04-04 19:00:00+00:00,120.67,109.0,50.02
2025-04-04 20:00:00+00:00,106.15,98.1,51.4
2025-04-04 21:00:00+00:00,96.97,91.06,56.82
2025-04-04 22:00:00+00:00,109.23,98.8,48.64
2025-04-04 23:00:00+00:00,102.76,94.27,54.03
2025-04-05 00:00:00+00:00,99.39,92.43,37.3
2025-04-05 01:00:00+00:00,99.4,92.15,20.67
2025-04-05 02:00:00+00:00,98.31,90.38,13.2
2025-04-05 03:00:00+00:00,97.5,89.31,16.4
2025-04-05 04:00:00+00:00,102.98,92.49,25.96
2025-04-05 05:00:00+00:00,105.9,98.6,23.43
2025-04-05 06:00:00+00:00,98.3,93.75,29.1
2025-04-05 07:00:00+00:00,57.16,55.85,42.5
2025-04-05 08:00:00+00:00,0.66,0.66,0.66
2025-04-05 09:00:00+00:00,-0.94,-2.0,-0.13
2025-04-05 10:00:00+00:00,-24.09,-60.0,-0.3
2025-04-05 11:00:00+00:00,-47.73,-54.71,-38.53
2025-04-05 12:00:00+00:00,-49.1,-52.88,-44.02
2025-04-05 13:00:00+00:00,-29.91,-29.9,-29.89
2025-04-05 14:00:00+00:00,-4.3,-4.23,-4.17
2025-04-05 15:00:00+00:00,0.0,0.27,0.1
2025-04-05 16:00:00+00:00,70.0,64.51,35.2
2025-04-05 17:00:00+00:00,99.4,98.3,46.49
2025-04-05 18:00:00+00:00,98.9,100.0,95.61
2025-04-05 19:00:00+00:00,84.25,84.36,85.23
2025-04-05 20:00:00+00:00,78.99,78.99,78.99
2025-04-05 21:00:00+00:00,68.75,68.75,68.75
2025-04-05 22:00:00+00:00,70.45,70.45,70.45
2025-04-05 23:00:00+00:00,61.0,61.0,46.21
2025-04-06 00:00:00+00:00,62.72,60.22,35.01
2025-04-06 01:00:00+00:00,68.28,64.53,27.01
2025-04-06 02:00:00+00:00,69.95,65.91,25.5
2025-04-06 03:00:00+00:00,77.43,72.78,25.57
2025-04-06 04:00:00+00:00,76.54,73.39,26.51
2025-04-06 05:00:00+00:00,78.11,75.0,28.87
2025-04-06 06:00:00+00:00,41.79,40.52,26.25
2025-04-06 07:00:00+00:00,0.1,0.1,0.1
2025-04-06 08:00:00+00:00,-2.0,-2.0,-2.0
2025-04-06 09:00:00+00:00,-27.56,-27.54,-27.49
2025-04-06 10:00:00+00:00,-60.01,-60.0,-59.82
2025-04-06 11:00:00+00:00,-106.31,-106.24,-106.48
2025-04-06 12:00:00+00:00,-114.57,-114.54,-115.46
2025-04-06 13:00:00+00:00,-70.0,-69.88,-70.55
2025-04-06 14:00:00+00:00,-18.95,-18.94,-19.15
2025-04-06 15:00:00+00:00,1.76,1.62,-0.01
2025-04-06 16:00:00+00:00,112.41,96.58,17.62
2025-04-06 17:00:00+00:00,131.56,120.25,50.94
2025-04-06 18:00:00+00:00,132.9,128.01,75.0
2025-04-06 19:00:00+00:00,121.38,117.15,80.0
2025-04-06 20:00:00+00:00,111.84,108.19,70.01
2025-04-06 21:00:00+00:00,100.03,97.38,66.38
2025-04-06 22:00:00+00:00,86.71,83.64,48.37
2025-04-06 23:00:00+00:00,85.0,81.66,41.9
2025-04-07 00:00:00+00:00,81.73,78.69,43.32
2025-04-07 01:00:00+00:00,83.53,79.97,39.54
2025-04-07 02:00:00+00:00,85.45,82.8,39.74
2025-04-07 03:00:00+00:00,98.74,93.45,46.22
2025-04-07 04:00:00+00:00,131.1,124.04,79.02
2025-04-07 05:00:00+00:00,175.97,179.14,159.86
2025-04-07 06:00:00+00:00,144.61,144.61,143.04
2025-04-07 07:00:00+00:00,107.1,105.1,85.7
2025-04-07 08:00:00+00:00,83.37,79.03,63.12
2025-04-07 09:00:00+00:00,65.0,60.85,35.14
2025-04-07 10:00:00+00:00,11.8,11.8,11.8
2025-04-07 11:00:00+00:00,2.19,2.19,3.34
2025-04-07 12:00:00+00:00,3.94,2.2,0.0
2025-04-07 13:00:00+00:00,60.98,54.53,0.0
2025-04-07 14:00:00+00:00,72.0,62.61,16.62
2025-04-07 15:00:00+00:00,102.43,92.54,40.35
2025-04-07 16:00:00+00:00,127.6,115.74,48.04
2025-04-07 17:00:00+00:00,168.45,151.0,74.16
2025-04-07 18:00:00+00:00,165.05,152.26,156.0
2025-04-07 19:00:00+00:00,138.2,137.97,136.34
2025-04-07 20:00:00+00:00,121.02,107.5,118.34
2025-04-07 21:00:00+00:00,105.21,104.45,99.84
2025-04-07 22:00:00+00:00,94.93,81.78,83.0
2025-04-07 23:00:00+00:00,87.83,84.14,71.8
2025-04-08 00:00:00+00:00,89.06,80.42,69.07
2025-04-08 01:00:00+00:00,89.9,79.53,57.65
2025-04-08 02:00:00+00:00,91.62,84.11,51.22
2025-04-08 03:00:00+00:00,105.73,91.6,53.16
2025-04-08 04:00:00+00:00,142.97,132.0,76.08
2025-04-08 05:00:00+00:00,180.55,165.3,131.82
2025-04-08 06:00:00+00:00,136.77,136.77,136.77
2025-04-08 07:00:00+00:00,91.3,91.26,91.02
2025-04-08 08:00:00+00:00,76.47,72.12,47.26
2025-04-08 09:00:00+00:00,61.09,52.78,8.17
2025-04-08 10:00:00+00:00,19.57,18.36,11.92
2025-04-08 11:00:00+00:00,16.83,14.12,0.0
2025-04-08 12:00:00+00:00,28.59,22.67,-0.01
2025-04-08 13:00:00+00:00,57.47,45.94,0.0
2025-04-08 14:00:00+00:00,73.33,63.05,8.14
2025-04-08 15:00:00+00:00,90.34,81.55,34.29
2025-04-08 16:00:00+00:00,118.26,109.01,56.26
2025-04-08 17:00:00+00:00,180.4,135.71,83.08
2025-04-08 18:00:00+00:00,171.31,167.37,117.6
2025-04-08 19:00:00+00:00,140.0,137.58,123.49
2025-04-08 20:00:00+00:00,120.47,115.35,85.95
2025-04-08 21:00:00+00:00,105.12,97.2,69.22
2025-04-08 22:00:00+00:00,104.99,95.0,50.13
2025-04-08 23:00:00+00:00,95.99,85.0,37.0
2025-04-09 00:00:00+00:00,94.67,85.6,33.68
2025-04-09 01:00:00+00:00,94.45,84.15,37.54
2025-04-09 02:00:00+00:00,95.79,86.45,28.46
2025-04-09 03:00:00+00:00,109.45,95.64,36.78
2025-04-09 04:00:00+00:00,152.68,123.4,41.24
2025-04-09 05:00:00+00:00,175.56,153.41,86.96
2025-04-09 06:00:00+00:00,131.56,128.06,98.21
2025-04-09 07:00:00+00:00,99.51,95.0,62.16
2025-04-09 08:00:00+00:00,82.71,77.39,15.0
2025-04-09 09:00:00+00:00,59.69,50.59,-0.01
2025-04-09 10:00:00+00:00,13.61,11.3,-0.01
2025-04-09 11:00:00+00:00,6.72,0.0,-0.02
2025-04-09 12:00:00+00:00,13.27,-1.59,-0.04
2025-04-09 13:00:00+00:00,34.87,15.0,-0.02
2025-04-09 14:00:00+00:00,62.98,45.79,-0.02
2025-04-09 15:00:00+00:00,83.5,70.92,0.0
2025-04-09 16:00:00+00:00,103.48,93.51,35.94
2025-04-09 17:00:00+00:00,131.57,118.89,46.57
2025-04-09 18:00:00+00:00,138.73,129.19,70.0
2025-04-09 19:00:00+00:00,111.23,104.17,61.96
2025-04-09 20:00:00+00:00,101.94,94.8,53.96
2025-04-09 21:00:00+00:00,98.51,89.51,36.64
2025-04-09 22:00:00+00:00,92.9,85.0,33.68
2025-04-09 23:00:00+00:00,89.55,83.95,28.46
2025-04-10 00:00:00+00:00,88.9,83.95,25.83
2025-04-10 01:00:00+00:00,87.92,82.64,21.3
2025-04-10 02:00:00+00:00,90.0,82.24,18.36
2025-04-10 03:00:00+00:00,97.54,87.82,29.34
2025-04-10 04:00:00+00:00,132.44,115.69,41.42
2025-04-10 05:00:00+00:00,170.59,149.04,45.56
2025-04-10 06:00:00+00:00,135.44,130.59,72.07
2025-04-10 07:00:00+00:00,102.4,99.43,64.44
2025-04-10 08:00:00+00:00,85.71,85.71,28.04
2025-04-10 09:00:00+00:00,66.34,62.59,15.33
2025-04-10 10:00:00+00:00,34.95,27.02,0.0
2025-04-10 11:00:00+00:00,2.18,1.67,0.0
2025-04-10 12:00:00+00:00,0.08,0.06,-0.01
2025-04-10 13:00:00+00:00,1.18,1.0,-0.01
2025-04-10 14:00:00+00:00,54.44,44.83,0.0
2025-04-10 15:00:00+00:00,70.0,64.89,10.28
2025-04-10 16:00:00+00:00,101.68,92.13,37.46
2025-04-10 17:00:00+00:00,140.42,132.0,51.96
2025-04-10 18:00:00+00:00,137.17,132.31,52.01
2025-04-10 19:00:00+00:00,97.56,94.7,50.82
2025-04-10 20:00:00+00:00,92.05,88.45,44.83
2025-04-10 21:00:00+00:00,81.11,87.13,40.6
2025-04-10 22:00:00+00:00,65.32,96.0,21.63
2025-04-10 23:00:00+00:00,60.75,85.1,20.48
2025-04-11 00:00:00+00:00,58.44,89.0,46.55
2025-04-11 01:00:00+00:00,58.43,75.3,35.93
2025-04-11 02:00:00+00:00,61.93,75.0,37.04
2025-04-11 03:00:00+00:00,71.99,85.1,40.19
2025-04-11 04:00:00+00:00,94.2,91.92,59.58
2025-04-11 05:00:00+00:00,111.4,116.08,112.46
2025-04-11 06:00:00+00:00,85.9,131.18,112.31
2025-04-11 07:00:00+00:00,58.89,112.0,75.17
2025-04-11 08:00:00+00:00,11.31,20.05,26.5
2025-04-11 09:00:00+00:00,0.0,-2.0,1.05
2025-04-11 10:00:00+00:00,-3.0,-5.74,0.0
2025-04-11 11:00:00+00:00,-4.99,-8.82,-0.13
2025-04-11 12:00:00+00:00,-3.61,-5.09,-1.67
2025-04-11 13:00:00+00:00,-0.1,-0.1,-0.09
2025-04-11 14:00:00+00:00,0.0,-0.48,0.01
2025-04-11 15:00:00+00:00,70.15,63.44,22.01
2025-04-11 16:00:00+00:00,110.69,102.7,38.17
2025-04-11 17:00:00+00:00,133.4,127.3,52.85
2025-04-11 18:00:00+00:00,155.0,147.45,52.01
2025-04-11 19:00:00+00:00,130.46,125.0,58.02
2025-04-11 20:00:00+00:00,119.1,112.71,41.91
2025-04-11 21:00:00+00:00,105.49,100.64,35.0
2025-04-11 22:00:00+00:00,107.84,101.93,35.01
2025-04-11 23:00:00+00:00,104.41,98.43,29.24
2025-04-12 00:00:00+00:00,100.93,95.38,31.22
2025-04-12 01:00:00+00:00,98.15,89.09,29.24
2025-04-12 02:00:00+00:00,98.99,89.13,29.09
2025-04-12 03:00:00+00:00,99.08,89.11,30.38
2025-04-12 04:00:00+00:00,104.42,93.51,32.68
2025-04-12 05:00:00+00:00,99.74,90.13,29.24
2025-04-12 06:00:00+00:00,95.49,90.29,30.95
2025-04-12 07:00:00+00:00,67.26,62.04,33.0
2025-04-12 08:00:00+00:00,20.19,20.19,20.19
2025-04-12 09:00:00+00:00,0.0,0.0,0.0
2025-04-12 10:00:00+00:00,-9.23,-18.55,0.0
2025-04-12 11:00:00+00:00,-40.04,-51.54,-0.01
2025-04-12 12:00:00+00:00,-42.01,-63.79,-6.26
2025-04-12 13:00:00+00:00,-18.68,-31.31,-0.06
2025-04-12 14:00:00+00:00,-0.08,-0.06,0.0
2025-04-12 15:00:00+00:00,59.47,53.34,18.08
2025-04-12 16:00:00+00:00,111.31,98.85,22.57
2025-04-12 17:00:00+00:00,150.06,134.2,33.84
2025-04-12 18:00:00+00:00,120.89,117.46,50.02
2025-04-12 19:00:00+00:00,91.0,89.24,53.52
2025-04-12 20:00:00+00:00,86.27,82.0,49.43
2025-04-12 21:00:00+00:00,64.27,69.9,45.59
2025-04-12 22:00:00+00:00,63.99,63.99,34.99
2025-04-12 23:00:00+00:00,56.0,56.0,35.0
2025-04-13 00:00:00+00:00,42.36,42.36,31.3
2025-04-13 01:00:00+00:00,29.5,29.5,20.08
2025-04-13 02:00:00+00:00,32.06,34.9,15.31
2025-04-13 03:00:00+00:00,34.48,34.9,14.99
2025-04-13 04:00:00+00:00,29.41,32.25,21.63
2025-04-13 05:00:00+00:00,27.75,27.75,27.75
2025-04-13 06:00:00+00:00,12.87,34.5,17.23
2025-04-13 07:00:00+00:00,8.43,8.43,8.43
2025-04-13 08:00:00+00:00,0.0,0.0,0.0
2025-04-13 09:00:00+00:00,-0.02,-0.02,-0.02
2025-04-13 10:00:00+00:00,-3.02,-2.0,-0.07
2025-04-13 11:00:00+00:00,-18.84,-18.84,-18.84
2025-04-13 12:00:00+00:00,-25.38,-25.38,-25.38
2025-04-13 13:00:00+00:00,-9.93,-9.93,-9.93
2025-04-13 14:00:00+00:00,-0.01,-0.01,-0.01
2025-04-13 15:00:00+00:00,17.56,16.35,12.93
2025-04-13 16:00:00+00:00,98.63,90.02,32.21
2025-04-13 17:00:00+00:00,120.65,109.57,31.62
2025-04-13 18:00:00+00:00,118.01,112.74,44.91
2025-04-13 19:00:00+00:00,108.06,106.96,60.55
2025-04-13 20:00:00+00:00,103.35,97.65,59.04
2025-04-13 21:00:00+00:00,94.98,90.0,38.5
2025-04-13 22:00:00+00:00,87.56,81.61,39.23
2025-04-13 23:00:00+00:00,82.69,77.99,38.16
2025-04-14 00:00:00+00:00,82.11,77.51,37.74
2025-04-14 01:00:00+00:00,82.29,77.55,35.0
2025-04-14 02:00:00+00:00,84.52,79.25,30.01
2025-04-14 03:00:00+00:00,97.1,88.68,35.01
2025-04-14 04:00:00+00:00,124.34,114.59,42.5
2025-04-14 05:00:00+00:00,152.03,150.52,68.19
2025-04-14 06:00:00+00:00,143.7,143.7,74.94
2025-04-14 07:00:00+00:00,104.7,100.06,37.74
2025-04-14 08:00:00+00:00,91.02,85.1,41.7
2025-04-14 09:00:00+00:00,77.07,70.0,26.77
2025-04-14 10:00:00+00:00,62.35,60.84,52.65
2025-04-14 11:00:00+00:00,61.64,56.56,23.51
2025-04-14 12:00:00+00:00,64.36,56.52,10.16
2025-04-14 13:00:00+00:00,75.29,66.44,20.24
2025-04-14 14:00:00+00:00,84.6,76.56,28.12
2025-04-14 15:00:00+00:00,97.02,88.88,38.46
2025-04-14 16:00:00+00:00,119.35,108.3,36.63
2025-04-14 17:00:00+00:00,180.0,180.0,47.02
2025-04-14 18:00:00+00:00,140.61,148.66,37.81
2025-04-14 19:00:00+00:00,102.83,97.81,35.0
2025-04-14 20:00:00+00:00,82.59,77.69,19.75
2025-04-14 21:00:00+00:00,76.0,76.0,13.0
2025-04-14 22:00:00+00:00,72.93,78.9,14.0
2025-04-14 23:00:00+00:00,73.2,74.0,7.5
2025-04-15 00:00:00+00:00,67.38,69.9,5.64
2025-04-15 01:00:00+00:00,64.29,70.0,4.5
2025-04-15 02:00:00+00:00,66.3,66.3,3.6
2025-04-15 03:00:00+00:00,70.42,65.0,7.08
2025-04-15 04:00:00+00:00,83.03,77.38,36.42
2025-04-15 05:00:00+00:00,96.99,92.6,34.45
2025-04-15 06:00:00+00:00,98.56,97.0,35.0
2025-04-15 07:00:00+00:00,65.0,67.97,48.47
2025-04-15 08:00:00+00:00,48.93,48.93,41.61
2025-04-15 09:00:00+00:00,2.92,2.92,8.55
2025-04-15 10:00:00+00:00,0.08,1.57,0.08
2025-04-15 11:00:00+00:00,0.0,0.0,0.0
2025-04-15 12:00:00+00:00,0.1,2.71,-0.01
2025-04-15 13:00:00+00:00,29.27,44.86,-0.01
2025-04-15 14:00:00+00:00,68.08,78.0,-0.01
2025-04-15 15:00:00+00:00,86.57,92.0,0.0
2025-04-15 16:00:00+00:00,105.28,100.37,11.26
2025-04-15 17:00:00+00:00,133.58,125.88,23.5
2025-04-15 18:00:00+00:00,141.54,133.17,33.47
2025-04-15 19:00:00+00:00,110.58,105.96,35.0
2025-04-15 20:00:00+00:00,102.21,96.52,21.96
2025-04-15 21:00:00+00:00,93.76,88.82,31.9
2025-04-15 22:00:00+00:00,88.01,85.4,55.89
2025-04-15 23:00:00+00:00,82.04,78.48,36.9
2025-04-16 00:00:00+00:00,82.2,78.3,31.98
2025-04-16 01:00:00+00:00,81.4,70.57,12.96
2025-04-16 02:00:00+00:00,82.99,69.97,10.16
2025-04-16 03:00:00+00:00,99.4,78.96,36.02
2025-04-16 04:00:00+00:00,121.0,101.5,43.83
2025-04-16 05:00:00+00:00,135.14,124.47,73.97
2025-04-16 06:00:00+00:00,109.94,109.94,109.94
2025-04-16 07:00:00+00:00,94.82,93.35,94.06
2025-04-16 08:00:00+00:00,79.75,77.98,57.58
2025-04-16 09:00:00+00:00,64.08,61.7,39.07
2025-04-16 10:00:00+00:00,35.3,33.47,34.32
2025-04-16 11:00:00+00:00,22.4,21.34,21.15
2025-04-16 12:00:00+00:00,24.94,25.09,14.36
2025-04-16 13:00:00+00:00,55.0,55.0,9.6
2025-04-16 14:00:00+00:00,68.0,68.0,14.41
2025-04-16 15:00:00+00:00,93.16,89.0,42.26
2025-04-16 16:00:00+00:00,118.0,114.87,90.91
2025-04-16 17:00:00+00:00,146.52,146.0,115.92
2025-04-16 18:00:00+00:00,136.48,136.92,120.13
2025-04-16 19:00:00+00:00,121.0,119.82,99.59
2025-04-16 20:00:00+00:00,109.69,109.26,103.9
2025-04-16 21:00:00+00:00,98.59,98.59,98.59
2025-04-16 22:00:00+00:00,88.99,88.99,59.87
2025-04-16 23:00:00+00:00,83.99,83.99,56.83
2025-04-17 00:00:00+00:00,81.67,81.67,46.03
2025-04-17 01:00:00+00:00,80.07,80.07,36.15
2025-04-17 02:00:00+00:00,81.28,81.28,32.11
2025-04-17 03:00:00+00:00,87.43,87.43,31.01
2025-04-17 04:00:00+00:00,108.02,105.06,68.98
2025-04-17 05:00:00+00:00,122.8,122.33,111.8
2025-04-17 06:00:00+00:00,130.0,130.9,129.0
2025-04-17 07:00:00+00:00,121.0,120.1,118.55
2025-04-17 08:00:00+00:00,110.0,105.69,65.01
2025-04-17 09:00:00+00:00,95.03,83.13,47.86
2025-04-17 10:00:00+00:00,80.84,80.04,51.62
2025-04-17 11:00:00+00:00,81.04,79.36,22.28
2025-04-17 12:00:00+00:00,77.75,78.1,9.56
2025-04-17 13:00:00+00:00,77.65,77.65,13.7
2025-04-17 14:00:00+00:00,83.87,87.0,15.55
2025-04-17 15:00:00+00:00,97.63,94.55,41.94
2025-04-17 16:00:00+00:00,112.65,110.76,65.85
2025-04-17 17:00:00+00:00,129.0,125.97,88.36
2025-04-17 18:00:00+00:00,122.79,120.37,90.12
2025-04-17 19:00:00+00:00,114.76,117.8,107.5
2025-04-17 20:00:00+00:00,98.9,98.9,98.9
2025-04-17 21:00:00+00:00,96.52,96.27,91.47
2025-04-17 22:00:00+00:00,91.0,99.41,51.95
2025-04-17 23:00:00+00:00,81.3,88.0,30.91
2025-04-18 00:00:00+00:00,79.12,88.0,36.8
2025-04-18 01:00:00+00:00,77.94,84.0,37.58
2025-04-18 02:00:00+00:00,76.34,79.68,20.98
2025-04-18 03:00:00+00:00,76.35,74.9,47.88
2025-04-18 04:00:00+00:00,79.39,80.0,48.35
2025-04-18 05:00:00+00:00,87.98,96.7,74.64
2025-04-18 06:00:00+00:00,91.25,108.0,65.62
2025-04-18 07:00:00+00:00,90.14,102.59,42.39
2025-04-18 08:00:00+00:00,88.3,92.88,29.35
2025-04-18 09:00:00+00:00,83.28,77.99,14.49
2025-04-18 10:00:00+00:00,75.03,69.93,9.32
2025-04-18 11:00:00+00:00,63.75,55.48,0.0
2025-04-18 12:00:00+00:00,62.64,52.98,-0.01
2025-04-18 13:00:00+00:00,65.36,55.02,-0.01
2025-04-18 14:00:00+00:00,76.61,65.81,-0.01
2025-04-18 15:00:00+00:00,88.64,83.35,3.9
2025-04-18 16:00:00+00:00,103.5,99.24,24.52
2025-04-18 17:00:00+00:00,123.12,118.93,42.18
2025-04-18 18:00:00+00:00,126.52,121.59,56.57
2025-04-18 19:00:00+00:00,116.52,111.76,58.75
2025-04-18 20:00:00+00:00,106.35,99.55,52.75
2025-04-18 21:00:00+00:00,99.12,90.0,39.03
2025-04-18 22:00:00+00:00,89.32,81.45,19.19
2025-04-18 23:00:00+00:00,80.01,74.38,16.29
2025-04-19 00:00:00+00:00,84.45,78.6,18.85
2025-04-19 01:00:00+00:00,82.39,76.21,13.2
2025-04-19 02:00:00+00:00,84.98,78.92,18.9
2025-04-19 03:00:00+00:00,90.62,83.05,15.36
2025-04-19 04:00:00+00:00,95.2,88.35,17.46
2025-04-19 05:00:00+00:00,91.67,84.93,15.86
2025-04-19 06:00:00+00:00,83.89,78.39,26.38
2025-04-19 07:00:00+00:00,76.43,70.56,44.18
2025-04-19 08:00:00+00:00,29.99,28.51,28.94
2025-04-19 09:00:00+00:00,4.54,4.54,4.54
2025-04-19 10:00:00+00:00,0.0,0.0,0.0
2025-04-19 11:00:00+00:00,-3.01,-5.64,-0.01
2025-04-19 12:00:00+00:00,-7.26,-11.77,-0.02
2025-04-19 13:00:00+00:00,-0.86,-1.6,-0.08
2025-04-19 14:00:00+00:00,0.2,0.2,0.2
2025-04-19 15:00:00+00:00,64.01,56.15,14.07
2025-04-19 16:00:00+00:00,102.77,92.91,38.16
2025-04-19 17:00:00+00:00,126.84,113.98,43.07
2025-04-19 18:00:00+00:00,142.71,126.68,41.26
2025-04-19 19:00:00+00:00,127.36,119.9,39.92
2025-04-19 20:00:00+00:00,109.55,103.9,62.61
2025-04-19 21:00:00+00:00,98.27,94.41,63.4
2025-04-19 22:00:00+00:00,100.41,98.0,70.8
2025-04-19 23:00:00+00:00,94.9,90.75,43.8
2025-04-20 00:00:00+00:00,98.98,103.34,37.26
2025-04-20 01:00:00+00:00,97.41,96.0,25.06
2025-04-20 02:00:00+00:00,98.83,100.3,17.14
2025-04-20 03:00:00+00:00,108.64,123.79,18.21
2025-04-20 04:00:00+00:00,109.38,123.46,21.87
2025-04-20 05:00:00+00:00,94.32,105.99,20.01
2025-04-20 06:00:00+00:00,68.6,93.18,24.74
2025-04-20 07:00:00+00:00,18.63,19.5,13.45
2025-04-20 08:00:00+00:00,0.0,-0.02,0.0
2025-04-20 09:00:00+00:00,-5.72,-9.08,-0.02
2025-04-20 10:00:00+00:00,-34.99,-30.0,-0.99
2025-04-20 11:00:00+00:00,-52.42,-57.9,-5.89
2025-04-20 12:00:00+00:00,-40.05,-27.4,-6.76
2025-04-20 13:00:00+00:00,-4.76,-5.15,-4.2
2025-04-20 14:00:00+00:00,0.0,0.0,0.0
2025-04-20 15:00:00+00:00,72.42,81.36,18.04
2025-04-20 16:00:00+00:00,106.81,106.81,34.42
2025-04-20 17:00:00+00:00,119.94,126.92,53.55
2025-04-20 18:00:00+00:00,144.95,144.95,63.09
2025-04-20 19:00:00+00:00,137.56,145.99,82.3
2025-04-20 20:00:00+00:00,121.82,122.49,96.27
2025-04-20 21:00:00+00:00,110.68,110.01,103.17
2025-04-20 22:00:00+00:00,108.58,110.63,78.27
2025-04-20 23:00:00+00:00,97.59,95.43,68.16
2025-04-21 00:00:00+00:00,96.47,98.62,61.54
2025-04-21 01:00:00+00:00,96.84,100.0,34.64
2025-04-21 02:00:00+00:00,97.98,97.98,25.0
2025-04-21 03:00:00+00:00,98.54,100.0,29.97
2025-04-21 04:00:00+00:00,97.07,100.65,60.05
2025-04-21 05:00:00+00:00,91.31,94.65,72.13
2025-04-21 06:00:00+00:00,88.5,91.3,65.12
2025-04-21 07:00:00+00:00,87.99,92.71,33.98
2025-04-21 08:00:00+00:00,65.24,68.08,25.74
2025-04-21 09:00:00+00:00,33.88,40.0,17.74
2025-04-21 10:00:00+00:00,17.19,15.52,11.83
2025-04-21 11:00:00+00:00,8.91,8.91,8.12
2025-04-21 12:00:00+00:00,8.43,8.36,6.56
2025-04-21 13:00:00+00:00,10.01,10.37,9.27
2025-04-21 14:00:00+00:00,50.05,56.36,11.94
2025-04-21 15:00:00+00:00,88.77,100.17,20.33
2025-04-21 16:00:00+00:00,101.95,104.37,44.86
2025-04-21 17:00:00+00:00,121.95,123.11,107.78
2025-04-21 18:00:00+00:00,139.14,140.0,134.09
2025-04-21 19:00:00+00:00,132.1,132.1,132.1
2025-04-21 20:00:00+00:00,122.77,122.77,122.77
2025-04-21 21:00:00+00:00,106.54,107.13,102.93
2025-04-21 22:00:00+00:00,96.21,95.67,85.1
2025-04-21 23:00:00+00:00,88.8,88.4,76.05
2025-04-22 00:00:00+00:00,87.4,86.98,71.73
2025-04-22 01:00:00+00:00,85.01,84.62,70.41
2025-04-22 02:00:00+00:00,84.58,83.89,73.06
2025-04-22 03:00:00+00:00,97.39,95.09,66.0
2025-04-22 04:00:00+00:00,120.76,117.4,84.48
2025-04-22 05:00:00+00:00,151.54,146.14,120.62
2025-04-22 06:00:00+00:00,147.0,147.0,126.6
2025-04-22 07:00:00+00:00,111.88,112.52,88.0
2025-04-22 08:00:00+00:00,95.2,98.32,69.7
2025-04-22 09:00:00+00:00,89.97,90.81,68.04
2025-04-22 10:00:00+00:00,79.92,81.42,47.83
2025-04-22 11:00:00+00:00,67.66,69.76,25.04
2025-04-22 12:00:00+00:00,71.47,70.34,30.84
2025-04-22 13:00:00+00:00,78.45,78.45,30.98
2025-04-22 14:00:00+00:00,83.07,82.0,19.41
2025-04-22 15:00:00+00:00,100.04,96.3,42.58
2025-04-22 16:00:00+00:00,122.38,114.9,52.75
2025-04-22 17:00:00+00:00,192.32,178.72,81.88
2025-04-22 18:00:00+00:00,263.2,253.35,99.99
2025-04-22 19:00:00+00:00,157.28,157.73,130.04
2025-04-22 20:00:00+00:00,122.28,121.0,105.03
2025-04-22 21:00:00+00:00,109.6,107.49,75.81
2025-04-22 22:00:00+00:00,106.72,101.72,72.84
2025-04-22 23:00:00+00:00,99.4,94.18,62.4
2025-04-23 00:00:00+00:00,96.84,91.72,60.98
2025-04-23 01:00:00+00:00,96.7,90.32,53.17
2025-04-23 02:00:00+00:00,101.2,93.91,50.92
2025-04-23 03:00:00+00:00,108.23,99.8,53.17
2025-04-23 04:00:00+00:00,137.09,131.81,73.0
2025-04-23 05:00:00+00:00,152.0,150.1,80.24
2025-04-23 06:00:00+00:00,128.84,130.74,67.11
2025-04-23 07:00:00+00:00,100.0,103.41,68.93
2025-04-23 08:00:00+00:00,92.0,92.0,82.08
2025-04-23 09:00:00+00:00,94.39,94.39,47.2
2025-04-23 10:00:00+00:00,81.04,81.04,55.58
2025-04-23 11:00:00+00:00,80.29,83.23,52.96
2025-04-23 12:00:00+00:00,88.0,85.07,45.06
2025-04-23 13:00:00+00:00,92.35,91.3,40.36
2025-04-23 14:00:00+00:00,99.05,94.0,35.75
2025-04-23 15:00:00+00:00,108.28,102.88,48.47
2025-04-23 16:00:00+00:00,128.9,121.9,68.45
2025-04-23 17:00:00+00:00,155.97,147.99,105.29
2025-04-23 18:00:00+00:00,148.67,144.53,88.73
2025-04-23 19:00:00+00:00,126.11,124.56,116.7
2025-04-23 20:00:00+00:00,108.2,107.77,105.58
2025-04-23 21:00:00+00:00,97.15,94.4,80.24
2025-04-23 22:00:00+00:00,94.17,92.4,80.82
2025-04-23 23:00:00+00:00,88.3,86.89,67.62
2025-04-24 00:00:00+00:00,86.7,85.06,70.52
2025-04-24 01:00:00+00:00,85.65,84.54,69.2
2025-04-24 02:00:00+00:00,84.35,81.66,60.63
2025-04-24 03:00:00+00:00,90.93,87.89,67.54
2025-04-24 04:00:00+00:00,110.34,100.0,93.51
2025-04-24 05:00:00+00:00,118.51,114.07,104.01
2025-04-24 06:00:00+00:00,117.65,117.46,114.63
2025-04-24 07:00:00+00:00,108.91,109.09,89.0
2025-04-24 08:00:00+00:00,96.67,96.67,70.92
2025-04-24 09:00:00+00:00,93.55,93.55,82.74
2025-04-24 10:00:00+00:00,81.56,81.51,78.89
2025-04-24 11:00:00+00:00,78.95,78.72,69.13
2025-04-24 12:00:00+00:00,78.04,77.05,60.68
2025-04-24 13:00:00+00:00,78.72,76.57,44.0
2025-04-24 14:00:00+00:00,83.37,80.2,34.75
2025-04-24 15:00:00+00:00,95.36,89.96,51.16
2025-04-24 16:00:00+00:00,101.02,98.17,77.63
2025-04-24 17:00:00+00:00,114.64,110.9,83.4
2025-04-24 18:00:00+00:00,121.61,119.4,102.35
2025-04-24 19:00:00+00:00,114.48,114.48,114.48
2025-04-24 20:00:00+00:00,106.53,106.53,106.53
2025-04-24 21:00:00+00:00,93.1,93.1,93.1
2025-04-24 22:00:00+00:00,91.03,88.63,74.24
2025-04-24 23:00:00+00:00,82.92,80.55,65.01
2025-04-25 00:00:00+00:00,82.23,80.56,69.39
2025-04-25 01:00:00+00:00,83.4,80.45,61.31
2025-04-25 02:00:00+00:00,84.95,82.31,65.2
2025-04-25 03:00:00+00:00,94.64,91.61,72.99
2025-04-25 04:00:00+00:00,104.41,102.94,92.52
2025-04-25 05:00:00+00:00,113.39,113.39,113.39
2025-04-25 06:00:00+00:00,111.0,113.05,99.0
2025-04-25 07:00:00+00:00,99.41,99.41,80.5
2025-04-25 08:00:00+00:00,88.17,93.33,60.56
2025-04-25 09:00:00+00:00,75.45,81.65,45.58
2025-04-25 10:00:00+00:00,66.61,64.99,40.25
2025-04-25 11:00:00+00:00,48.03,45.98,15.11
2025-04-25 12:00:00+00:00,40.99,37.75,12.23
2025-04-25 13:00:00+00:00,59.47,52.76,0.0
2025-04-25 14:00:00+00:00,73.04,64.9,0.0
2025-04-25 15:00:00+00:00,84.19,82.0,52.13
2025-04-25 16:00:00+00:00,99.43,96.7,73.56
2025-04-25 17:00:00+00:00,115.99,114.95,100.57
2025-04-25 18:00:00+00:00,123.78,125.99,120.33
2025-04-25 19:00:00+00:00,109.63,109.63,109.63
2025-04-25 20:00:00+00:00,100.37,100.37,100.37
2025-04-25 21:00:00+00:00,92.09,92.09,92.09
2025-04-25 22:00:00+00:00,100.0,95.77,50.41
2025-04-25 23:00:00+00:00,92.19,87.77,40.52
2025-04-26 00:00:00+00:00,91.02,85.55,25.76
2025-04-26 01:00:00+00:00,89.66,84.78,32.17
2025-04-26 02:00:00+00:00,89.01,84.07,32.88
2025-04-26 03:00:00+00:00,90.86,86.59,41.26
2025-04-26 04:00:00+00:00,93.01,90.75,41.14
2025-04-26 05:00:00+00:00,86.33,88.59,40.28
2025-04-26 06:00:00+00:00,72.19,86.21,47.52
2025-04-26 07:00:00+00:00,34.45,34.45,34.45
2025-04-26 08:00:00+00:00,2.55,2.55,2.55
2025-04-26 09:00:00+00:00,-0.01,-0.01,-0.01
2025-04-26 10:00:00+00:00,-7.63,-13.37,-0.01
2025-04-26 11:00:00+00:00,-14.85,-26.2,-0.02
2025-04-26 12:00:00+00:00,-10.77,-16.79,-3.0
2025-04-26 13:00:00+00:00,-2.19,-2.16,-2.08
2025-04-26 14:00:00+00:00,-0.02,-0.02,-0.02
2025-04-26 15:00:00+00:00,30.99,30.99,30.99
2025-04-26 16:00:00+00:00,79.0,78.86,57.37
2025-04-26 17:00:00+00:00,99.81,99.95,89.02
2025-04-26 18:00:00+00:00,107.4,114.88,88.27
2025-04-26 19:00:00+00:00,96.85,105.59,71.68
2025-04-26 20:00:00+00:00,85.26,100.0,85.26
2025-04-26 21:00:00+00:00,72.31,101.54,74.05
2025-04-26 22:00:00+00:00,67.71,111.82,61.66
2025-04-26 23:00:00+00:00,62.91,95.6,47.45
2025-04-27 00:00:00+00:00,57.96,95.6,49.97
2025-04-27 01:00:00+00:00,59.12,95.6,48.22
2025-04-27 02:00:00+00:00,61.94,95.6,48.4
2025-04-27 03:00:00+00:00,69.05,85.0,50.99
2025-04-27 04:00:00+00:00,69.14,79.77,52.22
2025-04-27 05:00:00+00:00,63.72,69.9,55.0
2025-04-27 06:00:00+00:00,34.95,39.9,35.91
2025-04-27 07:00:00+00:00,0.04,0.04,0.04
2025-04-27 08:00:00+00:00,-3.0,-3.0,-3.0
2025-04-27 09:00:00+00:00,-33.88,-54.0,-5.0
2025-04-27 10:00:00+00:00,-101.04,-147.22,-5.0
2025-04-27 11:00:00+00:00,-129.81,-189.9,-18.62
2025-04-27 12:00:00+00:00,-116.61,-150.0,-57.54
2025-04-27 13:00:00+00:00,-50.0,-49.98,-49.8
2025-04-27 14:00:00+00:00,-5.17,-5.17,-5.17
2025-04-27 15:00:00+00:00,18.35,18.35,18.35
2025-04-27 16:00:00+00:00,91.98,89.73,51.08
2025-04-27 17:00:00+00:00,110.83,111.39,84.95
2025-04-27 18:00:00+00:00,124.23,126.0,83.05
2025-04-27 19:00:00+00:00,109.24,110.0,100.7
2025-04-27 20:00:00+00:00,99.0,99.0,99.0
2025-04-27 21:00:00+00:00,93.77,93.56,88.13
2025-04-27 22:00:00+00:00,92.24,91.1,55.7
2025-04-27 23:00:00+00:00,86.49,85.1,40.11
2025-04-28 00:00:00+00:00,83.1,83.1,60.35
2025-04-28 01:00:00+00:00,85.41,84.29,48.39
2025-04-28 02:00:00+00:00,91.19,90.82,53.79
2025-04-28 03:00:00+00:00,99.49,97.09,60.38
2025-04-28 04:00:00+00:00,140.0,140.0,91.3
2025-04-28 05:00:00+00:00,131.09,131.09,131.09
2025-04-28 06:00:00+00:00,96.85,96.79,96.77
2025-04-28 07:00:00+00:00,67.37,67.37,67.37
2025-04-28 08:00:00+00:00,10.03,10.0,10.03
2025-04-28 09:00:00+00:00,-0.01,-0.01,-0.01
2025-04-28 10:00:00+00:00,-4.02,-6.81,-1.01
2025-04-28 11:00:00+00:00,-5.9,-5.9,-5.9
2025-04-28 12:00:00+00:00,-6.18,-6.18,-6.18
2025-04-28 13:00:00+00:00,-1.54,-1.54,-1.54
2025-04-28 14:00:00+00:00,2.01,1.74,0.0
2025-04-28 15:00:00+00:00,71.83,68.67,17.57
2025-04-28 16:00:00+00:00,101.92,95.0,36.85
2025-04-28 17:00:00+00:00,149.9,139.75,66.28
2025-04-28 18:00:00+00:00,194.81,192.44,74.43
2025-04-28 19:00:00+00:00,128.83,128.83,80.8
2025-04-28 20:00:00+00:00,106.24,106.0,61.15
2025-04-28 21:00:00+00:00,96.83,96.16,86.45
2025-04-28 22:00:00+00:00,90.64,89.47,35.15
2025-04-28 23:00:00+00:00,86.86,85.08,38.22
2025-04-29 00:00:00+00:00,81.76,80.31,25.41
2025-04-29 01:00:00+00:00,79.17,77.64,10.29
2025-04-29 02:00:00+00:00,80.03,76.77,6.78
2025-04-29 03:00:00+00:00,90.57,85.18,9.16
2025-04-29 04:00:00+00:00,107.0,106.24,38.21
2025-04-29 05:00:00+00:00,113.13,112.47,52.13
2025-04-29 06:00:00+00:00,99.98,99.98,38.56
2025-04-29 07:00:00+00:00,78.0,78.0,38.87
2025-04-29 08:00:00+00:00,9.31,8.9,9.44
2025-04-29 09:00:00+00:00,0.0,0.0,0.0
2025-04-29 10:00:00+00:00,-0.76,-0.76,-0.76
2025-04-29 11:00:00+00:00,-1.9,-1.9,-1.9
2025-04-29 12:00:00+00:00,-1.67,-1.67,-1.66
2025-04-29 13:00:00+00:00,-0.01,-0.01,-0.01
2025-04-29 14:00:00+00:00,14.82,12.87,0.31
2025-04-29 15:00:00+00:00,77.6,73.8,20.32
2025-04-29 16:00:00+00:00,102.0,97.33,49.96
2025-04-29 17:00:00+00:00,139.83,125.0,48.93
2025-04-29 18:00:00+00:00,174.75,157.86,48.3
2025-04-29 19:00:00+00:00,129.11,129.11,40.55
2025-04-29 20:00:00+00:00,108.83,106.53,39.06
2025-04-29 21:00:00+00:00,97.82,96.5,52.53
2025-04-29 22:00:00+00:00,95.0,95.0,95.0
2025-04-29 23:00:00+00:00,90.0,89.91,86.67
2025-04-30 00:00:00+00:00,87.59,85.49,20.14
2025-04-30 01:00:00+00:00,88.25,86.77,16.45
2025-04-30 02:00:00+00:00,91.4,88.68,15.41
2025-04-30 03:00:00+00:00,95.83,93.78,35.0
2025-04-30 04:00:00+00:00,115.27,115.27,87.99
2025-04-30 05:00:00+00:00,120.3,120.3,117.01
2025-04-30 06:00:00+00:00,99.9,99.9,98.03
2025-04-30 07:00:00+00:00,76.7,87.81,59.92
2025-04-30 08:00:00+00:00,7.08,7.08,7.08
2025-04-30 09:00:00+00:00,0.0,0.0,0.0
2025-04-30 10:00:00+00:00,-1.0,-1.0,-1.0
2025-04-30 11:00:00+00:00,-6.21,-6.21,-6.21
2025-04-30 12:00:00+00:00,-3.0,-3.0,-3.0
2025-04-30 13:00:00+00:00,-0.02,-0.02,-0.02
2025-04-30 14:00:00+00:00,19.91,17.27,0.0
2025-04-30 15:00:00+00:00,78.39,76.18,24.19
2025-04-30 16:00:00+00:00,101.8,99.0,60.09
2025-04-30 17:00:00+00:00,130.37,125.4,92.0
2025-04-30 18:00:00+00:00,176.43,176.43,80.85
2025-04-30 19:00:00+00:00,128.0,128.0,108.14
2025-04-30 20:00:00+00:00,108.33,108.01,95.1
2025-04-30 21:00:00+00:00,98.68,97.53,69.38
2025-04-30 22:00:00+00:00,97.51,92.95,29.2
2025-04-30 23:00:00+00:00,91.78,87.45,22.66
2025-05-01 00:00:00+00:00,90.46,85.93,22.59
2025-05-01 01:00:00+00:00,90.63,86.64,23.22
2025-05-01 02:00:00+00:00,90.5,85.9,22.59
2025-05-01 03:00:00+00:00,84.16,80.7,27.2
2025-05-01 04:00:00+00:00,83.94,87.25,28.16
2025-05-01 05:00:00+00:00,78.04,87.41,23.02
2025-05-01 06:00:00+00:00,62.1,85.18,18.39
2025-05-01 07:00:00+00:00,0.0,0.0,0.0
2025-05-01 08:00:00+00:00,-3.0,-3.0,-3.0
2025-05-01 09:00:00+00:00,-40.1,-40.1,-40.1
2025-05-01 10:00:00+00:00,-85.01,-108.07,-47.68
2025-05-01 11:00:00+00:00,-129.99,-142.42,-109.55
2025-05-01 12:00:00+00:00,-118.11,-118.1,-118.01
2025-05-01 13:00:00+00:00,-49.99,-49.99,-49.99
2025-05-01 14:00:00+00:00,-5.17,-5.17,-5.17
2025-05-01 15:00:00+00:00,40.77,46.24,7.94
2025-05-01 16:00:00+00:00,96.14,96.17,16.41
2025-05-01 17:00:00+00:00,129.87,129.87,35.77
2025-05-01 18:00:00+00:00,164.38,165.08,36.93
2025-05-01 19:00:00+00:00,122.45,126.7,55.0
2025-05-01 20:00:00+00:00,100.73,104.86,79.12
2025-05-01 21:00:00+00:00,87.1,90.89,66.9
2025-05-01 22:00:00+00:00,89.92,96.0,77.8
2025-05-01 23:00:00+00:00,77.12,92.2,30.77
2025-05-02 00:00:00+00:00,66.9,82.0,18.79
2025-05-02 01:00:00+00:00,63.91,71.54,11.74
2025-05-02 02:00:00+00:00,66.0,68.68,3.35
2025-05-02 03:00:00+00:00,74.01,70.0,4.33
2025-05-02 04:00:00+00:00,86.83,88.4,8.25
2025-05-02 05:00:00+00:00,88.55,102.9,7.96
2025-05-02 06:00:00+00:00,84.9,93.75,14.0
2025-05-02 07:00:00+00:00,55.0,76.39,12.74
2025-05-02 08:00:00+00:00,0.85,0.85,0.85
2025-05-02 09:00:00+00:00,-0.01,-0.01,-0.01
2025-05-02 10:00:00+00:00,-0.8,-0.8,-0.8
2025-05-02 11:00:00+00:00,-3.0,-3.0,-3.0
2025-05-02 12:00:00+00:00,-4.0,-4.0,-4.0
2025-05-02 13:00:00+00:00,-0.08,-0.08,-0.08
2025-05-02 14:00:00+00:00,0.3,0.3,0.3
2025-05-02 15:00:00+00:00,67.5,61.44,24.64
2025-05-02 16:00:00+00:00,99.9,95.18,27.52
2025-05-02 17:00:00+00:00,118.39,107.98,39.78
2025-05-02 18:00:00+00:00,150.4,140.35,35.01
2025-05-02 19:00:00+00:00,121.24,117.73,67.05
2025-05-02 20:00:00+00:00,106.72,103.26,52.05
2025-05-02 21:00:00+00:00,96.44,92.8,41.05
2025-05-02 22:00:00+00:00,97.81,93.74,36.13
2025-05-02 23:00:00+00:00,93.34,89.0,26.0
2025-05-03 00:00:00+00:00,92.2,88.72,16.16
2025-05-03 01:00:00+00:00,92.0,92.45,13.89
2025-05-03 02:00:00+00:00,91.23,95.44,13.37
2025-05-03 03:00:00+00:00,91.84,97.2,15.17
2025-05-03 04:00:00+00:00,92.86,101.64,16.91
2025-05-03 05:00:00+00:00,87.73,97.36,14.13
2025-05-03 06:00:00+00:00,79.9,85.86,12.67
2025-05-03 07:00:00+00:00,13.53,13.53,13.53
2025-05-03 08:00:00+00:00,0.01,0.01,0.01
2025-05-03 09:00:00+00:00,-0.01,-0.01,-0.01
2025-05-03 10:00:00+00:00,-1.16,-1.16,-1.16
2025-05-03 11:00:00+00:00,-3.04,-3.04,-3.04
2025-05-03 12:00:00+00:00,-2.69,-2.69,-2.69
2025-05-03 13:00:00+00:00,-0.03,-0.03,-0.03
2025-05-03 14:00:00+00:00,0.0,0.0,0.0
2025-05-03 15:00:00+00:00,28.87,26.91,14.26
2025-05-03 16:00:00+00:00,68.11,60.1,14.4
2025-05-03 17:00:00+00:00,77.54,74.22,30.97
2025-05-03 18:00:00+00:00,90.27,86.28,35.24
2025-05-03 19:00:00+00:00,87.02,85.37,63.8
2025-05-03 20:00:00+00:00,78.63,92.95,63.7
2025-05-03 21:00:00+00:00,65.91,86.0,47.97
2025-05-03 22:00:00+00:00,60.3,59.95,36.13
2025-05-03 23:00:00+00:00,44.9,44.9,32.35
2025-05-04 00:00:00+00:00,31.47,33.4,24.01
2025-05-04 01:00:00+00:00,20.39,21.61,19.31
2025-05-04 02:00:00+00:00,20.02,20.02,16.54
2025-05-04 03:00:00+00:00,15.58,15.58,15.58
2025-05-04 04:00:00+00:00,13.62,13.62,13.62
2025-05-04 05:00:00+00:00,7.83,7.83,7.83
2025-05-04 06:00:00+00:00,2.93,2.93,2.93
2025-05-04 07:00:00+00:00,0.0,0.0,0.0
2025-05-04 08:00:00+00:00,-0.01,-0.01,-0.01
2025-05-04 09:00:00+00:00,-0.01,-0.01,-0.01
2025-05-04 10:00:00+00:00,-0.02,-0.02,-0.02
2025-05-04 11:00:00+00:00,-2.0,-2.0,-2.0
2025-05-04 12:00:00+00:00,-5.01,-5.01,-5.01
2025-05-04 13:00:00+00:00,-1.59,-1.59,-1.59
2025-05-04 14:00:00+00:00,-0.01,-0.01,-0.01
2025-05-04 15:00:00+00:00,10.07,8.94,3.16
2025-05-04 16:00:00+00:00,80.08,73.24,9.9
2025-05-04 17:00:00+00:00,95.95,90.0,16.0
2025-05-04 18:00:00+00:00,109.0,104.97,19.74
2025-05-04 19:00:00+00:00,112.38,118.2,31.15
2025-05-04 20:00:00+00:00,101.79,104.79,35.0
2025-05-04 21:00:00+00:00,87.35,84.36,23.51
2025-05-04 22:00:00+00:00,75.18,83.55,28.1
2025-05-04 23:00:00+00:00,70.51,70.71,20.37
2025-05-05 00:00:00+00:00,72.25,81.6,15.78
2025-05-05 01:00:00+00:00,75.15,85.61,12.2
2025-05-05 02:00:00+00:00,74.98,82.0,9.49
2025-05-05 03:00:00+00:00,89.49,89.8,14.94
2025-05-05 04:00:00+00:00,110.92,117.14,22.89
2025-05-05 05:00:00+00:00,122.57,116.95,35.0
2025-05-05 06:00:00+00:00,106.69,99.5,35.0
2025-05-05 07:00:00+00:00,90.82,80.93,16.3
2025-05-05 08:00:00+00:00,80.0,70.13,3.15
2025-05-05 09:00:00+00:00,61.65,53.87,0.0
2025-05-05 10:00:00+00:00,53.83,4.9,18.12
2025-05-05 11:00:00+00:00,49.66,-2.0,12.73
2025-05-05 12:00:00+00:00,59.3,-2.0,10.68
2025-05-05 13:00:00+00:00,70.42,-1.6,0.06
2025-05-05 14:00:00+00:00,78.88,1.0,0.0
2025-05-05 15:00:00+00:00,89.22,76.56,0.0
2025-05-05 16:00:00+00:00,100.1,86.53,-0.01
2025-05-05 17:00:00+00:00,128.92,111.55,0.0
2025-05-05 18:00:00+00:00,128.0,100.0,10.0
2025-05-05 19:00:00+00:00,113.17,119.0,28.1
2025-05-05 20:00:00+00:00,101.52,103.13,18.56
2025-05-05 21:00:00+00:00,94.46,89.43,12.2
2025-05-05 22:00:00+00:00,87.22,82.46,5.0
2025-05-05 23:00:00+00:00,81.68,81.41,2.95
2025-05-06 00:00:00+00:00,81.29,86.0,3.52
2025-05-06 01:00:00+00:00,79.96,84.86,1.72
2025-05-06 02:00:00+00:00,82.39,82.19,1.97
2025-05-06 03:00:00+00:00,97.08,91.66,3.6
2025-05-06 04:00:00+00:00,114.57,110.2,16.5
2025-05-06 05:00:00+00:00,121.86,125.38,30.34
2025-05-06 06:00:00+00:00,108.37,106.75,13.72
2025-05-06 07:00:00+00:00,83.08,92.0,4.36
2025-05-06 08:00:00+00:00,72.27,66.0,1.97
2025-05-06 09:00:00+00:00,59.89,52.13,0.0
2025-05-06 10:00:00+00:00,42.81,37.34,7.61
2025-05-06 11:00:00+00:00,38.17,32.16,0.0
2025-05-06 12:00:00+00:00,45.44,38.77,-0.01
2025-05-06 13:00:00+00:00,65.0,56.24,-0.01
2025-05-06 14:00:00+00:00,73.73,63.82,-0.01
2025-05-06 15:00:00+00:00,89.99,78.58,0.99
2025-05-06 16:00:00+00:00,106.89,93.34,0.09
2025-05-06 17:00:00+00:00,134.09,123.55,46.0
2025-05-06 18:00:00+00:00,161.18,167.69,39.99
2025-05-06 19:00:00+00:00,136.6,140.1,65.12
2025-05-06 20:00:00+00:00,118.28,122.8,48.23
2025-05-06 21:00:00+00:00,101.27,102.04,32.55
2025-05-06 22:00:00+00:00,92.67,88.2,11.3
2025-05-06 23:00:00+00:00,87.05,82.64,7.5
2025-05-07 00:00:00+00:00,85.63,81.78,15.47
2025-05-07 01:00:00+00:00,88.6,85.33,5.1
2025-05-07 02:00:00+00:00,95.16,97.27,9.1
2025-05-07 03:00:00+00:00,108.57,112.5,15.91
2025-05-07 04:00:00+00:00,131.68,137.52,32.4
2025-05-07 05:00:00+00:00,143.95,143.95,49.1
2025-05-07 06:00:00+00:00,125.0,130.16,43.23
2025-05-07 07:00:00+00:00,96.43,96.86,12.48
2025-05-07 08:00:00+00:00,82.41,78.61,6.82
2025-05-07 09:00:00+00:00,73.3,66.36,0.0
2025-05-07 10:00:00+00:00,64.43,57.2,3.78
2025-05-07 11:00:00+00:00,63.92,56.38,0.0
2025-05-07 12:00:00+00:00,68.04,59.9,0.0
2025-05-07 13:00:00+00:00,75.0,66.84,6.94
2025-05-07 14:00:00+00:00,81.8,72.96,8.26
2025-05-07 15:00:00+00:00,95.85,84.7,5.68
2025-05-07 16:00:00+00:00,108.49,99.92,26.13
2025-05-07 17:00:00+00:00,128.93,119.57,39.53
2025-05-07 18:00:00+00:00,147.15,151.0,50.4
2025-05-07 19:00:00+00:00,125.18,127.04,80.0
2025-05-07 20:00:00+00:00,108.49,105.59,57.1
2025-05-07 21:00:00+00:00,96.59,93.11,35.4
2025-05-07 22:00:00+00:00,95.86,91.59,15.91
2025-05-07 23:00:00+00:00,91.66,87.59,15.78
2025-05-08 00:00:00+00:00,91.51,87.4,15.63
2025-05-08 01:00:00+00:00,93.18,88.32,3.55
2025-05-08 02:00:00+00:00,96.09,96.09,6.65
2025-05-08 03:00:00+00:00,109.25,108.87,15.02
2025-05-08 04:00:00+00:00,124.27,124.06,12.05
2025-05-08 05:00:00+00:00,138.73,138.93,10.91
2025-05-08 06:00:00+00:00,124.11,128.39,12.86
2025-05-08 07:00:00+00:00,101.13,96.29,7.26
2025-05-08 08:00:00+00:00,87.81,81.95,0.1
2025-05-08 09:00:00+00:00,75.34,62.99,0.0
2025-05-08 10:00:00+00:00,64.25,54.05,0.0
2025-05-08 11:00:00+00:00,63.75,50.0,-0.01
2025-05-08 12:00:00+00:00,70.05,56.0,-0.01
2025-05-08 13:00:00+00:00,78.77,65.97,-0.01
2025-05-08 14:00:00+00:00,85.3,75.55,-0.02
2025-05-08 15:00:00+00:00,91.63,81.26,-0.01
2025-05-08 16:00:00+00:00,109.09,96.76,0.1
2025-05-08 17:00:00+00:00,134.96,127.2,16.04
2025-05-08 18:00:00+00:00,185.08,185.69,15.4
2025-05-08 19:00:00+00:00,143.18,147.87,24.13
2025-05-08 20:00:00+00:00,114.77,110.72,40.24
2025-05-08 21:00:00+00:00,106.48,102.39,30.1
2025-05-08 22:00:00+00:00,102.27,103.65,21.61
2025-05-08 23:00:00+00:00,96.55,90.88,12.15
2025-05-09 00:00:00+00:00,93.76,88.33,13.0
2025-05-09 01:00:00+00:00,95.09,89.66,9.58
2025-05-09 02:00:00+00:00,100.28,99.0,7.52
2025-05-09 03:00:00+00:00,112.4,109.07,11.13
2025-05-09 04:00:00+00:00,141.0,141.0,18.88
2025-05-09 05:00:00+00:00,136.03,137.88,20.31
2025-05-09 06:00:00+00:00,100.61,107.22,30.58
2025-05-09 07:00:00+00:00,82.0,77.53,12.86
2025-05-09 08:00:00+00:00,51.6,46.18,7.17
2025-05-09 09:00:00+00:00,0.1,0.1,0.22
2025-05-09 10:00:00+00:00,-0.74,-0.54,0.0
2025-05-09 11:00:00+00:00,-0.04,-0.03,0.0
2025-05-09 12:00:00+00:00,-0.01,-0.01,-0.01
2025-05-09 13:00:00+00:00,0.09,-0.2,-0.01
2025-05-09 14:00:00+00:00,52.66,46.01,-0.01
2025-05-09 15:00:00+00:00,79.06,70.04,0.0
2025-05-09 16:00:00+00:00,98.9,93.25,7.04
2025-05-09 17:00:00+00:00,120.0,119.69,15.63
2025-05-09 18:00:00+00:00,149.13,152.56,41.92
2025-05-09 19:00:00+00:00,130.35,138.83,40.27
2025-05-09 20:00:00+00:00,107.32,112.99,57.64
2025-05-09 21:00:00+00:00,98.32,98.06,39.76
2025-05-09 22:00:00+00:00,105.22,116.0,29.22
2025-05-09 23:00:00+00:00,102.91,96.92,15.46
2025-05-10 00:00:00+00:00,98.78,92.87,13.52
2025-05-10 01:00:00+00:00,96.28,95.7,14.94
2025-05-10 02:00:00+00:00,100.9,101.48,11.12
2025-05-10 03:00:00+00:00,100.47,100.47,13.34
2025-05-10 04:00:00+00:00,97.73,97.82,16.1
2025-05-10 05:00:00+00:00,93.91,96.48,15.81
2025-05-10 06:00:00+00:00,73.72,74.99,10.0
2025-05-10 07:00:00+00:00,9.02,8.29,3.42
2025-05-10 08:00:00+00:00,-0.07,-0.07,-0.06
2025-05-10 09:00:00+00:00,-22.88,-22.91,-23.07
2025-05-10 10:00:00+00:00,-58.48,-70.0,-39.57
2025-05-10 11:00:00+00:00,-114.53,-127.1,-94.11
2025-05-10 12:00:00+00:00,-110.51,-110.61,-111.18
2025-05-10 13:00:00+00:00,-49.52,-49.5,-49.36
2025-05-10 14:00:00+00:00,-5.94,-5.91,-5.8
2025-05-10 15:00:00+00:00,23.99,20.17,0.0
2025-05-10 16:00:00+00:00,95.27,84.0,10.39
2025-05-10 17:00:00+00:00,124.04,113.2,29.83
2025-05-10 18:00:00+00:00,163.2,145.14,21.02
2025-05-10 19:00:00+00:00,129.49,131.24,36.88
2025-05-10 20:00:00+00:00,107.72,102.4,31.46
2025-05-10 21:00:00+00:00,94.49,89.56,25.37
2025-05-10 22:00:00+00:00,97.8,97.8,8.79
2025-05-10 23:00:00+00:00,95.1,89.92,6.12
2025-05-11 00:00:00+00:00,94.51,90.06,6.89
2025-05-11 01:00:00+00:00,95.42,89.72,3.96
2025-05-11 02:00:00+00:00,95.39,89.49,3.6
2025-05-11 03:00:00+00:00,95.45,89.46,4.0
2025-05-11 04:00:00+00:00,87.61,82.34,6.0
2025-05-11 05:00:00+00:00,65.76,62.22,5.88
2025-05-11 06:00:00+00:00,4.96,4.96,4.96
2025-05-11 07:00:00+00:00,-0.1,-0.1,-0.1
2025-05-11 08:00:00+00:00,-12.02,-12.01,-12.0
2025-05-11 09:00:00+00:00,-51.95,-67.42,-21.6
2025-05-11 10:00:00+00:00,-212.82,-319.12,-10.01
2025-05-11 11:00:00+00:00,-250.32,-350.0,-72.33
2025-05-11 12:00:00+00:00,-230.98,-299.93,-106.77
2025-05-11 13:00:00+00:00,-110.06,-109.96,-109.84
2025-05-11 14:00:00+00:00,-18.52,-18.45,-18.42
2025-05-11 15:00:00+00:00,-0.08,-0.12,-0.01
2025-05-11 16:00:00+00:00,85.96,77.01,9.72
2025-05-11 17:00:00+00:00,117.11,111.95,23.21
2025-05-11 18:00:00+00:00,124.86,124.86,27.49
2025-05-11 19:00:00+00:00,109.55,115.3,35.01
2025-05-11 20:00:00+00:00,98.45,98.45,35.01
2025-05-11 21:00:00+00:00,84.68,84.68,30.28
2025-05-11 22:00:00+00:00,86.0,81.7,15.3
2025-05-11 23:00:00+00:00,81.28,77.25,14.88
2025-05-12 00:00:00+00:00,80.95,77.02,17.7
2025-05-12 01:00:00+00:00,81.48,77.44,15.3
2025-05-12 02:00:00+00:00,84.65,80.33,14.0
2025-05-12 03:00:00+00:00,97.71,91.15,15.3
2025-05-12 04:00:00+00:00,137.05,123.15,22.34
2025-05-12 05:00:00+00:00,141.15,127.71,35.01
2025-05-12 06:00:00+00:00,108.49,106.21,22.1
2025-05-12 07:00:00+00:00,69.74,62.26,18.92
2025-05-12 08:00:00+00:00,0.49,-2.0,4.73
2025-05-12 09:00:00+00:00,-3.91,-6.02,-0.01
2025-05-12 10:00:00+00:00,-25.0,-44.18,-0.1
2025-05-12 11:00:00+00:00,-35.0,-56.96,-2.54
2025-05-12 12:00:00+00:00,-29.9,-48.23,-4.0
2025-05-12 13:00:00+00:00,-8.59,-10.89,-0.02
2025-05-12 14:00:00+00:00,-0.01,-3.72,-0.01
2025-05-12 15:00:00+00:00,72.58,64.47,7.61
2025-05-12 16:00:00+00:00,107.12,95.57,14.97
2025-05-12 17:00:00+00:00,141.41,130.01,44.91
2025-05-12 18:00:00+00:00,172.7,169.42,61.81
2025-05-12 19:00:00+00:00,117.25,117.58,122.03
2025-05-12 20:00:00+00:00,100.11,101.14,103.75
2025-05-12 21:00:00+00:00,92.97,90.44,70.44
2025-05-12 22:00:00+00:00,89.87,87.18,67.0
2025-05-12 23:00:00+00:00,88.55,85.0,45.01
2025-05-13 00:00:00+00:00,89.2,85.03,37.83
2025-05-13 01:00:00+00:00,93.94,91.12,35.01
2025-05-13 02:00:00+00:00,96.71,93.62,35.01
2025-05-13 03:00:00+00:00,104.0,97.93,39.79
2025-05-13 04:00:00+00:00,136.77,130.31,70.0
2025-05-13 05:00:00+00:00,128.33,126.43,108.09
2025-05-13 06:00:00+00:00,100.42,101.9,68.25
2025-05-13 07:00:00+00:00,79.36,75.51,25.58
2025-05-13 08:00:00+00:00,16.09,16.0,17.01
2025-05-13 09:00:00+00:00,-0.75,-1.08,0.0
2025-05-13 10:00:00+00:00,-6.0,-9.9,-0.5
2025-05-13 11:00:00+00:00,-16.0,-21.62,-2.51
2025-05-13 12:00:00+00:00,-6.55,-7.33,-2.08
2025-05-13 13:00:00+00:00,-3.83,-4.16,-0.01
2025-05-13 14:00:00+00:00,0.55,0.1,0.35
2025-05-13 15:00:00+00:00,74.0,69.25,31.4
2025-05-13 16:00:00+00:00,105.23,97.0,41.32
2025-05-13 17:00:00+00:00,151.07,124.57,93.07
2025-05-13 18:00:00+00:00,223.58,212.92,92.67
2025-05-13 19:00:00+00:00,148.96,148.37,128.07
2025-05-13 20:00:00+00:00,111.97,112.23,112.3
2025-05-13 21:00:00+00:00,102.63,99.21,74.55
2025-05-13 22:00:00+00:00,102.78,97.48,64.93
2025-05-13 23:00:00+00:00,97.3,89.86,45.33
2025-05-14 00:00:00+00:00,95.41,87.78,41.2
2025-05-14 01:00:00+00:00,96.96,88.5,37.41
2025-05-14 02:00:00+00:00,98.56,94.52,36.0
2025-05-14 03:00:00+00:00,103.94,102.22,40.05
2025-05-14 04:00:00+00:00,128.58,128.58,53.08
2025-05-14 05:00:00+00:00,122.51,122.43,91.53
2025-05-14 06:00:00+00:00,99.56,101.62,57.64
2025-05-14 07:00:00+00:00,70.92,68.17,37.8
2025-05-14 08:00:00+00:00,0.2,0.1,0.74
2025-05-14 09:00:00+00:00,-1.67,-2.63,-0.02
2025-05-14 10:00:00+00:00,-18.16,-27.77,-1.13
2025-05-14 11:00:00+00:00,-29.91,-42.87,-4.0
2025-05-14 12:00:00+00:00,-31.82,-46.0,-3.0
2025-05-14 13:00:00+00:00,-12.79,-17.75,-1.54
2025-05-14 14:00:00+00:00,-1.33,-2.0,0.0
2025-05-14 15:00:00+00:00,30.94,28.79,25.96
2025-05-14 16:00:00+00:00,91.6,84.56,35.77
2025-05-14 17:00:00+00:00,114.0,106.71,51.8
2025-05-14 18:00:00+00:00,158.45,162.71,46.5
2025-05-14 19:00:00+00:00,132.59,133.11,64.03
2025-05-14 20:00:00+00:00,109.08,108.56,61.51
2025-05-14 21:00:00+00:00,99.86,95.3,40.14
2025-05-14 22:00:00+00:00,98.06,97.02,32.95
2025-05-14 23:00:00+00:00,89.88,88.0,19.71
2025-05-15 00:00:00+00:00,87.8,82.24,18.47
2025-05-15 01:00:00+00:00,87.63,81.67,10.55
2025-05-15 02:00:00+00:00,90.28,85.01,10.63
2025-05-15 03:00:00+00:00,98.94,94.83,16.26
2025-05-15 04:00:00+00:00,119.9,119.9,20.0
2025-05-15 05:00:00+00:00,119.91,127.85,35.01
2025-05-15 06:00:00+00:00,102.06,112.74,34.11
2025-05-15 07:00:00+00:00,75.65,94.1,20.04
2025-05-15 08:00:00+00:00,4.58,8.86,0.0
2025-05-15 09:00:00+00:00,-0.08,-0.08,-0.01
2025-05-15 10:00:00+00:00,-4.97,-9.09,-0.01
2025-05-15 11:00:00+00:00,-14.76,-30.12,-0.02
2025-05-15 12:00:00+00:00,-14.25,-30.0,-0.03
2025-05-15 13:00:00+00:00,-6.62,-18.6,-0.02
2025-05-15 14:00:00+00:00,-0.6,-2.0,-0.01
2025-05-15 15:00:00+00:00,3.83,0.0,0.02
2025-05-15 16:00:00+00:00,76.11,68.91,18.35
2025-05-15 17:00:00+00:00,108.97,99.27,28.19
2025-05-15 18:00:00+00:00,130.74,130.74,22.42
2025-05-15 19:00:00+00:00,125.13,125.13,35.01
2025-05-15 20:00:00+00:00,110.49,114.35,30.64
2025-05-15 21:00:00+00:00,101.0,100.21,19.98
2025-05-15 22:00:00+00:00,94.5,94.5,5.11
2025-05-15 23:00:00+00:00,88.47,88.47,5.0
2025-05-16 00:00:00+00:00,84.91,84.91,9.22
2025-05-16 01:00:00+00:00,85.0,85.0,3.6
2025-05-16 02:00:00+00:00,88.76,88.76,3.28
2025-05-16 03:00:00+00:00,98.26,105.4,4.75
2025-05-16 04:00:00+00:00,113.18,118.42,12.22
2025-05-16 05:00:00+00:00,117.6,121.17,28.09
2025-05-16 06:00:00+00:00,106.66,111.28,31.69
2025-05-16 07:00:00+00:00,78.99,70.1,3.08
2025-05-16 08:00:00+00:00,11.11,8.17,0.0
2025-05-16 09:00:00+00:00,-0.01,-0.78,-0.01
2025-05-16 10:00:00+00:00,-3.15,-3.51,-0.01
2025-05-16 11:00:00+00:00,-1.97,-9.9,-0.36
2025-05-16 12:00:00+00:00,-1.55,-20.0,-2.16
2025-05-16 13:00:00+00:00,-0.01,-14.91,-0.11
2025-05-16 14:00:00+00:00,2.98,-3.0,-0.02
2025-05-16 15:00:00+00:00,69.79,61.4,-0.01
2025-05-16 16:00:00+00:00,100.05,88.51,8.19
2025-05-16 17:00:00+00:00,111.81,101.52,22.15
2025-05-16 18:00:00+00:00,154.91,153.45,18.04
2025-05-16 19:00:00+00:00,143.23,149.05,35.09
2025-05-16 20:00:00+00:00,116.08,117.9,41.21
2025-05-16 21:00:00+00:00,102.08,104.55,41.66
2025-05-16 22:00:00+00:00,93.0,92.5,21.23
2025-05-16 23:00:00+00:00,93.48,94.94,13.53
2025-05-17 00:00:00+00:00,88.93,92.17,12.68
2025-05-17 01:00:00+00:00,88.9,90.0,14.26
2025-05-17 02:00:00+00:00,89.89,89.9,12.82
2025-05-17 03:00:00+00:00,93.46,90.0,19.0
2025-05-17 04:00:00+00:00,91.56,91.56,21.79
2025-05-17 05:00:00+00:00,89.85,91.67,20.23
2025-05-17 06:00:00+00:00,59.11,55.69,16.24
2025-05-17 07:00:00+00:00,0.86,0.73,0.0
2025-05-17 08:00:00+00:00,-0.06,-0.06,-0.05
2025-05-17 09:00:00+00:00,-4.49,-4.26,-3.74
2025-05-17 10:00:00+00:00,-4.96,-4.9,-4.84
2025-05-17 11:00:00+00:00,-10.02,-10.02,-10.01
2025-05-17 12:00:00+00:00,-11.27,-11.26,-11.26
2025-05-17 13:00:00+00:00,-5.8,-5.79,-5.75
2025-05-17 14:00:00+00:00,-0.8,-1.09,-3.69
2025-05-17 15:00:00+00:00,5.01,4.5,-0.05
2025-05-17 16:00:00+00:00,78.77,68.32,11.51
2025-05-17 17:00:00+00:00,99.64,98.32,36.19
2025-05-17 18:00:00+00:00,121.38,113.96,30.96
2025-05-17 19:00:00+00:00,130.21,137.63,52.5
2025-05-17 20:00:00+00:00,129.9,132.0,57.12
2025-05-17 21:00:00+00:00,111.6,101.38,41.28
2025-05-17 22:00:00+00:00,106.73,106.73,37.11
2025-05-17 23:00:00+00:00,101.49,101.49,21.73
2025-05-18 00:00:00+00:00,98.57,98.57,15.49
2025-05-18 01:00:00+00:00,97.4,97.4,15.0
2025-05-18 02:00:00+00:00,98.41,98.41,13.9
2025-05-18 03:00:00+00:00,97.98,97.8,15.79
2025-05-18 04:00:00+00:00,91.3,91.95,14.5
2025-05-18 05:00:00+00:00,87.16,87.48,13.83
2025-05-18 06:00:00+00:00,67.86,85.56,9.16
2025-05-18 07:00:00+00:00,10.1,16.02,-0.01
2025-05-18 08:00:00+00:00,0.0,0.02,-0.02
2025-05-18 09:00:00+00:00,-0.2,-0.2,-0.2
2025-05-18 10:00:00+00:00,-2.0,-2.0,-2.0
2025-05-18 11:00:00+00:00,-7.37,-7.37,-7.37
2025-05-18 12:00:00+00:00,-15.0,-15.0,-15.0
2025-05-18 13:00:00+00:00,-8.97,-8.97,-8.97
2025-05-18 14:00:00+00:00,-0.2,-0.2,-0.2
2025-05-18 15:00:00+00:00,9.67,9.63,0.0
2025-05-18 16:00:00+00:00,91.38,85.65,9.26
2025-05-18 17:00:00+00:00,108.4,97.52,30.72
2025-05-18 18:00:00+00:00,125.17,117.79,59.47
2025-05-18 19:00:00+00:00,130.47,128.0,37.0
2025-05-18 20:00:00+00:00,118.41,115.4,50.71
2025-05-18 21:00:00+00:00,103.62,100.0,33.96
2025-05-18 22:00:00+00:00,110.48,110.48,20.82
2025-05-18 23:00:00+00:00,102.62,99.03,18.02
2025-05-19 00:00:00+00:00,96.1,93.37,13.83
2025-05-19 01:00:00+00:00,92.95,90.1,14.0
2025-05-19 02:00:00+00:00,98.03,90.75,10.63
2025-05-19 03:00:00+00:00,109.39,102.4,19.94
2025-05-19 04:00:00+00:00,131.22,128.0,25.95
2025-05-19 05:00:00+00:00,137.22,137.53,42.99
2025-05-19 06:00:00+00:00,113.41,115.74,36.11
2025-05-19 07:00:00+00:00,93.69,90.39,34.37
2025-05-19 08:00:00+00:00,69.59,64.33,21.58
2025-05-19 09:00:00+00:00,28.56,27.57,19.77
2025-05-19 10:00:00+00:00,12.77,12.77,12.77
2025-05-19 11:00:00+00:00,5.0,5.0,5.0
2025-05-19 12:00:00+00:00,8.0,8.0,8.0
2025-05-19 13:00:00+00:00,28.15,25.94,13.0
2025-05-19 14:00:00+00:00,72.98,66.04,11.58
2025-05-19 15:00:00+00:00,97.09,88.99,22.99
2025-05-19 16:00:00+00:00,114.49,106.16,36.19
2025-05-19 17:00:00+00:00,148.45,134.88,64.12
2025-05-19 18:00:00+00:00,229.11,193.35,33.63
2025-05-19 19:00:00+00:00,154.86,150.0,37.94
2025-05-19 20:00:00+00:00,126.81,117.09,37.22
2025-05-19 21:00:00+00:00,111.88,103.1,29.86
2025-05-19 22:00:00+00:00,114.95,109.03,20.53
2025-05-19 23:00:00+00:00,106.03,102.12,16.93
2025-05-20 00:00:00+00:00,102.5,97.41,13.58
2025-05-20 01:00:00+00:00,104.04,97.1,7.74
2025-05-20 02:00:00+00:00,109.14,96.62,7.0
2025-05-20 03:00:00+00:00,118.96,107.9,18.26
2025-05-20 04:00:00+00:00,143.21,139.27,25.66
2025-05-20 05:00:00+00:00,130.81,126.0,35.09
2025-05-20 06:00:00+00:00,100.0,108.2,38.79
2025-05-20 07:00:00+00:00,85.2,90.51,36.29
2025-05-20 08:00:00+00:00,61.58,57.07,21.4
2025-05-20 09:00:00+00:00,15.95,15.95,15.95
2025-05-20 10:00:00+00:00,0.17,0.0,3.44
2025-05-20 11:00:00+00:00,0.01,-0.29,3.62
2025-05-20 12:00:00+00:00,0.09,-0.52,3.38
2025-05-20 13:00:00+00:00,7.61,6.0,7.61
2025-05-20 14:00:00+00:00,67.87,57.52,5.05
2025-05-20 15:00:00+00:00,97.15,87.16,20.06
2025-05-20 16:00:00+00:00,111.79,101.19,27.74
2025-05-20 17:00:00+00:00,141.23,128.48,40.01
2025-05-20 18:00:00+00:00,192.25,171.83,25.96
2025-05-20 19:00:00+00:00,148.97,137.05,53.91
2025-05-20 20:00:00+00:00,120.0,111.76,54.0
2025-05-20 21:00:00+00:00,107.93,98.82,35.01
2025-05-20 22:00:00+00:00,107.93,107.93,35.0
2025-05-20 23:00:00+00:00,102.33,102.33,30.2
2025-05-21 00:00:00+00:00,97.9,97.9,28.65
2025-05-21 01:00:00+00:00,94.9,94.9,22.03
2025-05-21 02:00:00+00:00,93.7,93.7,26.72
2025-05-21 03:00:00+00:00,102.49,95.0,30.2
2025-05-21 04:00:00+00:00,112.48,105.54,35.09
2025-05-21 05:00:00+00:00,116.54,113.0,58.87
2025-05-21 06:00:00+00:00,107.82,107.82,39.52
2025-05-21 07:00:00+00:00,84.82,84.82,31.14
2025-05-21 08:00:00+00:00,42.22,42.22,25.4
2025-05-21 09:00:00+00:00,0.15,0.15,5.16
2025-05-21 10:00:00+00:00,-0.1,-2.0,20.02
2025-05-21 11:00:00+00:00,-2.2,-6.0,18.44
2025-05-21 12:00:00+00:00,-1.53,-6.04,10.62
2025-05-21 13:00:00+00:00,-0.01,-3.4,2.01
2025-05-21 14:00:00+00:00,2.06,0.0,5.05
2025-05-21 15:00:00+00:00,49.08,49.08,27.88
2025-05-21 16:00:00+00:00,86.32,86.32,53.45
2025-05-21 17:00:00+00:00,100.1,100.1,80.02
2025-05-21 18:00:00+00:00,114.35,114.35,52.93
2025-05-21 19:00:00+00:00,110.27,130.0,68.21
2025-05-21 20:00:00+00:00,100.72,122.27,63.78
2025-05-21 21:00:00+00:00,90.0,114.9,40.13
2025-05-21 22:00:00+00:00,98.54,116.7,22.23
2025-05-21 23:00:00+00:00,88.28,108.15,20.08
2025-05-22 00:00:00+00:00,83.65,115.0,16.2
2025-05-22 01:00:00+00:00,81.5,99.2,5.11
2025-05-22 02:00:00+00:00,83.34,83.34,5.11
2025-05-22 03:00:00+00:00,90.0,90.0,13.0
2025-05-22 04:00:00+00:00,107.67,100.0,18.64
2025-05-22 05:00:00+00:00,106.01,106.01,54.3
2025-05-22 06:00:00+00:00,98.16,98.16,50.81
2025-05-22 07:00:00+00:00,54.54,54.54,49.2
2025-05-22 08:00:00+00:00,1.66,-2.0,9.85
2025-05-22 09:00:00+00:00,0.01,-3.0,13.63
2025-05-22 10:00:00+00:00,-1.91,-7.01,0.0
2025-05-22 11:00:00+00:00,-12.77,-14.0,0.0
2025-05-22 12:00:00+00:00,-15.4,-17.5,-0.01
2025-05-22 13:00:00+00:00,-10.9,-10.9,-0.02
2025-05-22 14:00:00+00:00,-2.99,-2.99,-0.01
2025-05-22 15:00:00+00:00,-0.01,-0.75,-0.01
2025-05-22 16:00:00+00:00,50.0,45.66,22.69
2025-05-22 17:00:00+00:00,106.84,97.32,40.67
2025-05-22 18:00:00+00:00,115.0,115.72,27.26
2025-05-22 19:00:00+00:00,127.25,127.25,24.42
2025-05-22 20:00:00+00:00,117.48,124.2,60.79
2025-05-22 21:00:00+00:00,103.23,108.52,43.85
2025-05-22 22:00:00+00:00,101.1,90.15,9.22
2025-05-22 23:00:00+00:00,93.16,93.16,7.69
2025-05-23 00:00:00+00:00,87.12,87.12,9.37
2025-05-23 01:00:00+00:00,86.56,86.53,5.8
2025-05-23 02:00:00+00:00,93.08,83.0,5.11
2025-05-23 03:00:00+00:00,106.82,95.89,11.19
2025-05-23 04:00:00+00:00,128.49,115.49,17.64
2025-05-23 05:00:00+00:00,132.8,120.91,33.44
2025-05-23 06:00:00+00:00,114.67,103.48,21.17
2025-05-23 07:00:00+00:00,85.9,76.79,11.82
2025-05-23 08:00:00+00:00,70.0,61.96,7.26
2025-05-23 09:00:00+00:00,54.05,47.45,11.4
2025-05-23 10:00:00+00:00,13.44,13.03,13.44
2025-05-23 11:00:00+00:00,0.62,-0.01,0.62
2025-05-23 12:00:00+00:00,0.0,-0.86,0.0
2025-05-23 13:00:00+00:00,0.0,-1.05,0.0
2025-05-23 14:00:00+00:00,25.33,20.86,0.0
2025-05-23 15:00:00+00:00,71.91,62.86,0.0
2025-05-23 16:00:00+00:00,97.6,87.7,9.21
2025-05-23 17:00:00+00:00,114.36,107.6,23.31
2025-05-23 18:00:00+00:00,130.47,119.8,27.31
2025-05-23 19:00:00+00:00,139.29,131.5,31.0
2025-05-23 20:00:00+00:00,126.93,123.43,76.21
2025-05-23 21:00:00+00:00,108.0,102.87,65.0
2025-05-23 22:00:00+00:00,98.99,97.6,24.79
2025-05-23 23:00:00+00:00,94.76,94.76,14.8
2025-05-24 00:00:00+00:00,88.74,88.74,10.93
2025-05-24 01:00:00+00:00,84.22,82.6,10.34
2025-05-24 02:00:00+00:00,82.93,76.43,9.56
2025-05-24 03:00:00+00:00,80.71,71.79,9.99
2025-05-24 04:00:00+00:00,82.07,71.7,13.32
2025-05-24 05:00:00+00:00,76.9,69.18,12.91
2025-05-24 06:00:00+00:00,62.09,53.45,10.6
2025-05-24 07:00:00+00:00,12.26,12.26,12.26
2025-05-24 08:00:00+00:00,-0.01,-0.01,0.0
2025-05-24 09:00:00+00:00,-0.11,-0.09,0.0
2025-05-24 10:00:00+00:00,-0.15,-0.12,-0.01
2025-05-24 11:00:00+00:00,-0.19,-0.16,-0.02
2025-05-24 12:00:00+00:00,-0.39,0.23,-0.02
2025-05-24 13:00:00+00:00,-1.77,5.97,0.0
2025-05-24 14:00:00+00:00,-0.39,20.0,0.29
2025-05-24 15:00:00+00:00,48.67,66.0,0.8
2025-05-24 16:00:00+00:00,85.34,88.0,11.89
2025-05-24 17:00:00+00:00,109.08,106.42,17.39
2025-05-24 18:00:00+00:00,111.0,104.35,19.17
2025-05-24 19:00:00+00:00,107.92,102.22,36.1
2025-05-24 20:00:00+00:00,92.06,89.09,52.0
2025-05-24 21:00:00+00:00,79.67,73.22,37.0
2025-05-24 22:00:00+00:00,23.82,20.21,19.9
2025-05-24 23:00:00+00:00,22.9,20.84,14.05
2025-05-25 00:00:00+00:00,14.39,14.1,14.03
2025-05-25 01:00:00+00:00,8.38,8.38,8.39
2025-05-25 02:00:00+00:00,3.9,3.9,3.92
2025-05-25 03:00:00+00:00,2.11,2.04,2.11
2025-05-25 04:00:00+00:00,1.17,0.99,0.0
2025-05-25 05:00:00+00:00,1.21,1.03,0.0
2025-05-25 06:00:00+00:00,0.03,0.03,-0.01
2025-05-25 07:00:00+00:00,0.0,-0.16,-1.0
2025-05-25 08:00:00+00:00,-0.61,-2.0,-5.0
2025-05-25 09:00:00+00:00,-0.6,-9.13,-4.38
2025-05-25 10:00:00+00:00,-0.25,-17.09,-7.71
2025-05-25 11:00:00+00:00,-3.19,-30.0,-15.0
2025-05-25 12:00:00+00:00,-5.05,-31.8,-16.99
2025-05-25 13:00:00+00:00,-4.95,-25.75,-14.0
2025-05-25 14:00:00+00:00,-1.37,-11.97,-9.02
2025-05-25 15:00:00+00:00,0.0,-0.07,-0.04
2025-05-25 16:00:00+00:00,11.72,9.29,0.07
2025-05-25 17:00:00+00:00,92.95,82.96,12.23
2025-05-25 18:00:00+00:00,100.0,100.0,17.03
2025-05-25 19:00:00+00:00,107.41,115.0,26.71
2025-05-25 20:00:00+00:00,102.23,102.23,35.01
2025-05-25 21:00:00+00:00,92.92,92.92,20.17
2025-05-25 22:00:00+00:00,88.13,82.97,26.25
2025-05-25 23:00:00+00:00,79.12,74.74,18.04
2025-05-26 00:00:00+00:00,73.21,65.1,16.64
2025-05-26 01:00:00+00:00,71.83,63.5,14.43
2025-05-26 02:00:00+00:00,76.7,67.98,16.4
2025-05-26 03:00:00+00:00,85.48,76.0,20.0
2025-05-26 04:00:00+00:00,116.2,104.47,25.78
2025-05-26 05:00:00+00:00,143.17,134.18,35.01
2025-05-26 06:00:00+00:00,129.91,113.22,30.01
2025-05-26 07:00:00+00:00,91.41,76.59,18.73
2025-05-26 08:00:00+00:00,16.17,2.2,8.55
2025-05-26 09:00:00+00:00,0.05,-0.81,0.05
2025-05-26 10:00:00+00:00,-0.42,-3.0,1.29
2025-05-26 11:00:00+00:00,-1.45,-3.0,-0.01
2025-05-26 12:00:00+00:00,-1.18,-2.14,-0.01
2025-05-26 13:00:00+00:00,-0.82,-3.0,-0.01
2025-05-26 14:00:00+00:00,0.0,-2.0,3.98
2025-05-26 15:00:00+00:00,17.65,15.1,14.78
2025-05-26 16:00:00+00:00,95.76,86.0,17.57
2025-05-26 17:00:00+00:00,119.33,106.05,28.31
2025-05-26 18:00:00+00:00,169.87,150.0,35.09
2025-05-26 19:00:00+00:00,161.57,148.07,76.06
2025-05-26 20:00:00+00:00,119.38,112.0,60.14
2025-05-26 21:00:00+00:00,98.86,90.68,35.33
2025-05-26 22:00:00+00:00,88.51,76.77,35.01
2025-05-26 23:00:00+00:00,73.92,65.69,30.5
2025-05-27 00:00:00+00:00,62.02,44.9,22.46
2025-05-27 01:00:00+00:00,61.98,20.0,20.0
2025-05-27 02:00:00+00:00,67.7,16.4,21.03
2025-05-27 03:00:00+00:00,62.2,45.5,26.01
2025-05-27 04:00:00+00:00,67.7,51.4,33.44
2025-05-27 05:00:00+00:00,73.9,65.23,36.26
2025-05-27 06:00:00+00:00,68.63,65.77,33.0
2025-05-27 07:00:00+00:00,50.17,50.17,20.35
2025-05-27 08:00:00+00:00,4.26,4.26,0.03
2025-05-27 09:00:00+00:00,3.19,2.94,0.0
2025-05-27 10:00:00+00:00,0.03,0.02,0.0
2025-05-27 11:00:00+00:00,0.02,-0.08,0.0
2025-05-27 12:00:00+00:00,0.09,-0.19,0.0
2025-05-27 13:00:00+00:00,3.14,2.19,0.0
2025-05-27 14:00:00+00:00,55.17,49.15,0.0
2025-05-27 15:00:00+00:00,84.55,99.18,6.32
2025-05-27 16:00:00+00:00,103.0,107.5,42.1
2025-05-27 17:00:00+00:00,122.64,119.1,69.34
2025-05-27 18:00:00+00:00,137.6,141.14,49.56
2025-05-27 19:00:00+00:00,111.16,111.8,111.16
2025-05-27 20:00:00+00:00,100.34,100.59,100.0
2025-05-27 21:00:00+00:00,82.41,82.16,75.31
2025-05-27 22:00:00+00:00,76.43,70.28,35.01
2025-05-27 23:00:00+00:00,69.01,61.54,16.81
2025-05-28 00:00:00+00:00,67.39,60.25,15.03
2025-05-28 01:00:00+00:00,61.01,53.54,7.1
2025-05-28 02:00:00+00:00,65.19,57.39,6.97
2025-05-28 03:00:00+00:00,72.52,65.21,18.83
2025-05-28 04:00:00+00:00,92.85,85.97,23.54
2025-05-28 05:00:00+00:00,100.09,102.72,54.88
2025-05-28 06:00:00+00:00,95.0,128.0,35.01
2025-05-28 07:00:00+00:00,90.0,100.0,17.2
2025-05-28 08:00:00+00:00,76.48,69.78,0.85
2025-05-28 09:00:00+00:00,71.46,61.23,0.69
2025-05-28 10:00:00+00:00,65.67,56.19,0.0
2025-05-28 11:00:00+00:00,58.03,49.74,0.0
2025-05-28 12:00:00+00:00,53.21,45.71,0.0
2025-05-28 13:00:00+00:00,42.1,36.73,0.0
2025-05-28 14:00:00+00:00,67.28,57.9,0.0
2025-05-28 15:00:00+00:00,83.7,74.14,18.35
2025-05-28 16:00:00+00:00,94.99,94.99,26.56
2025-05-28 17:00:00+00:00,114.83,117.36,43.26
2025-05-28 18:00:00+00:00,134.83,127.56,55.18
2025-05-28 19:00:00+00:00,139.91,166.83,96.0
2025-05-28 20:00:00+00:00,124.29,138.86,100.86
2025-05-28 21:00:00+00:00,104.27,104.9,78.0
2025-05-28 22:00:00+00:00,99.13,112.24,49.63
2025-05-28 23:00:00+00:00,94.8,108.8,39.0
2025-05-29 00:00:00+00:00,92.06,102.1,43.81
2025-05-29 01:00:00+00:00,91.55,101.64,39.22
2025-05-29 02:00:00+00:00,91.54,102.51,38.24
2025-05-29 03:00:00+00:00,91.36,99.8,40.01
2025-05-29 04:00:00+00:00,89.46,98.18,37.95
2025-05-29 05:00:00+00:00,86.49,93.82,41.73
2025-05-29 06:00:00+00:00,82.95,90.17,38.24
2025-05-29 07:00:00+00:00,62.83,73.45,16.06
2025-05-29 08:00:00+00:00,19.93,28.13,5.99
2025-05-29 09:00:00+00:00,1.71,2.33,0.74
2025-05-29 10:00:00+00:00,0.03,0.0,-0.01
2025-05-29 11:00:00+00:00,-1.68,-2.0,-0.48
2025-05-29 12:00:00+00:00,-1.99,-2.0,-0.9
2025-05-29 13:00:00+00:00,-1.98,-2.76,-0.12
2025-05-29 14:00:00+00:00,-1.09,-1.59,-0.01
2025-05-29 15:00:00+00:00,23.13,20.0,0.07
2025-05-29 16:00:00+00:00,65.5,59.62,17.77
2025-05-29 17:00:00+00:00,80.2,73.51,36.13
2025-05-29 18:00:00+00:00,77.17,75.2,71.63
2025-05-29 19:00:00+00:00,73.73,73.4,79.39
2025-05-29 20:00:00+00:00,76.66,76.3,79.14
2025-05-29 21:00:00+00:00,57.5,57.0,60.2
2025-05-29 22:00:00+00:00,45.42,44.9,48.2
2025-05-29 23:00:00+00:00,25.67,27.46,31.11
2025-05-30 00:00:00+00:00,32.99,33.48,33.82
2025-05-30 01:00:00+00:00,33.95,33.95,33.95
2025-05-30 02:00:00+00:00,37.39,37.39,37.39
2025-05-30 03:00:00+00:00,55.08,55.08,42.18
2025-05-30 04:00:00+00:00,69.73,67.73,49.55
2025-05-30 05:00:00+00:00,68.38,68.38,68.38
2025-05-30 06:00:00+00:00,53.01,53.01,53.01
2025-05-30 07:00:00+00:00,29.13,29.13,29.13
2025-05-30 08:00:00+00:00,1.83,1.83,1.83
2025-05-30 09:00:00+00:00,-0.02,-0.05,0.0
2025-05-30 10:00:00+00:00,-1.01,-0.71,-0.02
2025-05-30 11:00:00+00:00,-3.1,-2.82,-2.11
2025-05-30 12:00:00+00:00,-3.0,-3.19,-2.66
2025-05-30 13:00:00+00:00,-1.34,-1.72,-0.07
2025-05-30 14:00:00+00:00,-0.04,-0.03,-0.01
2025-05-30 15:00:00+00:00,5.88,7.0,8.96
2025-05-30 16:00:00+00:00,73.52,70.04,47.09
2025-05-30 17:00:00+00:00,111.84,110.0,74.63
2025-05-30 18:00:00+00:00,136.95,135.27,100.29
2025-05-30 19:00:00+00:00,145.89,150.18,120.59
2025-05-30 20:00:00+00:00,130.19,130.19,130.19
2025-05-30 21:00:00+00:00,108.15,108.15,103.35
2025-05-30 22:00:00+00:00,107.0,107.0,107.0
2025-05-30 23:00:00+00:00,99.94,97.7,72.3
2025-05-31 00:00:00+00:00,98.75,94.81,51.49
2025-05-31 01:00:00+00:00,99.07,93.63,33.25
2025-05-31 02:00:00+00:00,99.91,94.13,29.2
2025-05-31 03:00:00+00:00,98.29,92.58,29.05
2025-05-31 04:00:00+00:00,94.79,94.79,33.18
2025-05-31 05:00:00+00:00,84.61,85.8,30.87
2025-05-31 06:00:00+00:00,55.0,53.81,33.55
2025-05-31 07:00:00+00:00,1.0,1.0,1.0
2025-05-31 08:00:00+00:00,-0.02,-0.02,-0.02
2025-05-31 09:00:00+00:00,-1.0,-1.0,-1.0
2025-05-31 10:00:00+00:00,-3.07,-3.07,-3.07
2025-05-31 11:00:00+00:00,-13.17,-13.17,-13.17
2025-05-31 12:00:00+00:00,-7.75,-7.75,-7.75
2025-05-31 13:00:00+00:00,-3.0,-3.0,-3.0
2025-05-31 14:00:00+00:00,-0.05,-0.05,-0.05
2025-05-31 15:00:00+00:00,41.4,36.5,7.74
2025-05-31 16:00:00+00:00,88.85,88.85,24.14
2025-05-31 17:00:00+00:00,131.41,131.41,31.78
2025-05-31 18:00:00+00:00,192.35,192.35,62.0
2025-05-31 19:00:00+00:00,192.37,192.37,48.17
2025-05-31 20:00:00+00:00,133.49,135.76,74.44
2025-05-31 21:00:00+00:00,102.06,99.79,63.5
2025-05-31 22:00:00+00:00,92.53,98.4,60.0
2025-05-31 23:00:00+00:00,85.22,85.22,36.07
2025-06-01 00:00:00+00:00,77.13,86.56,28.27
2025-06-01 01:00:00+00:00,74.09,80.6,24.32
2025-06-01 02:00:00+00:00,72.66,78.53,24.95
2025-06-01 03:00:00+00:00,66.11,70.66,24.92
2025-06-01 04:00:00+00:00,35.84,37.45,26.68
2025-06-01 05:00:00+00:00,13.0,13.0,13.0
2025-06-01 06:00:00+00:00,2.4,2.4,2.4
2025-06-01 07:00:00+00:00,-0.01,-0.01,-0.01
2025-06-01 08:00:00+00:00,-0.6,-0.6,-0.6
2025-06-01 09:00:00+00:00,-2.11,-2.11,-2.11
2025-06-01 10:00:00+00:00,-5.48,-5.48,-5.48
2025-06-01 11:00:00+00:00,-12.93,-12.93,-12.93
2025-06-01 12:00:00+00:00,-20.41,-20.41,-20.41
2025-06-01 13:00:00+00:00,-15.61,-15.61,-15.61
2025-06-01 14:00:00+00:00,-6.0,-6.0,-6.0
2025-06-01 15:00:00+00:00,-0.99,-0.91,-0.62
2025-06-01 16:00:00+00:00,19.23,17.0,2.94
2025-06-01 17:00:00+00:00,78.85,71.81,22.82
2025-06-01 18:00:00+00:00,93.66,89.66,35.01
2025-06-01 19:00:00+00:00,106.86,114.9,40.55
2025-06-01 20:00:00+00:00,105.93,101.98,53.96
2025-06-01 21:00:00+00:00,90.49,83.54,40.41
2025-06-01 22:00:00+00:00,81.76,75.3,30.24
2025-06-01 23:00:00+00:00,75.31,70.0,27.25
2025-06-02 00:00:00+00:00,75.0,71.65,26.66
2025-06-02 01:00:00+00:00,77.75,73.71,19.1
2025-06-02 02:00:00+00:00,83.05,76.6,20.01
2025-06-02 03:00:00+00:00,91.93,82.57,18.89
2025-06-02 04:00:00+00:00,108.15,105.1,27.9
2025-06-02 05:00:00+00:00,117.9,123.86,45.59
2025-06-02 06:00:00+00:00,102.36,105.4,52.96
2025-06-02 07:00:00+00:00,85.6,82.56,40.01
2025-06-02 08:00:00+00:00,57.47,54.19,17.55
2025-06-02 09:00:00+00:00,33.21,33.21,33.21
2025-06-02 10:00:00+00:00,20.0,20.0,20.0
2025-06-02 11:00:00+00:00,12.78,12.78,12.78
2025-06-02 12:00:00+00:00,11.0,11.0,11.0
2025-06-02 13:00:00+00:00,19.75,19.75,19.75
2025-06-02 14:00:00+00:00,55.84,48.31,0.68
2025-06-02 15:00:00+00:00,82.8,71.98,5.86
2025-06-02 16:00:00+00:00,94.95,86.78,24.28
2025-06-02 17:00:00+00:00,109.32,109.66,79.01
2025-06-02 18:00:00+00:00,195.91,189.36,88.05
2025-06-02 19:00:00+00:00,245.37,239.26,94.5
2025-06-02 20:00:00+00:00,141.66,143.11,95.69
2025-06-02 21:00:00+00:00,110.04,106.36,66.5
2025-06-02 22:00:00+00:00,111.49,100.73,28.03
2025-06-02 23:00:00+00:00,109.91,96.0,10.4
2025-06-03 00:00:00+00:00,102.02,94.03,7.85
2025-06-03 01:00:00+00:00,99.23,85.44,-0.01
2025-06-03 02:00:00+00:00,94.89,81.58,-2.41
2025-06-03 03:00:00+00:00,107.6,91.83,-8.71
2025-06-03 04:00:00+00:00,130.76,112.33,-0.01
2025-06-03 05:00:00+00:00,116.85,101.21,4.48
2025-06-03 06:00:00+00:00,85.98,77.4,46.21
2025-06-03 07:00:00+00:00,59.46,32.2,38.13
2025-06-03 08:00:00+00:00,2.0,0.0,0.0
2025-06-03 09:00:00+00:00,-0.05,-2.0,-0.01
2025-06-03 10:00:00+00:00,-1.01,-2.0,-0.1
2025-06-03 11:00:00+00:00,-3.0,-3.0,-1.57
2025-06-03 12:00:00+00:00,-4.32,-10.0,-5.8
2025-06-03 13:00:00+00:00,-1.33,-5.0,-1.06
2025-06-03 14:00:00+00:00,0.0,-2.0,-0.01
2025-06-03 15:00:00+00:00,66.0,0.1,0.0
2025-06-03 16:00:00+00:00,87.79,69.9,17.71
2025-06-03 17:00:00+00:00,109.41,94.91,38.57
2025-06-03 18:00:00+00:00,132.9,123.79,36.31
2025-06-03 19:00:00+00:00,112.29,105.61,53.08
2025-06-03 20:00:00+00:00,106.12,103.98,90.01
2025-06-03 21:00:00+00:00,95.49,93.37,62.74
2025-06-03 22:00:00+00:00,74.95,71.27,28.83
2025-06-03 23:00:00+00:00,67.25,62.77,10.15
2025-06-04 00:00:00+00:00,64.78,60.93,14.08
2025-06-04 01:00:00+00:00,65.0,61.32,16.25
2025-06-04 02:00:00+00:00,68.32,64.11,13.02
2025-06-04 03:00:00+00:00,80.32,75.17,10.5
2025-06-04 04:00:00+00:00,99.77,108.32,23.83
2025-06-04 05:00:00+00:00,113.74,115.78,3.0
2025-06-04 06:00:00+00:00,112.4,112.4,48.72
2025-06-04 07:00:00+00:00,79.08,102.95,33.02
2025-06-04 08:00:00+00:00,72.4,70.68,32.35
2025-06-04 09:00:00+00:00,48.36,45.0,4.83
2025-06-04 10:00:00+00:00,20.12,19.96,19.21
2025-06-04 11:00:00+00:00,9.69,9.69,9.69
2025-06-04 12:00:00+00:00,18.26,16.0,1.72
2025-06-04 13:00:00+00:00,43.35,34.61,0.09
2025-06-04 14:00:00+00:00,72.4,46.91,0.0
2025-06-04 15:00:00+00:00,91.45,73.1,6.2
2025-06-04 16:00:00+00:00,108.91,95.0,15.49
2025-06-04 17:00:00+00:00,145.98,108.0,39.15
2025-06-04 18:00:00+00:00,192.85,137.57,32.77
2025-06-04 19:00:00+00:00,138.82,136.0,23.82
2025-06-04 20:00:00+00:00,112.43,117.89,55.92
2025-06-04 21:00:00+00:00,94.08,100.52,53.22
2025-06-04 22:00:00+00:00,97.67,95.82,-0.01
2025-06-04 23:00:00+00:00,92.7,85.97,-0.01
2025-06-05 00:00:00+00:00,86.84,80.48,-0.06
2025-06-05 01:00:00+00:00,86.1,79.79,-0.39
2025-06-05 02:00:00+00:00,87.01,80.57,-2.2
2025-06-05 03:00:00+00:00,88.09,81.0,-0.11
2025-06-05 04:00:00+00:00,113.78,113.78,-0.02
2025-06-05 05:00:00+00:00,129.03,116.85,0.0
2025-06-05 06:00:00+00:00,116.6,112.78,0.0
2025-06-05 07:00:00+00:00,83.03,92.2,-0.01
2025-06-05 08:00:00+00:00,66.0,65.01,-0.01
2025-06-05 09:00:00+00:00,46.18,45.03,-0.02
2025-06-05 10:00:00+00:00,20.0,21.15,-0.01
2025-06-05 11:00:00+00:00,11.03,11.03,-0.01
2025-06-05 12:00:00+00:00,7.07,7.6,-0.01
2025-06-05 13:00:00+00:00,19.87,19.87,-0.01
2025-06-05 14:00:00+00:00,57.5,57.5,-0.01
2025-06-05 15:00:00+00:00,81.08,72.98,-0.01
2025-06-05 16:00:00+00:00,100.94,94.44,3.17
2025-06-05 17:00:00+00:00,112.19,107.13,25.52
2025-06-05 18:00:00+00:00,136.4,126.2,16.14
2025-06-05 19:00:00+00:00,106.95,120.37,32.62
2025-06-05 20:00:00+00:00,96.37,103.39,24.04
2025-06-05 21:00:00+00:00,81.36,81.9,26.93
2025-06-05 22:00:00+00:00,76.29,70.21,34.63
2025-06-05 23:00:00+00:00,66.12,58.35,13.39
2025-06-06 00:00:00+00:00,60.86,59.9,11.17
2025-06-06 01:00:00+00:00,55.27,55.27,14.79
2025-06-06 02:00:00+00:00,52.78,48.14,20.02
2025-06-06 03:00:00+00:00,63.7,54.48,0.0
2025-06-06 04:00:00+00:00,67.02,64.19,13.9
2025-06-06 05:00:00+00:00,74.43,68.97,5.19
2025-06-06 06:00:00+00:00,59.61,56.56,14.23
2025-06-06 07:00:00+00:00,3.94,4.07,4.66
2025-06-06 08:00:00+00:00,-0.01,-0.01,0.0
2025-06-06 09:00:00+00:00,-0.27,-0.2,-0.01
2025-06-06 10:00:00+00:00,-2.07,-2.0,-0.02
2025-06-06 11:00:00+00:00,-4.93,-3.94,-1.04
2025-06-06 12:00:00+00:00,-5.06,-4.2,-1.67
2025-06-06 13:00:00+00:00,-4.96,-3.69,-0.01
2025-06-06 14:00:00+00:00,-1.0,-0.03,-0.01
2025-06-06 15:00:00+00:00,0.0,1.0,1.2
2025-06-06 16:00:00+00:00,50.47,46.29,14.34
2025-06-06 17:00:00+00:00,84.19,82.76,44.69
2025-06-06 18:00:00+00:00,112.57,111.05,57.85
2025-06-06 19:00:00+00:00,129.29,129.29,87.68
2025-06-06 20:00:00+00:00,125.72,127.72,119.03
2025-06-06 21:00:00+00:00,103.24,103.41,90.15
2025-06-06 22:00:00+00:00,87.61,100.46,44.25
2025-06-06 23:00:00+00:00,83.5,94.6,28.7
2025-06-07 00:00:00+00:00,78.02,87.66,30.92
2025-06-07 01:00:00+00:00,81.89,94.0,20.45
2025-06-07 02:00:00+00:00,82.27,94.75,18.7
2025-06-07 03:00:00+00:00,81.99,94.49,17.67
2025-06-07 04:00:00+00:00,85.47,95.0,17.61
2025-06-07 05:00:00+00:00,86.74,98.69,10.34
2025-06-07 06:00:00+00:00,79.86,90.41,20.79
2025-06-07 07:00:00+00:00,65.3,75.25,9.7
2025-06-07 08:00:00+00:00,30.53,34.05,10.93
2025-06-07 09:00:00+00:00,9.44,9.44,9.44
2025-06-07 10:00:00+00:00,1.19,1.19,1.19
2025-06-07 11:00:00+00:00,-0.01,-0.01,-0.01
2025-06-07 12:00:00+00:00,-0.02,-0.02,-0.02
2025-06-07 13:00:00+00:00,-0.02,-0.02,-0.02
2025-06-07 14:00:00+00:00,-0.87,-0.61,0.0
2025-06-07 15:00:00+00:00,26.91,23.24,0.0
2025-06-07 16:00:00+00:00,70.1,65.04,0.09
2025-06-07 17:00:00+00:00,85.01,82.0,9.91
2025-06-07 18:00:00+00:00,109.9,126.53,27.55
2025-06-07 19:00:00+00:00,110.26,128.0,14.64
2025-06-07 20:00:00+00:00,98.01,111.56,31.5
2025-06-07 21:00:00+00:00,80.09,82.0,30.46
2025-06-07 22:00:00+00:00,93.84,95.02,23.62
2025-06-07 23:00:00+00:00,83.0,81.82,14.47
2025-06-08 00:00:00+00:00,76.86,73.87,10.18
2025-06-08 01:00:00+00:00,69.74,63.39,0.08
2025-06-08 02:00:00+00:00,67.02,57.17,2.53
2025-06-08 03:00:00+00:00,55.66,47.32,5.05
2025-06-08 04:00:00+00:00,39.02,33.07,0.01
2025-06-08 05:00:00+00:00,3.71,3.09,0.02
2025-06-08 06:00:00+00:00,0.0,0.0,-0.01
2025-06-08 07:00:00+00:00,-0.5,-0.5,-0.5
2025-06-08 08:00:00+00:00,-2.0,-2.0,-2.0
2025-06-08 09:00:00+00:00,-8.21,-8.1,-7.39
2025-06-08 10:00:00+00:00,-19.92,-19.85,-19.45
2025-06-08 11:00:00+00:00,-39.98,-39.92,-37.93
2025-06-08 12:00:00+00:00,-52.56,-52.83,-50.0
2025-06-08 13:00:00+00:00,-53.06,-52.99,-48.01
2025-06-08 14:00:00+00:00,-38.89,-35.97,-35.35
2025-06-08 15:00:00+00:00,-16.71,-14.06,-2.85
2025-06-08 16:00:00+00:00,-0.01,0.01,0.0
2025-06-08 17:00:00+00:00,39.65,39.99,17.86
2025-06-08 18:00:00+00:00,60.88,82.7,30.46
2025-06-08 19:00:00+00:00,69.55,94.68,39.92
2025-06-08 20:00:00+00:00,65.07,130.13,64.35
2025-06-08 21:00:00+00:00,51.13,113.4,54.69
2025-06-08 22:00:00+00:00,4.8,110.91,34.16
2025-06-08 23:00:00+00:00,4.15,86.0,28.03
2025-06-09 00:00:00+00:00,4.19,65.0,21.99
2025-06-09 01:00:00+00:00,4.27,60.9,21.1
2025-06-09 02:00:00+00:00,13.42,69.9,19.82
2025-06-09 03:00:00+00:00,32.2,70.0,21.88
2025-06-09 04:00:00+00:00,44.97,59.82,23.51
2025-06-09 05:00:00+00:00,40.04,54.78,21.71
2025-06-09 06:00:00+00:00,2.97,5.13,12.13
2025-06-09 07:00:00+00:00,-0.62,0.0,1.69
2025-06-09 08:00:00+00:00,-1.14,-0.97,-0.02
2025-06-09 09:00:00+00:00,-4.14,-3.4,-1.48
2025-06-09 10:00:00+00:00,-10.0,-9.03,-6.42
2025-06-09 11:00:00+00:00,-19.33,-18.45,-16.01
2025-06-09 12:00:00+00:00,-15.76,-15.66,-14.99
2025-06-09 13:00:00+00:00,-4.5,-4.16,-3.21
2025-06-09 14:00:00+00:00,-1.0,-0.85,-0.03
2025-06-09 15:00:00+00:00,0.09,2.16,7.64
2025-06-09 16:00:00+00:00,69.54,65.85,19.09
2025-06-09 17:00:00+00:00,117.79,111.28,30.36
2025-06-09 18:00:00+00:00,141.4,134.27,33.84
2025-06-09 19:00:00+00:00,148.42,146.69,35.49
2025-06-09 20:00:00+00:00,126.52,130.0,60.99
2025-06-09 21:00:00+00:00,101.19,96.12,40.0
2025-06-09 22:00:00+00:00,86.65,82.96,38.39
2025-06-09 23:00:00+00:00,78.07,74.7,12.5
2025-06-10 00:00:00+00:00,69.66,67.8,16.46
2025-06-10 01:00:00+00:00,59.95,57.71,15.93
2025-06-10 02:00:00+00:00,54.16,51.92,12.23
2025-06-10 03:00:00+00:00,62.18,56.04,20.57
2025-06-10 04:00:00+00:00,74.62,67.71,30.71
2025-06-10 05:00:00+00:00,82.79,80.22,38.52
2025-06-10 06:00:00+00:00,83.17,80.0,39.1
2025-06-10 07:00:00+00:00,69.0,65.09,24.63
2025-06-10 08:00:00+00:00,22.21,21.25,9.29
2025-06-10 09:00:00+00:00,0.1,13.8,0.0
2025-06-10 10:00:00+00:00,-0.19,0.1,0.0
2025-06-10 11:00:00+00:00,-2.33,5.05,-0.01
2025-06-10 12:00:00+00:00,-4.26,5.0,-0.01
2025-06-10 13:00:00+00:00,-1.04,0.99,-0.01
2025-06-10 14:00:00+00:00,0.03,10.0,-0.01
2025-06-10 15:00:00+00:00,53.99,59.66,21.91
2025-06-10 16:00:00+00:00,69.6,87.18,35.95
2025-06-10 17:00:00+00:00,82.08,102.43,65.57
2025-06-10 18:00:00+00:00,83.97,113.33,56.6
2025-06-10 19:00:00+00:00,91.28,123.3,58.2
2025-06-10 20:00:00+00:00,97.94,113.37,71.92
2025-06-10 21:00:00+00:00,85.31,104.95,61.63
2025-06-10 22:00:00+00:00,73.01,114.31,62.76
2025-06-10 23:00:00+00:00,71.38,92.0,35.49
2025-06-11 00:00:00+00:00,70.58,83.75,37.04
2025-06-11 01:00:00+00:00,69.86,95.0,20.95
2025-06-11 02:00:00+00:00,73.59,86.0,15.49
2025-06-11 03:00:00+00:00,83.6,90.0,21.44
2025-06-11 04:00:00+00:00,101.26,112.19,32.76
2025-06-11 05:00:00+00:00,107.8,120.2,32.01
2025-06-11 06:00:00+00:00,85.09,100.0,42.71
2025-06-11 07:00:00+00:00,66.7,85.39,25.63
2025-06-11 08:00:00+00:00,22.98,31.91,6.77
2025-06-11 09:00:00+00:00,1.3,1.2,0.0
2025-06-11 10:00:00+00:00,-0.36,-0.2,-0.01
2025-06-11 11:00:00+00:00,-0.97,-0.64,-0.18
2025-06-11 12:00:00+00:00,-3.4,-3.0,-2.08
2025-06-11 13:00:00+00:00,-2.4,-1.59,-0.01
2025-06-11 14:00:00+00:00,-0.01,2.0,2.5
2025-06-11 15:00:00+00:00,66.47,64.04,24.59
2025-06-11 16:00:00+00:00,89.34,99.7,29.56
2025-06-11 17:00:00+00:00,132.28,130.32,74.0
2025-06-11 18:00:00+00:00,217.0,208.38,84.01
2025-06-11 19:00:00+00:00,180.0,180.0,60.98
2025-06-11 20:00:00+00:00,119.34,119.34,70.01
2025-06-11 21:00:00+00:00,94.07,96.68,57.01
2025-06-11 22:00:00+00:00,92.91,92.97,24.6
2025-06-11 23:00:00+00:00,87.7,87.06,0.0
2025-06-12 00:00:00+00:00,85.43,80.0,6.88
2025-06-12 01:00:00+00:00,84.85,80.0,0.0
2025-06-12 02:00:00+00:00,89.06,82.37,-0.01
2025-06-12 03:00:00+00:00,92.0,87.36,0.0
2025-06-12 04:00:00+00:00,114.85,105.73,19.73
2025-06-12 05:00:00+00:00,104.3,98.72,37.29
2025-06-12 06:00:00+00:00,78.86,78.93,34.69
2025-06-12 07:00:00+00:00,36.09,36.09,15.27
2025-06-12 08:00:00+00:00,0.0,0.0,0.0
2025-06-12 09:00:00+00:00,-2.0,-2.0,-1.45
2025-06-12 10:00:00+00:00,-15.91,-17.66,-8.44
2025-06-12 11:00:00+00:00,-27.9,-30.96,-21.03
2025-06-12 12:00:00+00:00,-25.47,-31.29,-14.62
2025-06-12 13:00:00+00:00,-11.57,-14.0,-3.72
2025-06-12 14:00:00+00:00,-2.78,-2.78,0.01
2025-06-12 15:00:00+00:00,14.9,14.9,15.98
2025-06-12 16:00:00+00:00,79.96,79.96,40.23
2025-06-12 17:00:00+00:00,112.55,112.39,89.6
2025-06-12 18:00:00+00:00,132.0,132.0,104.01
2025-06-12 19:00:00+00:00,111.0,113.33,116.1
2025-06-12 20:00:00+00:00,105.0,105.94,107.99
2025-06-12 21:00:00+00:00,86.9,94.9,91.68
2025-06-12 22:00:00+00:00,70.29,87.71,70.29
2025-06-12 23:00:00+00:00,55.25,87.0,51.38
2025-06-13 00:00:00+00:00,58.61,89.9,52.04
2025-06-13 01:00:00+00:00,63.42,91.0,60.03
2025-06-13 02:00:00+00:00,63.84,97.54,57.87
2025-06-13 03:00:00+00:00,70.71,100.0,60.87
2025-06-13 04:00:00+00:00,83.68,109.25,65.25
2025-06-13 05:00:00+00:00,87.26,121.6,80.19
2025-06-13 06:00:00+00:00,77.39,115.0,68.94
2025-06-13 07:00:00+00:00,40.03,80.0,40.03
2025-06-13 08:00:00+00:00,4.1,23.0,12.21
2025-06-13 09:00:00+00:00,-0.03,0.69,0.24
2025-06-13 10:00:00+00:00,-2.05,-0.08,-0.01
2025-06-13 11:00:00+00:00,-6.09,-0.29,-0.02
2025-06-13 12:00:00+00:00,-6.01,-1.45,-1.02
2025-06-13 13:00:00+00:00,-2.38,-1.38,-0.01
2025-06-13 14:00:00+00:00,-0.01,1.03,0.93
2025-06-13 15:00:00+00:00,35.9,68.9,39.28
2025-06-13 16:00:00+00:00,80.04,95.0,61.37
2025-06-13 17:00:00+00:00,108.9,122.39,90.4
2025-06-13 18:00:00+00:00,111.19,123.0,105.47
2025-06-13 19:00:00+00:00,94.9,121.0,97.33
2025-06-13 20:00:00+00:00,90.0,108.6,97.18
2025-06-13 21:00:00+00:00,71.3,93.9,79.22
2025-06-13 22:00:00+00:00,73.99,96.0,82.1
2025-06-13 23:00:00+00:00,71.2,78.5,64.79
2025-06-14 00:00:00+00:00,66.15,91.1,37.16
2025-06-14 01:00:00+00:00,66.88,83.21,29.71
2025-06-14 02:00:00+00:00,68.06,96.0,25.46
2025-06-14 03:00:00+00:00,64.52,97.5,26.73
2025-06-14 04:00:00+00:00,54.68,84.0,24.97
2025-06-14 05:00:00+00:00,20.3,85.89,21.11
2025-06-14 06:00:00+00:00,7.74,24.0,12.76
2025-06-14 07:00:00+00:00,0.0,0.0,0.0
2025-06-14 08:00:00+00:00,-2.02,-0.81,-0.01
2025-06-14 09:00:00+00:00,-9.08,-4.99,-2.37
2025-06-14 10:00:00+00:00,-35.72,-14.56,-0.58
2025-06-14 11:00:00+00:00,-38.0,-19.5,-4.9
2025-06-14 12:00:00+00:00,-25.75,-24.37,-23.48
2025-06-14 13:00:00+00:00,-6.7,-6.7,-6.7
2025-06-14 14:00:00+00:00,-0.37,-0.37,-0.37
2025-06-14 15:00:00+00:00,8.86,8.86,8.87
2025-06-14 16:00:00+00:00,83.38,72.39,26.93
2025-06-14 17:00:00+00:00,121.55,112.82,36.27
2025-06-14 18:00:00+00:00,127.27,121.77,84.39
2025-06-14 19:00:00+00:00,117.68,126.8,67.94
2025-06-14 20:00:00+00:00,121.39,120.1,105.88
2025-06-14 21:00:00+00:00,109.0,111.21,92.4
2025-06-14 22:00:00+00:00,91.93,97.1,51.35
2025-06-14 23:00:00+00:00,88.87,99.4,28.31
2025-06-15 00:00:00+00:00,87.23,95.1,26.87
2025-06-15 01:00:00+00:00,90.94,94.86,21.88
2025-06-15 02:00:00+00:00,91.99,94.35,18.78
2025-06-15 03:00:00+00:00,92.15,94.38,17.86
2025-06-15 04:00:00+00:00,84.99,89.1,18.47
2025-06-15 05:00:00+00:00,66.21,73.0,15.13
2025-06-15 06:00:00+00:00,53.86,53.86,8.97
2025-06-15 07:00:00+00:00,5.55,5.55,4.55
2025-06-15 08:00:00+00:00,0.0,0.0,0.0
2025-06-15 09:00:00+00:00,-0.02,-0.02,-0.02
2025-06-15 10:00:00+00:00,-1.22,-1.24,-1.21
2025-06-15 11:00:00+00:00,-5.61,-5.63,-5.6
2025-06-15 12:00:00+00:00,-5.0,-5.0,-5.0
2025-06-15 13:00:00+00:00,-2.0,-2.0,-2.0
2025-06-15 14:00:00+00:00,-0.01,-0.01,-0.01
2025-06-15 15:00:00+00:00,54.79,45.02,-0.01
2025-06-15 16:00:00+00:00,96.43,86.67,12.37
2025-06-15 17:00:00+00:00,109.0,101.48,19.29
2025-06-15 18:00:00+00:00,114.59,125.0,33.96
2025-06-15 19:00:00+00:00,135.43,140.32,39.96
2025-06-15 20:00:00+00:00,127.63,135.62,61.7
2025-06-15 21:00:00+00:00,106.54,106.54,53.03
2025-06-15 22:00:00+00:00,105.72,117.1,24.99
2025-06-15 23:00:00+00:00,91.64,97.79,19.96
2025-06-16 00:00:00+00:00,86.94,97.57,16.58
2025-06-16 01:00:00+00:00,84.0,84.0,13.27
2025-06-16 02:00:00+00:00,83.28,83.21,12.35
2025-06-16 03:00:00+00:00,88.39,99.04,19.27
2025-06-16 04:00:00+00:00,112.43,115.57,22.05
2025-06-16 05:00:00+00:00,123.49,125.0,53.16
2025-06-16 06:00:00+00:00,108.92,119.24,58.49
2025-06-16 07:00:00+00:00,84.49,95.04,20.0
2025-06-16 08:00:00+00:00,60.28,57.11,4.5
2025-06-16 09:00:00+00:00,14.02,13.83,0.0
2025-06-16 10:00:00+00:00,1.62,2.11,0.0
2025-06-16 11:00:00+00:00,0.07,0.79,0.0
2025-06-16 12:00:00+00:00,0.0,0.7,0.0
2025-06-16 13:00:00+00:00,0.0,1.15,0.0
2025-06-16 14:00:00+00:00,13.61,13.61,1.03
2025-06-16 15:00:00+00:00,70.0,69.08,12.36
2025-06-16 16:00:00+00:00,89.24,98.7,75.3
2025-06-16 17:00:00+00:00,116.0,117.93,113.86
2025-06-16 18:00:00+00:00,186.1,186.1,108.36
2025-06-16 19:00:00+00:00,190.0,190.0,84.75
2025-06-16 20:00:00+00:00,129.18,133.67,106.59
2025-06-16 21:00:00+00:00,106.9,112.0,82.32
2025-06-16 22:00:00+00:00,103.98,106.0,55.73
2025-06-16 23:00:00+00:00,98.26,101.77,21.73
2025-06-17 00:00:00+00:00,94.95,97.12,25.89
2025-06-17 01:00:00+00:00,94.19,95.82,25.45
2025-06-17 02:00:00+00:00,95.24,97.33,13.47
2025-06-17 03:00:00+00:00,102.51,103.83,30.38
2025-06-17 04:00:00+00:00,118.76,120.9,37.45
2025-06-17 05:00:00+00:00,107.01,108.45,57.51
2025-06-17 06:00:00+00:00,98.59,101.0,67.17
2025-06-17 07:00:00+00:00,70.74,86.52,38.01
2025-06-17 08:00:00+00:00,4.34,4.38,4.48
2025-06-17 09:00:00+00:00,-0.61,-0.36,0.0
2025-06-17 10:00:00+00:00,-0.86,-0.55,-0.01
2025-06-17 11:00:00+00:00,-4.91,-2.43,-0.01
2025-06-17 12:00:00+00:00,-6.2,-2.74,-0.01
2025-06-17 13:00:00+00:00,-2.56,-1.63,0.05
2025-06-17 14:00:00+00:00,8.65,10.0,12.8
2025-06-17 15:00:00+00:00,79.23,80.1,50.91
2025-06-17 16:00:00+00:00,103.36,105.0,94.78
2025-06-17 17:00:00+00:00,129.08,128.0,115.0
2025-06-17 18:00:00+00:00,241.8,237.6,126.68
2025-06-17 19:00:00+00:00,241.38,235.69,115.67
2025-06-17 20:00:00+00:00,138.19,140.39,122.86
2025-06-17 21:00:00+00:00,116.36,116.58,114.9
2025-06-17 22:00:00+00:00,113.0,113.0,99.3
2025-06-17 23:00:00+00:00,106.8,107.08,87.44
2025-06-18 00:00:00+00:00,101.5,101.61,95.03
2025-06-18 01:00:00+00:00,95.84,96.34,72.94
2025-06-18 02:00:00+00:00,97.01,97.33,68.3
2025-06-18 03:00:00+00:00,103.57,104.43,61.53
2025-06-18 04:00:00+00:00,112.35,113.15,77.0
2025-06-18 05:00:00+00:00,114.9,115.62,98.69
2025-06-18 06:00:00+00:00,111.39,115.3,104.56
2025-06-18 07:00:00+00:00,78.97,89.64,60.67
2025-06-18 08:00:00+00:00,21.77,21.78,21.81
2025-06-18 09:00:00+00:00,1.17,1.17,1.17
2025-06-18 10:00:00+00:00,-0.23,-0.13,0.0
2025-06-18 11:00:00+00:00,-1.04,-0.48,-0.01
2025-06-18 12:00:00+00:00,-2.3,-1.04,0.0
2025-06-18 13:00:00+00:00,-2.17,-0.3,2.71
2025-06-18 14:00:00+00:00,0.99,2.22,6.27
2025-06-18 15:00:00+00:00,74.0,73.12,52.91
2025-06-18 16:00:00+00:00,107.15,105.38,75.01
2025-06-18 17:00:00+00:00,116.4,116.89,114.64
2025-06-18 18:00:00+00:00,140.99,141.39,124.9
2025-06-18 19:00:00+00:00,175.32,175.32,111.6
2025-06-18 20:00:00+00:00,133.06,136.07,128.32
2025-06-18 21:00:00+00:00,115.35,120.0,99.01
2025-06-18 22:00:00+00:00,112.2,111.79,98.07
2025-06-18 23:00:00+00:00,106.4,109.08,50.89
2025-06-19 00:00:00+00:00,105.29,107.4,41.39
2025-06-19 01:00:00+00:00,99.51,104.27,23.71
2025-06-19 02:00:00+00:00,100.94,104.23,18.21
2025-06-19 03:00:00+00:00,95.68,107.6,24.4
2025-06-19 04:00:00+00:00,101.51,104.9,38.2
2025-06-19 05:00:00+00:00,89.25,100.47,65.05
2025-06-19 06:00:00+00:00,71.25,89.56,41.98
2025-06-19 07:00:00+00:00,0.86,9.75,16.85
2025-06-19 08:00:00+00:00,-1.33,-0.58,-0.01
2025-06-19 09:00:00+00:00,-29.98,-9.02,-0.01
2025-06-19 10:00:00+00:00,-52.21,-6.02,-0.01
2025-06-19 11:00:00+00:00,-65.44,-6.07,-0.02
2025-06-19 12:00:00+00:00,-64.95,-5.09,-0.06
2025-06-19 13:00:00+00:00,-39.79,-7.84,-0.1
2025-06-19 14:00:00+00:00,-4.95,-3.12,2.71
2025-06-19 15:00:00+00:00,2.3,6.59,18.92
2025-06-19 16:00:00+00:00,80.33,84.41,82.6
2025-06-19 17:00:00+00:00,118.47,118.78,118.47
2025-06-19 18:00:00+00:00,138.85,141.56,126.02
2025-06-19 19:00:00+00:00,141.8,146.97,111.61
2025-06-19 20:00:00+00:00,129.66,130.8,124.64
2025-06-19 21:00:00+00:00,108.89,110.0,105.01
2025-06-19 22:00:00+00:00,109.49,109.01,102.33
2025-06-19 23:00:00+00:00,104.57,104.57,71.17
2025-06-20 00:00:00+00:00,103.24,100.56,65.43
2025-06-20 01:00:00+00:00,105.01,104.0,45.84
2025-06-20 02:00:00+00:00,104.27,99.48,44.57
2025-06-20 03:00:00+00:00,109.04,109.04,57.44
2025-06-20 04:00:00+00:00,120.9,120.9,81.7
2025-06-20 05:00:00+00:00,118.66,118.66,111.1
2025-06-20 06:00:00+00:00,110.98,111.0,109.76
2025-06-20 07:00:00+00:00,81.69,81.69,81.49
2025-06-20 08:00:00+00:00,15.83,21.44,26.73
2025-06-20 09:00:00+00:00,4.03,5.99,8.05
2025-06-20 10:00:00+00:00,0.0,1.88,3.85
2025-06-20 11:00:00+00:00,-1.0,-0.51,0.07
2025-06-20 12:00:00+00:00,-0.17,-0.08,0.02
2025-06-20 13:00:00+00:00,0.91,0.78,1.39
2025-06-20 14:00:00+00:00,28.99,29.61,31.96
2025-06-20 15:00:00+00:00,87.35,87.73,88.0
2025-06-20 16:00:00+00:00,111.01,111.23,111.79
2025-06-20 17:00:00+00:00,136.13,135.4,128.94
2025-06-20 18:00:00+00:00,201.29,194.78,140.0
2025-06-20 19:00:00+00:00,178.63,178.63,142.18
2025-06-20 20:00:00+00:00,137.05,137.05,137.05
2025-06-20 21:00:00+00:00,121.38,121.38,121.38
2025-06-20 22:00:00+00:00,118.52,118.52,118.53
2025-06-20 23:00:00+00:00,110.48,110.48,110.48
2025-06-21 00:00:00+00:00,108.15,108.15,108.15
2025-06-21 01:00:00+00:00,106.76,106.3,98.03
2025-06-21 02:00:00+00:00,109.1,110.0,81.62
2025-06-21 03:00:00+00:00,104.45,104.94,92.27
2025-06-21 04:00:00+00:00,100.71,100.75,98.79
2025-06-21 05:00:00+00:00,90.74,90.74,90.74
2025-06-21 06:00:00+00:00,75.93,75.93,75.93
2025-06-21 07:00:00+00:00,23.4,23.4,23.4
2025-06-21 08:00:00+00:00,0.19,0.49,2.5
2025-06-21 09:00:00+00:00,-2.01,-2.01,0.0
2025-06-21 10:00:00+00:00,-13.96,-12.4,0.0
2025-06-21 11:00:00+00:00,-29.98,-26.06,0.0
2025-06-21 12:00:00+00:00,-26.31,-27.78,0.0
2025-06-21 13:00:00+00:00,-4.42,-3.0,0.0
2025-06-21 14:00:00+00:00,0.09,0.09,0.1
2025-06-21 15:00:00+00:00,59.99,60.2,60.4
2025-06-21 16:00:00+00:00,100.95,100.89,98.64
2025-06-21 17:00:00+00:00,127.9,127.9,127.53
2025-06-21 18:00:00+00:00,156.74,156.74,141.99
2025-06-21 19:00:00+00:00,165.3,165.85,134.93
2025-06-21 20:00:00+00:00,140.78,141.04,138.81
2025-06-21 21:00:00+00:00,119.2,119.32,119.48
2025-06-21 22:00:00+00:00,108.15,106.9,77.02
2025-06-21 23:00:00+00:00,101.07,101.07,59.91
2025-06-22 00:00:00+00:00,97.46,99.0,39.84
2025-06-22 01:00:00+00:00,92.12,90.58,30.33
2025-06-22 02:00:00+00:00,89.69,87.82,25.0
2025-06-22 03:00:00+00:00,87.95,80.08,27.95
2025-06-22 04:00:00+00:00,71.98,67.56,28.27
2025-06-22 05:00:00+00:00,26.44,26.44,26.44
2025-06-22 06:00:00+00:00,0.0,0.0,0.0
2025-06-22 07:00:00+00:00,-0.09,-0.09,-0.09
2025-06-22 08:00:00+00:00,-11.11,-11.11,-11.11
2025-06-22 09:00:00+00:00,-38.56,-18.72,-33.1
2025-06-22 10:00:00+00:00,-67.41,-6.0,-51.14
2025-06-22 11:00:00+00:00,-99.01,-6.05,-78.05
2025-06-22 12:00:00+00:00,-81.0,-9.73,-64.35
2025-06-22 13:00:00+00:00,-40.09,-6.78,-32.8
2025-06-22 14:00:00+00:00,-7.68,-7.56,-7.49
2025-06-22 15:00:00+00:00,-0.01,-0.1,0.0
2025-06-22 16:00:00+00:00,69.75,59.38,27.56
2025-06-22 17:00:00+00:00,109.33,102.8,71.14
2025-06-22 18:00:00+00:00,123.9,121.77,114.12
2025-06-22 19:00:00+00:00,134.33,131.98,115.32
2025-06-22 20:00:00+00:00,126.32,124.25,112.43
2025-06-22 21:00:00+00:00,101.63,101.63,101.63
2025-06-22 22:00:00+00:00,70.3,66.02,41.21
2025-06-22 23:00:00+00:00,63.8,58.02,23.6
2025-06-23 00:00:00+00:00,63.79,56.77,15.66
2025-06-23 01:00:00+00:00,64.51,56.81,12.29
2025-06-23 02:00:00+00:00,72.5,63.6,12.2
2025-06-23 03:00:00+00:00,84.92,73.78,12.51
2025-06-23 04:00:00+00:00,89.12,80.74,19.63
2025-06-23 05:00:00+00:00,92.24,83.63,26.0
2025-06-23 06:00:00+00:00,78.96,73.2,38.41
2025-06-23 07:00:00+00:00,18.64,18.64,14.96
2025-06-23 08:00:00+00:00,-0.01,0.51,0.02
2025-06-23 09:00:00+00:00,-6.11,-4.48,-0.01
2025-06-23 10:00:00+00:00,-12.76,-9.9,-1.98
2025-06-23 11:00:00+00:00,-26.45,-20.35,-8.89
2025-06-23 12:00:00+00:00,-32.75,-30.0,-17.32
2025-06-23 13:00:00+00:00,-32.69,-32.69,-9.53
2025-06-23 14:00:00+00:00,-25.0,-23.0,-0.06
2025-06-23 15:00:00+00:00,-13.11,-9.9,0.0
2025-06-23 16:00:00+00:00,-1.01,3.79,20.98
2025-06-23 17:00:00+00:00,20.0,55.07,47.44
2025-06-23 18:00:00+00:00,83.5,100.0,94.98
2025-06-23 19:00:00+00:00,90.0,111.0,100.15
2025-06-23 20:00:00+00:00,97.78,127.0,106.5
2025-06-23 21:00:00+00:00,89.53,103.87,94.55
2025-06-23 22:00:00+00:00,77.08,82.84,81.34
2025-06-23 23:00:00+00:00,66.79,71.67,66.17
2025-06-24 00:00:00+00:00,63.79,65.08,63.79
2025-06-24 01:00:00+00:00,58.12,70.0,45.14
2025-06-24 02:00:00+00:00,66.52,66.52,46.62
2025-06-24 03:00:00+00:00,69.75,70.43,71.3
2025-06-24 04:00:00+00:00,88.15,93.47,84.53
2025-06-24 05:00:00+00:00,88.02,89.9,90.09
2025-06-24 06:00:00+00:00,41.27,86.86,73.55
2025-06-24 07:00:00+00:00,-0.01,59.2,37.04
2025-06-24 08:00:00+00:00,-4.01,0.0,1.34
2025-06-24 09:00:00+00:00,-12.41,-0.4,0.0
2025-06-24 10:00:00+00:00,-20.09,-2.0,-0.01
2025-06-24 11:00:00+00:00,-22.75,-2.68,-0.01
2025-06-24 12:00:00+00:00,-19.27,-2.02,-0.03
2025-06-24 13:00:00+00:00,-7.56,-2.0,-0.01
2025-06-24 14:00:00+00:00,-3.06,-0.39,7.5
2025-06-24 15:00:00+00:00,2.09,6.72,20.06
2025-06-24 16:00:00+00:00,61.77,64.39,71.95
2025-06-24 17:00:00+00:00,97.25,99.11,104.61
2025-06-24 18:00:00+00:00,123.9,124.85,125.4
2025-06-24 19:00:00+00:00,122.49,123.49,125.49
2025-06-24 20:00:00+00:00,97.41,118.97,131.91
2025-06-24 21:00:00+00:00,98.02,99.19,102.48
2025-06-24 22:00:00+00:00,78.85,85.6,84.5
2025-06-24 23:00:00+00:00,67.63,80.2,74.31
2025-06-25 00:00:00+00:00,70.02,80.2,75.51
2025-06-25 01:00:00+00:00,69.07,82.9,74.94
2025-06-25 02:00:00+00:00,70.01,88.0,76.39
2025-06-25 03:00:00+00:00,82.77,97.0,83.45
2025-06-25 04:00:00+00:00,105.72,109.1,103.14
2025-06-25 05:00:00+00:00,112.36,122.6,109.54
2025-06-25 06:00:00+00:00,97.87,136.0,104.74
2025-06-25 07:00:00+00:00,70.02,124.3,85.23
2025-06-25 08:00:00+00:00,10.07,125.0,42.63
2025-06-25 09:00:00+00:00,0.07,69.55,27.98
2025-06-25 10:00:00+00:00,-0.02,25.1,15.0
2025-06-25 11:00:00+00:00,-0.14,4.27,5.79
2025-06-25 12:00:00+00:00,-0.51,4.59,7.94
2025-06-25 13:00:00+00:00,0.0,8.88,13.4
2025-06-25 14:00:00+00:00,17.84,25.27,27.13
2025-06-25 15:00:00+00:00,84.47,85.07,87.09
2025-06-25 16:00:00+00:00,105.8,106.29,107.05
2025-06-25 17:00:00+00:00,134.19,134.82,135.0
2025-06-25 18:00:00+00:00,200.0,200.0,143.33
2025-06-25 19:00:00+00:00,247.02,247.02,141.89
2025-06-25 20:00:00+00:00,173.62,173.62,135.0
2025-06-25 21:00:00+00:00,126.84,123.78,102.26
2025-06-25 22:00:00+00:00,119.95,119.95,119.95
2025-06-25 23:00:00+00:00,107.63,106.37,99.63
2025-06-26 00:00:00+00:00,102.83,101.31,93.02
2025-06-26 01:00:00+00:00,98.62,95.18,76.2
2025-06-26 02:00:00+00:00,98.79,95.62,77.45
2025-06-26 03:00:00+00:00,102.91,99.43,79.62
2025-06-26 04:00:00+00:00,119.9,116.12,84.95
2025-06-26 05:00:00+00:00,120.91,120.19,114.4
2025-06-26 06:00:00+00:00,106.79,106.79,106.79
2025-06-26 07:00:00+00:00,96.45,95.7,85.0
2025-06-26 08:00:00+00:00,88.95,93.03,69.02
2025-06-26 09:00:00+00:00,77.88,77.89,64.44
2025-06-26 10:00:00+00:00,70.25,69.8,62.59
2025-06-26 11:00:00+00:00,59.25,57.38,45.64
2025-06-26 12:00:00+00:00,51.12,49.16,37.39
2025-06-26 13:00:00+00:00,48.99,46.73,36.2
2025-06-26 14:00:00+00:00,63.04,50.0,37.39
2025-06-26 15:00:00+00:00,70.3,69.66,59.13
2025-06-26 16:00:00+00:00,89.23,87.74,80.09
2025-06-26 17:00:00+00:00,93.95,99.0,97.81
2025-06-26 18:00:00+00:00,99.14,106.86,114.53
2025-06-26 19:00:00+00:00,100.0,105.16,110.61
2025-06-26 20:00:00+00:00,108.64,109.9,112.12
2025-06-26 21:00:00+00:00,97.23,98.0,99.84
2025-06-26 22:00:00+00:00,84.5,85.41,87.72
2025-06-26 23:00:00+00:00,78.83,89.24,85.58
2025-06-27 00:00:00+00:00,75.67,96.05,85.15
2025-06-27 01:00:00+00:00,80.41,90.1,86.03
2025-06-27 02:00:00+00:00,82.39,83.19,82.39
2025-06-27 03:00:00+00:00,88.9,89.24,89.38
2025-06-27 04:00:00+00:00,105.58,105.54,97.99
2025-06-27 05:00:00+00:00,113.2,113.2,113.2
2025-06-27 06:00:00+00:00,107.7,107.7,107.7
2025-06-27 07:00:00+00:00,90.94,98.42,92.91
2025-06-27 08:00:00+00:00,79.12,81.25,79.56
2025-06-27 09:00:00+00:00,67.45,67.45,67.45
2025-06-27 10:00:00+00:00,54.53,54.55,54.6
2025-06-27 11:00:00+00:00,28.3,28.3,35.3
2025-06-27 12:00:00+00:00,7.87,5.3,20.96
2025-06-27 13:00:00+00:00,9.88,11.55,19.7
2025-06-27 14:00:00+00:00,29.92,30.0,36.78
2025-06-27 15:00:00+00:00,70.68,70.68,71.87
2025-06-27 16:00:00+00:00,91.73,91.63,88.27
2025-06-27 17:00:00+00:00,107.15,107.67,109.29
2025-06-27 18:00:00+00:00,124.86,124.48,116.83
2025-06-27 19:00:00+00:00,134.94,135.05,134.94
2025-06-27 20:00:00+00:00,126.24,121.86,125.71
2025-06-27 21:00:00+00:00,107.7,107.62,107.86
2025-06-27 22:00:00+00:00,94.7,94.83,95.11
2025-06-27 23:00:00+00:00,89.61,88.24,78.5
2025-06-28 00:00:00+00:00,82.02,79.98,65.57
2025-06-28 01:00:00+00:00,76.59,71.51,35.07
2025-06-28 02:00:00+00:00,70.27,68.0,51.29
2025-06-28 03:00:00+00:00,75.4,71.68,44.3
2025-06-28 04:00:00+00:00,74.0,68.72,31.81
2025-06-28 05:00:00+00:00,58.84,57.35,47.38
2025-06-28 06:00:00+00:00,27.8,27.8,27.8
2025-06-28 07:00:00+00:00,2.34,2.34,2.34
2025-06-28 08:00:00+00:00,0.01,0.01,0.01
2025-06-28 09:00:00+00:00,-0.04,-0.03,0.0
2025-06-28 10:00:00+00:00,-1.0,-0.57,-0.01
2025-06-28 11:00:00+00:00,-2.01,-2.0,-0.02
2025-06-28 12:00:00+00:00,-3.09,-2.77,-0.02
2025-06-28 13:00:00+00:00,-1.01,-1.5,-0.02
2025-06-28 14:00:00+00:00,-1.0,-0.5,2.12
2025-06-28 15:00:00+00:00,2.97,2.73,10.26
2025-06-28 16:00:00+00:00,62.73,61.73,65.0
2025-06-28 17:00:00+00:00,95.03,94.83,96.26
2025-06-28 18:00:00+00:00,108.99,109.0,110.0
2025-06-28 19:00:00+00:00,123.86,122.4,105.09
2025-06-28 20:00:00+00:00,119.84,119.67,117.48
2025-06-28 21:00:00+00:00,103.5,103.5,103.5
2025-06-28 22:00:00+00:00,95.07,95.07,95.07
2025-06-28 23:00:00+00:00,89.42,89.42,89.42
2025-06-29 00:00:00+00:00,89.66,89.66,89.66
2025-06-29 01:00:00+00:00,86.82,86.82,86.82
2025-06-29 02:00:00+00:00,85.31,85.5,84.3
2025-06-29 03:00:00+00:00,85.3,85.3,85.3
2025-06-29 04:00:00+00:00,86.39,86.46,86.0
2025-06-29 05:00:00+00:00,74.92,75.13,74.71
2025-06-29 06:00:00+00:00,47.52,47.57,47.4
2025-06-29 07:00:00+00:00,1.99,5.34,3.75
2025-06-29 08:00:00+00:00,0.0,0.0,0.0
2025-06-29 09:00:00+00:00,-0.26,-0.26,-0.08
2025-06-29 10:00:00+00:00,-5.4,-8.39,-0.02
2025-06-29 11:00:00+00:00,-20.1,-25.0,-0.03
2025-06-29 12:00:00+00:00,-24.01,-29.55,-0.09
2025-06-29 13:00:00+00:00,-15.45,-9.9,-0.01
2025-06-29 14:00:00+00:00,-2.69,-1.5,0.0
2025-06-29 15:00:00+00:00,0.01,7.99,20.0
2025-06-29 16:00:00+00:00,77.44,78.0,79.38
2025-06-29 17:00:00+00:00,102.14,102.14,102.14
2025-06-29 18:00:00+00:00,111.98,111.98,111.98
2025-06-29 19:00:00+00:00,118.07,118.07,118.07
2025-06-29 20:00:00+00:00,113.73,113.73,113.73
2025-06-29 21:00:00+00:00,101.0,101.0,101.0
2025-06-29 22:00:00+00:00,98.73,98.73,98.73
2025-06-29 23:00:00+00:00,89.03,89.03,89.03
2025-06-30 00:00:00+00:00,85.03,85.03,85.03
2025-06-30 01:00:00+00:00,84.13,84.13,84.13
2025-06-30 02:00:00+00:00,86.51,86.11,82.98
2025-06-30 03:00:00+00:00,97.41,96.0,82.02
2025-06-30 04:00:00+00:00,114.9,114.9,97.73
2025-06-30 05:00:00+00:00,111.7,111.7,111.68
2025-06-30 06:00:00+00:00,108.52,108.17,108.58
2025-06-30 07:00:00+00:00,91.77,91.94,92.42
2025-06-30 08:00:00+00:00,74.65,77.41,79.83
2025-06-30 09:00:00+00:00,43.73,49.86,69.05
2025-06-30 10:00:00+00:00,19.05,4.77,52.44
2025-06-30 11:00:00+00:00,9.96,-2.0,46.31
2025-06-30 12:00:00+00:00,19.65,0.1,51.53
2025-06-30 13:00:00+00:00,60.0,61.2,64.76
2025-06-30 14:00:00+00:00,80.5,80.5,83.83
2025-06-30 15:00:00+00:00,91.98,91.77,93.57
2025-06-30 16:00:00+00:00,110.01,110.01,110.65
2025-06-30 17:00:00+00:00,178.94,178.94,178.94
2025-06-30 18:00:00+00:00,288.97,289.45,185.0
2025-06-30 19:00:00+00:00,233.35,236.0,175.01
2025-06-30 20:00:00+00:00,157.0,157.0,157.0
2025-06-30 21:00:00+00:00,122.65,122.65,122.65
2025-06-30 22:00:00+00:00,111.28,111.28,111.28
2025-06-30 23:00:00+00:00,95.29,95.39,95.41
2025-07-01 00:00:00+00:00,89.1,89.1,89.1
2025-07-01 01:00:00+00:00,88.08,88.06,88.08
2025-07-01 02:00:00+00:00,90.01,90.01,90.01
2025-07-01 03:00:00+00:00,96.5,96.62,96.64
2025-07-01 04:00:00+00:00,114.97,114.97,114.97
2025-07-01 05:00:00+00:00,120.11,120.1,120.06
2025-07-01 06:00:00+00:00,114.72,114.28,114.74
2025-07-01 07:00:00+00:00,91.19,91.7,93.19
2025-07-01 08:00:00+00:00,84.31,90.11,94.91
2025-07-01 09:00:00+00:00,69.56,73.79,80.7
2025-07-01 10:00:00+00:00,44.54,40.3,75.11
2025-07-01 11:00:00+00:00,42.47,42.47,65.53
2025-07-01 12:00:00+00:00,57.65,47.54,68.95
2025-07-01 13:00:00+00:00,78.14,78.15,78.16
2025-07-01 14:00:00+00:00,90.8,90.8,90.8
2025-07-01 15:00:00+00:00,102.02,102.25,102.65
2025-07-01 16:00:00+00:00,152.08,152.44,150.0
2025-07-01 17:00:00+00:00,307.27,320.0,223.54
2025-07-01 18:00:00+00:00,476.19,517.57,235.0
2025-07-01 19:00:00+00:00,406.81,470.16,215.0
2025-07-01 20:00:00+00:00,250.01,278.18,199.3
2025-07-01 21:00:00+00:00,147.65,161.35,129.78
2025-07-01 22:00:00+00:00,119.29,119.29,119.29
2025-07-01 23:00:00+00:00,102.7,102.7,102.71
2025-07-02 00:00:00+00:00,92.54,92.54,92.54
2025-07-02 01:00:00+00:00,92.08,92.08,92.08
2025-07-02 02:00:00+00:00,91.71,95.77,85.08
2025-07-02 03:00:00+00:00,100.55,104.86,93.47
2025-07-02 04:00:00+00:00,116.43,123.69,103.68
2025-07-02 05:00:00+00:00,110.42,112.0,107.8
2025-07-02 06:00:00+00:00,104.52,104.52,104.52
2025-07-02 07:00:00+00:00,92.62,92.49,92.73
2025-07-02 08:00:00+00:00,81.06,81.06,81.79
2025-07-02 09:00:00+00:00,69.93,72.78,76.39
2025-07-02 10:00:00+00:00,36.12,25.0,70.64
2025-07-02 11:00:00+00:00,32.59,32.59,50.29
2025-07-02 12:00:00+00:00,46.61,46.58,54.02
2025-07-02 13:00:00+00:00,71.49,71.51,71.57
2025-07-02 14:00:00+00:00,79.6,79.61,79.98
2025-07-02 15:00:00+00:00,89.27,91.14,87.61
2025-07-02 16:00:00+00:00,113.99,131.9,87.68
2025-07-02 17:00:00+00:00,186.01,231.19,119.03
2025-07-02 18:00:00+00:00,240.07,316.12,119.8
2025-07-02 19:00:00+00:00,180.21,213.59,126.16
2025-07-02 20:00:00+00:00,134.93,140.8,125.1
2025-07-02 21:00:00+00:00,108.5,108.59,108.51
2025-07-02 22:00:00+00:00,83.49,83.92,85.0
2025-07-02 23:00:00+00:00,81.15,80.91,81.62
2025-07-03 00:00:00+00:00,79.0,79.0,79.0
2025-07-03 01:00:00+00:00,78.93,78.93,78.93
2025-07-03 02:00:00+00:00,80.88,80.88,80.88
2025-07-03 03:00:00+00:00,86.45,86.45,86.45
2025-07-03 04:00:00+00:00,104.92,106.96,94.83
2025-07-03 05:00:00+00:00,108.03,112.0,101.77
2025-07-03 06:00:00+00:00,104.9,104.9,104.9
2025-07-03 07:00:00+00:00,90.45,90.45,90.45
2025-07-03 08:00:00+00:00,75.06,75.06,75.06
2025-07-03 09:00:00+00:00,57.35,57.35,57.35
2025-07-03 10:00:00+00:00,42.16,42.16,42.16
2025-07-03 11:00:00+00:00,33.91,34.12,34.82
2025-07-03 12:00:00+00:00,24.72,7.21,36.84
2025-07-03 13:00:00+00:00,37.86,16.38,56.67
2025-07-03 14:00:00+00:00,58.57,55.68,64.71
2025-07-03 15:00:00+00:00,81.0,80.99,81.0
2025-07-03 16:00:00+00:00,95.19,95.74,96.34
2025-07-03 17:00:00+00:00,107.2,108.71,109.0
2025-07-03 18:00:00+00:00,146.96,154.16,118.8
2025-07-03 19:00:00+00:00,166.67,179.22,105.87
2025-07-03 20:00:00+00:00,133.3,146.43,106.8
2025-07-03 21:00:00+00:00,117.03,130.0,86.57
2025-07-03 22:00:00+00:00,111.01,110.0,97.8
2025-07-03 23:00:00+00:00,105.45,103.46,83.0
2025-07-04 00:00:00+00:00,101.31,99.98,85.37
2025-07-04 01:00:00+00:00,98.44,96.38,75.8
2025-07-04 02:00:00+00:00,103.2,99.92,67.39
2025-07-04 03:00:00+00:00,106.63,104.07,78.65
2025-07-04 04:00:00+00:00,122.38,107.22,83.59
2025-07-04 05:00:00+00:00,116.46,111.29,103.48
2025-07-04 06:00:00+00:00,100.0,100.0,100.0
2025-07-04 07:00:00+00:00,91.15,91.15,91.15
2025-07-04 08:00:00+00:00,70.01,70.01,70.01
2025-07-04 09:00:00+00:00,6.69,2.0,20.64
2025-07-04 10:00:00+00:00,-0.05,-0.05,22.64
2025-07-04 11:00:00+00:00,-1.56,-1.56,12.34
2025-07-04 12:00:00+00:00,-1.37,-1.37,12.2
2025-07-04 13:00:00+00:00,-0.61,-0.61,25.2
2025-07-04 14:00:00+00:00,2.39,2.33,21.88
2025-07-04 15:00:00+00:00,62.04,61.43,62.04
2025-07-04 16:00:00+00:00,88.68,89.07,90.02
2025-07-04 17:00:00+00:00,110.0,97.51,108.5
2025-07-04 18:00:00+00:00,130.74,127.67,111.6
2025-07-04 19:00:00+00:00,150.1,145.02,109.13
2025-07-04 20:00:00+00:00,129.68,122.96,111.8
2025-07-04 21:00:00+00:00,107.99,103.0,96.25
2025-07-04 22:00:00+00:00,104.2,95.38,41.53
2025-07-04 23:00:00+00:00,94.98,88.36,36.29
2025-07-05 00:00:00+00:00,96.5,90.28,37.33
2025-07-05 01:00:00+00:00,93.4,87.91,30.42
2025-07-05 02:00:00+00:00,94.5,89.26,30.27
2025-07-05 03:00:00+00:00,83.49,78.8,28.73
2025-07-05 04:00:00+00:00,84.47,79.4,28.08
2025-07-05 05:00:00+00:00,43.77,43.31,39.34
2025-07-05 06:00:00+00:00,17.86,17.86,17.86
2025-07-05 07:00:00+00:00,3.34,3.34,3.34
2025-07-05 08:00:00+00:00,0.0,0.0,0.0
2025-07-05 09:00:00+00:00,-0.08,-0.04,-0.01
2025-07-05 10:00:00+00:00,-1.01,-0.49,-0.02
2025-07-05 11:00:00+00:00,-2.05,-2.0,-0.1
2025-07-05 12:00:00+00:00,-2.11,-1.49,-0.11
2025-07-05 13:00:00+00:00,-2.01,-0.9,-0.02
2025-07-05 14:00:00+00:00,-2.26,-2.0,0.37
2025-07-05 15:00:00+00:00,0.0,0.0,6.2
2025-07-05 16:00:00+00:00,41.25,41.43,41.25
2025-07-05 17:00:00+00:00,85.0,84.93,75.04
2025-07-05 18:00:00+00:00,111.01,109.81,67.67
2025-07-05 19:00:00+00:00,122.96,116.0,72.74
2025-07-05 20:00:00+00:00,117.14,116.0,100.32
2025-07-05 21:00:00+00:00,108.21,107.23,94.02
2025-07-05 22:00:00+00:00,95.15,94.27,86.18
2025-07-05 23:00:00+00:00,89.5,87.71,72.55
2025-07-06 00:00:00+00:00,85.94,82.98,57.04
2025-07-06 01:00:00+00:00,83.95,80.2,41.43
2025-07-06 02:00:00+00:00,82.6,80.88,39.28
2025-07-06 03:00:00+00:00,82.0,85.93,36.98
2025-07-06 04:00:00+00:00,78.46,84.73,33.94
2025-07-06 05:00:00+00:00,77.57,83.96,32.11
2025-07-06 06:00:00+00:00,70.57,75.63,35.35
2025-07-06 07:00:00+00:00,38.81,54.81,11.14
2025-07-06 08:00:00+00:00,19.21,27.65,18.49
2025-07-06 09:00:00+00:00,13.19,20.0,14.94
2025-07-06 10:00:00+00:00,10.26,20.1,12.69
2025-07-06 11:00:00+00:00,5.85,32.02,9.58
2025-07-06 12:00:00+00:00,11.2,17.0,2.99
2025-07-06 13:00:00+00:00,50.57,58.02,0.65
2025-07-06 14:00:00+00:00,70.77,80.0,0.65
2025-07-06 15:00:00+00:00,100.29,107.02,0.65
2025-07-06 16:00:00+00:00,107.37,112.31,11.22
2025-07-06 17:00:00+00:00,112.16,124.3,31.53
2025-07-06 18:00:00+00:00,120.32,135.41,31.61
2025-07-06 19:00:00+00:00,125.04,139.41,35.61
2025-07-06 20:00:00+00:00,122.21,128.1,70.19
2025-07-06 21:00:00+00:00,110.78,115.33,71.44
2025-07-06 22:00:00+00:00,118.84,125.88,46.35
2025-07-06 23:00:00+00:00,107.42,114.37,35.82
2025-07-07 00:00:00+00:00,101.92,108.06,38.15
2025-07-07 01:00:00+00:00,99.12,101.0,25.44
2025-07-07 02:00:00+00:00,101.0,101.0,29.2
2025-07-07 03:00:00+00:00,108.22,100.9,35.85
2025-07-07 04:00:00+00:00,134.2,119.75,40.46
2025-07-07 05:00:00+00:00,143.67,123.58,38.13
2025-07-07 06:00:00+00:00,152.29,142.81,58.71
2025-07-07 07:00:00+00:00,131.99,123.29,57.5
2025-07-07 08:00:00+00:00,108.64,98.34,37.5
2025-07-07 09:00:00+00:00,108.98,92.37,18.01
2025-07-07 10:00:00+00:00,90.24,78.72,26.99
2025-07-07 11:00:00+00:00,71.0,60.78,8.13
2025-07-07 12:00:00+00:00,53.02,29.09,8.7
2025-07-07 13:00:00+00:00,50.67,6.16,5.0
2025-07-07 14:00:00+00:00,52.51,11.0,3.6
2025-07-07 15:00:00+00:00,72.3,60.31,4.31
2025-07-07 16:00:00+00:00,87.95,77.98,34.47
2025-07-07 17:00:00+00:00,92.27,89.35,54.37
2025-07-07 18:00:00+00:00,97.28,100.2,50.2
2025-07-07 19:00:00+00:00,109.92,116.67,54.66
2025-07-07 20:00:00+00:00,110.09,118.74,92.27
2025-07-07 21:00:00+00:00,95.82,100.0,78.98
2025-07-07 22:00:00+00:00,103.83,107.82,61.85
2025-07-07 23:00:00+00:00,92.9,96.77,43.45
2025-07-08 00:00:00+00:00,86.13,81.49,39.17
2025-07-08 01:00:00+00:00,84.78,85.0,31.81
2025-07-08 02:00:00+00:00,85.37,85.88,31.91
2025-07-08 03:00:00+00:00,91.14,91.14,30.1
2025-07-08 04:00:00+00:00,107.99,107.99,38.52
2025-07-08 05:00:00+00:00,118.65,118.65,61.13
2025-07-08 06:00:00+00:00,117.76,117.76,60.0
2025-07-08 07:00:00+00:00,94.06,98.83,18.01
2025-07-08 08:00:00+00:00,81.78,77.01,4.31
2025-07-08 09:00:00+00:00,78.44,68.95,1.72
2025-07-08 10:00:00+00:00,60.15,55.16,1.72
2025-07-08 11:00:00+00:00,54.72,48.35,0.0
2025-07-08 12:00:00+00:00,53.04,46.05,0.0
2025-07-08 13:00:00+00:00,54.65,47.58,0.0
2025-07-08 14:00:00+00:00,65.2,60.32,0.0
2025-07-08 15:00:00+00:00,79.98,84.35,11.78
2025-07-08 16:00:00+00:00,83.92,87.41,45.0
2025-07-08 17:00:00+00:00,102.1,107.0,60.39
2025-07-08 18:00:00+00:00,122.77,126.49,86.87
2025-07-08 19:00:00+00:00,123.34,127.5,82.46
2025-07-08 20:00:00+00:00,116.65,118.12,101.59
2025-07-08 21:00:00+00:00,100.95,102.19,88.16
2025-07-08 22:00:00+00:00,97.15,99.51,71.99
2025-07-08 23:00:00+00:00,86.85,91.29,39.37
2025-07-09 00:00:00+00:00,83.86,88.57,33.59
2025-07-09 01:00:00+00:00,84.65,90.42,23.37
2025-07-09 02:00:00+00:00,85.1,91.56,15.28
2025-07-09 03:00:00+00:00,96.15,100.0,54.77
2025-07-09 04:00:00+00:00,113.66,113.66,15.0
2025-07-09 05:00:00+00:00,116.46,116.46,61.47
2025-07-09 06:00:00+00:00,113.59,119.37,69.13
2025-07-09 07:00:00+00:00,95.66,99.01,61.61
2025-07-09 08:00:00+00:00,84.68,90.97,20.99
2025-07-09 09:00:00+00:00,77.77,83.91,0.0
2025-07-09 10:00:00+00:00,65.67,69.9,11.68
2025-07-09 11:00:00+00:00,46.69,42.46,1.38
2025-07-09 12:00:00+00:00,37.78,36.0,0.0
2025-07-09 13:00:00+00:00,48.32,41.54,5.0
2025-07-09 14:00:00+00:00,71.13,76.83,2.93
2025-07-09 15:00:00+00:00,84.73,91.49,30.02
2025-07-09 16:00:00+00:00,99.01,103.7,64.28
2025-07-09 17:00:00+00:00,115.98,117.72,103.96
2025-07-09 18:00:00+00:00,135.34,140.6,111.23
2025-07-09 19:00:00+00:00,138.24,146.61,95.16
2025-07-09 20:00:00+00:00,119.79,122.0,115.91
2025-07-09 21:00:00+00:00,104.9,106.06,97.37
2025-07-09 22:00:00+00:00,100.91,100.91,100.91
2025-07-09 23:00:00+00:00,95.73,95.73,95.73
2025-07-10 00:00:00+00:00,89.1,89.1,89.1
2025-07-10 01:00:00+00:00,86.45,86.45,66.89
2025-07-10 02:00:00+00:00,87.97,87.97,48.68
2025-07-10 03:00:00+00:00,98.62,98.24,60.43
2025-07-10 04:00:00+00:00,107.61,108.11,86.3
2025-07-10 05:00:00+00:00,107.23,107.54,90.47
2025-07-10 06:00:00+00:00,105.35,107.23,91.42
2025-07-10 07:00:00+00:00,88.9,93.7,79.29
2025-07-10 08:00:00+00:00,82.0,87.77,33.45
2025-07-10 09:00:00+00:00,65.33,69.54,19.99
2025-07-10 10:00:00+00:00,45.22,45.39,40.5
2025-07-10 11:00:00+00:00,39.51,40.07,17.59
2025-07-10 12:00:00+00:00,39.55,39.9,11.9
2025-07-10 13:00:00+00:00,56.71,56.88,16.49
2025-07-10 14:00:00+00:00,76.8,76.8,39.27
2025-07-10 15:00:00+00:00,86.4,89.96,49.39
2025-07-10 16:00:00+00:00,100.2,100.2,70.21
2025-07-10 17:00:00+00:00,114.39,115.88,99.99
2025-07-10 18:00:00+00:00,134.67,137.2,110.04
2025-07-10 19:00:00+00:00,132.7,135.96,100.16
2025-07-10 20:00:00+00:00,120.88,121.83,111.0
2025-07-10 21:00:00+00:00,107.69,108.87,93.65
2025-07-10 22:00:00+00:00,104.75,108.81,73.12
2025-07-10 23:00:00+00:00,99.57,103.38,62.48
2025-07-11 00:00:00+00:00,95.0,99.28,51.1
2025-07-11 01:00:00+00:00,90.69,93.64,50.61
2025-07-11 02:00:00+00:00,91.53,94.16,44.16
2025-07-11 03:00:00+00:00,99.4,100.59,39.78
2025-07-11 04:00:00+00:00,107.41,109.99,56.01
2025-07-11 05:00:00+00:00,105.92,109.9,65.82
2025-07-11 06:00:00+00:00,105.18,112.43,57.2
2025-07-11 07:00:00+00:00,93.3,98.0,60.05
2025-07-11 08:00:00+00:00,82.9,90.14,50.0
2025-07-11 09:00:00+00:00,73.15,80.2,28.35
2025-07-11 10:00:00+00:00,63.82,75.43,39.46
2025-07-11 11:00:00+00:00,42.16,48.02,28.11
2025-07-11 12:00:00+00:00,32.04,32.04,32.04
2025-07-11 13:00:00+00:00,38.1,38.1,22.38
2025-07-11 14:00:00+00:00,59.55,63.97,30.7
2025-07-11 15:00:00+00:00,83.15,89.56,47.85
2025-07-11 16:00:00+00:00,86.44,90.76,66.57
2025-07-11 17:00:00+00:00,101.93,106.8,77.7
2025-07-11 18:00:00+00:00,117.5,125.55,71.92
2025-07-11 19:00:00+00:00,118.08,127.69,61.92
2025-07-11 20:00:00+00:00,113.8,116.28,98.93
2025-07-11 21:00:00+00:00,103.82,106.29,89.99
2025-07-11 22:00:00+00:00,112.23,114.79,100.0
2025-07-11 23:00:00+00:00,104.57,107.65,90.03
2025-07-12 00:00:00+00:00,103.68,107.89,82.67
2025-07-12 01:00:00+00:00,97.4,101.12,70.05
2025-07-12 02:00:00+00:00,93.33,97.43,63.95
2025-07-12 03:00:00+00:00,89.94,93.75,71.87
2025-07-12 04:00:00+00:00,85.27,88.46,69.45
2025-07-12 05:00:00+00:00,87.98,91.43,70.89
2025-07-12 06:00:00+00:00,83.8,93.69,65.6
2025-07-12 07:00:00+00:00,59.86,59.85,59.78
2025-07-12 08:00:00+00:00,18.19,18.19,18.19
2025-07-12 09:00:00+00:00,3.0,3.0,3.0
2025-07-12 10:00:00+00:00,0.22,0.22,0.22
2025-07-12 11:00:00+00:00,0.0,0.0,0.0
2025-07-12 12:00:00+00:00,0.0,0.0,0.0
2025-07-12 13:00:00+00:00,0.22,0.22,0.22
2025-07-12 14:00:00+00:00,19.73,16.77,13.68
2025-07-12 15:00:00+00:00,73.89,71.27,35.0
2025-07-12 16:00:00+00:00,106.2,102.0,50.08
2025-07-12 17:00:00+00:00,109.2,106.85,75.4
2025-07-12 18:00:00+00:00,120.0,120.0,107.75
2025-07-12 19:00:00+00:00,125.02,128.52,99.72
2025-07-12 20:00:00+00:00,125.0,126.14,117.17
2025-07-12 21:00:00+00:00,115.42,117.56,105.98
2025-07-12 22:00:00+00:00,115.35,118.35,95.66
2025-07-12 23:00:00+00:00,109.14,112.92,87.25
2025-07-13 00:00:00+00:00,108.42,114.53,74.89
2025-07-13 01:00:00+00:00,107.35,111.49,60.72
2025-07-13 02:00:00+00:00,104.64,110.37,55.25
2025-07-13 03:00:00+00:00,100.85,106.41,54.07
2025-07-13 04:00:00+00:00,95.8,99.9,51.09
2025-07-13 05:00:00+00:00,92.18,97.47,62.31
2025-07-13 06:00:00+00:00,87.94,92.27,55.0
2025-07-13 07:00:00+00:00,57.62,60.0,22.5
2025-07-13 08:00:00+00:00,4.28,4.28,4.28
2025-07-13 09:00:00+00:00,0.05,0.05,0.05
2025-07-13 10:00:00+00:00,0.0,0.0,0.0
2025-07-13 11:00:00+00:00,0.0,0.0,0.0
2025-07-13 12:00:00+00:00,0.0,0.0,0.0
2025-07-13 13:00:00+00:00,0.0,0.0,0.0
2025-07-13 14:00:00+00:00,2.36,2.59,1.0
2025-07-13 15:00:00+00:00,73.4,85.06,9.37
2025-07-13 16:00:00+00:00,100.61,101.65,30.39
2025-07-13 17:00:00+00:00,113.74,115.62,70.1
2025-07-13 18:00:00+00:00,120.0,120.21,107.69
2025-07-13 19:00:00+00:00,127.7,128.02,122.8
2025-07-13 20:00:00+00:00,126.94,126.94,126.94
2025-07-13 21:00:00+00:00,115.41,115.41,114.4
2025-07-13 22:00:00+00:00,114.02,117.1,85.26
2025-07-13 23:00:00+00:00,104.01,104.01,71.56
2025-07-14 00:00:00+00:00,98.17,98.17,49.28
2025-07-14 01:00:00+00:00,94.94,94.94,51.95
2025-07-14 02:00:00+00:00,99.32,99.11,41.39
2025-07-14 03:00:00+00:00,108.93,107.18,35.78
2025-07-14 04:00:00+00:00,117.87,119.15,40.19
2025-07-14 05:00:00+00:00,121.62,124.0,31.17
2025-07-14 06:00:00+00:00,112.06,112.21,28.27
2025-07-14 07:00:00+00:00,92.43,99.69,38.53
2025-07-14 08:00:00+00:00,84.58,94.58,37.05
2025-07-14 09:00:00+00:00,79.67,84.02,30.34
2025-07-14 10:00:00+00:00,70.98,68.0,34.06
2025-07-14 11:00:00+00:00,64.17,61.21,38.8
2025-07-14 12:00:00+00:00,57.15,54.22,31.49
2025-07-14 13:00:00+00:00,55.82,51.1,18.21
2025-07-14 14:00:00+00:00,71.1,66.0,27.09
2025-07-14 15:00:00+00:00,84.58,80.89,47.5
2025-07-14 16:00:00+00:00,98.94,96.1,54.14
2025-07-14 17:00:00+00:00,110.11,98.0,77.76
2025-07-14 18:00:00+00:00,139.99,116.13,86.23
2025-07-14 19:00:00+00:00,141.57,138.76,89.29
2025-07-14 20:00:00+00:00,126.14,125.12,117.84
2025-07-14 21:00:00+00:00,115.15,111.17,113.83
2025-07-14 22:00:00+00:00,106.1,99.9,76.77
2025-07-14 23:00:00+00:00,103.06,96.79,57.2
2025-07-15 00:00:00+00:00,93.86,90.24,63.01
2025-07-15 01:00:00+00:00,88.28,86.45,59.29
2025-07-15 02:00:00+00:00,87.12,85.1,54.1
2025-07-15 03:00:00+00:00,93.0,91.07,63.78
2025-07-15 04:00:00+00:00,110.33,103.52,69.52
2025-07-15 05:00:00+00:00,113.41,110.0,84.47
2025-07-15 06:00:00+00:00,106.86,105.55,94.16
2025-07-15 07:00:00+00:00,90.82,88.67,72.97
2025-07-15 08:00:00+00:00,77.67,71.53,30.5
2025-07-15 09:00:00+00:00,65.0,61.47,39.87
2025-07-15 10:00:00+00:00,59.19,17.0,46.2
2025-07-15 11:00:00+00:00,47.26,7.22,34.82
2025-07-15 12:00:00+00:00,40.2,13.15,25.8
2025-07-15 13:00:00+00:00,42.57,31.22,21.39
2025-07-15 14:00:00+00:00,65.0,58.14,20.82
2025-07-15 15:00:00+00:00,84.87,80.28,38.4
2025-07-15 16:00:00+00:00,101.54,96.91,44.77
2025-07-15 17:00:00+00:00,108.15,106.45,65.89
2025-07-15 18:00:00+00:00,119.78,119.66,74.46
2025-07-15 19:00:00+00:00,141.99,119.9,79.57
2025-07-15 20:00:00+00:00,121.28,115.71,100.79
2025-07-15 21:00:00+00:00,112.45,98.7,78.19
2025-07-15 22:00:00+00:00,97.63,95.83,74.97
2025-07-15 23:00:00+00:00,93.99,91.04,56.53
2025-07-16 00:00:00+00:00,86.67,84.0,55.26
2025-07-16 01:00:00+00:00,83.43,80.43,48.19
2025-07-16 02:00:00+00:00,84.26,80.96,44.71
2025-07-16 03:00:00+00:00,90.41,86.65,46.97
2025-07-16 04:00:00+00:00,105.74,101.12,52.33
2025-07-16 05:00:00+00:00,112.63,109.08,62.55
2025-07-16 06:00:00+00:00,111.92,109.09,75.2
2025-07-16 07:00:00+00:00,104.21,99.9,66.99
2025-07-16 08:00:00+00:00,89.8,82.65,42.63
2025-07-16 09:00:00+00:00,85.65,75.64,28.81
2025-07-16 10:00:00+00:00,81.96,78.01,53.6
2025-07-16 11:00:00+00:00,78.62,72.43,36.26
2025-07-16 12:00:00+00:00,68.06,62.85,33.25
2025-07-16 13:00:00+00:00,69.2,63.25,29.01
2025-07-16 14:00:00+00:00,80.86,73.51,39.76
2025-07-16 15:00:00+00:00,89.09,84.43,57.57
2025-07-16 16:00:00+00:00,95.49,98.65,79.1
2025-07-16 17:00:00+00:00,108.37,109.68,109.62
2025-07-16 18:00:00+00:00,119.72,120.8,122.84
2025-07-16 19:00:00+00:00,129.04,132.7,108.4
2025-07-16 20:00:00+00:00,120.71,121.28,117.4
2025-07-16 21:00:00+00:00,110.55,110.75,111.14
2025-07-16 22:00:00+00:00,103.76,103.91,104.23
2025-07-16 23:00:00+00:00,98.33,98.42,98.38
2025-07-17 00:00:00+00:00,89.96,90.04,90.1
2025-07-17 01:00:00+00:00,84.81,85.2,83.77
2025-07-17 02:00:00+00:00,85.76,86.49,82.12
2025-07-17 03:00:00+00:00,89.0,89.24,89.16
2025-07-17 04:00:00+00:00,104.05,104.36,87.05
2025-07-17 05:00:00+00:00,110.33,109.94,101.62
2025-07-17 06:00:00+00:00,105.92,105.92,105.92
2025-07-17 07:00:00+00:00,93.1,93.1,93.1
2025-07-17 08:00:00+00:00,85.0,85.0,85.0
2025-07-17 09:00:00+00:00,77.07,77.07,77.07
2025-07-17 10:00:00+00:00,70.17,70.17,70.17
2025-07-17 11:00:00+00:00,55.26,55.48,56.14
2025-07-17 12:00:00+00:00,49.78,50.23,51.21
2025-07-17 13:00:00+00:00,66.18,66.29,66.56
2025-07-17 14:00:00+00:00,74.79,75.29,76.81
2025-07-17 15:00:00+00:00,82.71,82.93,84.36
2025-07-17 16:00:00+00:00,94.98,96.59,91.52
2025-07-17 17:00:00+00:00,109.73,111.17,108.66
2025-07-17 18:00:00+00:00,120.75,122.01,121.41
2025-07-17 19:00:00+00:00,132.0,133.12,125.8
2025-07-17 20:00:00+00:00,125.07,125.07,125.07
2025-07-17 21:00:00+00:00,114.18,114.18,114.18
2025-07-17 22:00:00+00:00,106.8,107.74,100.97
2025-07-17 23:00:00+00:00,99.15,98.62,92.22
2025-07-18 00:00:00+00:00,95.36,95.72,91.21
2025-07-18 01:00:00+00:00,96.37,95.3,82.52
2025-07-18 02:00:00+00:00,98.66,97.06,78.45
2025-07-18 03:00:00+00:00,108.23,106.47,84.31
2025-07-18 04:00:00+00:00,115.92,112.66,90.32
2025-07-18 05:00:00+00:00,116.17,113.6,105.08
2025-07-18 06:00:00+00:00,109.39,109.39,109.39
2025-07-18 07:00:00+00:00,98.13,99.21,90.64
2025-07-18 08:00:00+00:00,84.98,85.63,80.0
2025-07-18 09:00:00+00:00,82.02,82.08,81.58
2025-07-18 10:00:00+00:00,80.0,80.0,80.0
2025-07-18 11:00:00+00:00,73.02,73.02,73.02
2025-07-18 12:00:00+00:00,71.2,71.2,71.2
2025-07-18 13:00:00+00:00,72.68,72.68,72.68
2025-07-18 14:00:00+00:00,79.99,80.55,79.4
2025-07-18 15:00:00+00:00,84.07,84.68,83.22
2025-07-18 16:00:00+00:00,99.92,99.78,93.97
2025-07-18 17:00:00+00:00,120.0,120.28,108.1
2025-07-18 18:00:00+00:00,146.55,146.55,110.0
2025-07-18 19:00:00+00:00,144.44,147.0,119.39
2025-07-18 20:00:00+00:00,125.88,126.88,119.19
2025-07-18 21:00:00+00:00,113.48,113.93,111.65
2025-07-18 22:00:00+00:00,107.6,107.6,98.8
2025-07-18 23:00:00+00:00,105.35,105.35,90.79
2025-07-19 00:00:00+00:00,103.19,102.66,79.71
2025-07-19 01:00:00+00:00,101.63,101.63,53.41
2025-07-19 02:00:00+00:00,98.38,98.38,49.57
2025-07-19 03:00:00+00:00,93.69,93.69,48.62
2025-07-19 04:00:00+00:00,98.39,96.29,47.99
2025-07-19 05:00:00+00:00,86.89,87.91,56.25
2025-07-19 06:00:00+00:00,78.89,82.52,56.62
2025-07-19 07:00:00+00:00,52.98,56.0,34.46
2025-07-19 08:00:00+00:00,10.0,10.0,10.0
2025-07-19 09:00:00+00:00,0.65,0.65,0.65
2025-07-19 10:00:00+00:00,0.0,0.0,0.0
2025-07-19 11:00:00+00:00,-0.01,-0.01,0.0
2025-07-19 12:00:00+00:00,0.0,0.0,0.0
2025-07-19 13:00:00+00:00,2.08,2.19,2.37
2025-07-19 14:00:00+00:00,29.33,31.84,18.82
2025-07-19 15:00:00+00:00,76.85,86.98,19.38
2025-07-19 16:00:00+00:00,98.4,98.4,30.16
2025-07-19 17:00:00+00:00,114.47,115.82,42.32
2025-07-19 18:00:00+00:00,112.87,121.26,72.92
2025-07-19 19:00:00+00:00,108.08,112.15,94.17
2025-07-19 20:00:00+00:00,105.63,106.27,106.8
2025-07-19 21:00:00+00:00,98.07,99.38,96.25
2025-07-19 22:00:00+00:00,91.29,83.76,51.61
2025-07-19 23:00:00+00:00,88.94,88.94,43.01
2025-07-20 00:00:00+00:00,89.27,98.53,25.5
2025-07-20 01:00:00+00:00,100.41,94.18,22.64
2025-07-20 02:00:00+00:00,101.7,101.7,21.83
2025-07-20 03:00:00+00:00,98.27,98.44,19.99
2025-07-20 04:00:00+00:00,97.2,97.2,16.32
2025-07-20 05:00:00+00:00,80.59,88.44,20.76
2025-07-20 06:00:00+00:00,77.86,88.2,3.6
2025-07-20 07:00:00+00:00,44.58,62.86,0.65
2025-07-20 08:00:00+00:00,9.04,14.47,0.0
2025-07-20 09:00:00+00:00,2.07,3.3,0.0
2025-07-20 10:00:00+00:00,0.0,0.0,0.0
2025-07-20 11:00:00+00:00,-0.01,-0.01,-0.01
2025-07-20 12:00:00+00:00,0.0,0.0,-0.01
2025-07-20 13:00:00+00:00,9.09,14.63,0.0
2025-07-20 14:00:00+00:00,69.33,69.33,3.08
2025-07-20 15:00:00+00:00,92.74,85.96,0.0
2025-07-20 16:00:00+00:00,100.26,107.03,5.99
2025-07-20 17:00:00+00:00,112.0,112.0,11.17
2025-07-20 18:00:00+00:00,116.0,116.0,43.81
2025-07-20 19:00:00+00:00,115.01,124.9,50.8
2025-07-20 20:00:00+00:00,114.85,120.88,78.33
2025-07-20 21:00:00+00:00,105.05,109.05,74.93
2025-07-20 22:00:00+00:00,87.08,92.0,58.02
2025-07-20 23:00:00+00:00,79.73,85.71,40.53
2025-07-21 00:00:00+00:00,83.48,87.71,26.72
2025-07-21 01:00:00+00:00,83.3,87.2,21.12
2025-07-21 02:00:00+00:00,83.49,84.12,17.88
2025-07-21 03:00:00+00:00,96.22,92.86,22.77
2025-07-21 04:00:00+00:00,113.96,103.88,22.08
2025-07-21 05:00:00+00:00,126.56,100.1,25.09
2025-07-21 06:00:00+00:00,123.91,95.29,19.41
2025-07-21 07:00:00+00:00,109.64,90.85,0.0
2025-07-21 08:00:00+00:00,105.99,69.95,0.0
2025-07-21 09:00:00+00:00,98.88,67.06,6.0
2025-07-21 10:00:00+00:00,84.9,74.01,15.23
2025-07-21 11:00:00+00:00,81.73,74.96,22.63
2025-07-21 12:00:00+00:00,85.79,78.62,17.22
2025-07-21 13:00:00+00:00,87.96,77.7,16.01
2025-07-21 14:00:00+00:00,90.95,83.1,8.93
2025-07-21 15:00:00+00:00,104.3,96.87,16.19
2025-07-21 16:00:00+00:00,105.82,103.44,21.61
2025-07-21 17:00:00+00:00,119.69,129.29,42.98
2025-07-21 18:00:00+00:00,123.25,135.43,29.33
2025-07-21 19:00:00+00:00,120.09,129.63,34.2
2025-07-21 20:00:00+00:00,108.76,111.07,55.35
2025-07-21 21:00:00+00:00,100.04,100.04,44.9
2025-07-21 22:00:00+00:00,92.79,94.74,81.13
2025-07-21 23:00:00+00:00,87.2,87.2,71.19
2025-07-22 00:00:00+00:00,85.48,85.48,67.28
2025-07-22 01:00:00+00:00,82.0,82.0,54.57
2025-07-22 02:00:00+00:00,81.0,81.0,46.63
2025-07-22 03:00:00+00:00,89.28,86.71,63.19
2025-07-22 04:00:00+00:00,108.8,105.69,79.07
2025-07-22 05:00:00+00:00,109.28,106.4,61.41
2025-07-22 06:00:00+00:00,102.49,106.3,76.26
2025-07-22 07:00:00+00:00,91.29,88.9,50.52
2025-07-22 08:00:00+00:00,81.73,78.32,28.86
2025-07-22 09:00:00+00:00,68.41,63.37,29.99
2025-07-22 10:00:00+00:00,39.63,38.26,27.67
2025-07-22 11:00:00+00:00,10.0,10.71,12.63
2025-07-22 12:00:00+00:00,0.17,0.45,4.18
2025-07-22 13:00:00+00:00,4.16,4.54,1.14
2025-07-22 14:00:00+00:00,36.9,36.99,27.05
2025-07-22 15:00:00+00:00,75.79,75.79,35.01
2025-07-22 16:00:00+00:00,88.98,87.55,69.07
2025-07-22 17:00:00+00:00,108.57,107.81,91.59
2025-07-22 18:00:00+00:00,112.56,113.33,113.92
2025-07-22 19:00:00+00:00,113.22,113.62,113.93
2025-07-22 20:00:00+00:00,108.48,108.63,109.1
2025-07-22 21:00:00+00:00,102.93,103.11,103.6
2025-07-22 22:00:00+00:00,87.65,87.96,89.79
2025-07-22 23:00:00+00:00,79.47,80.16,82.64
2025-07-23 00:00:00+00:00,78.5,78.66,80.94
2025-07-23 01:00:00+00:00,76.04,76.7,78.26
2025-07-23 02:00:00+00:00,77.69,78.0,77.83
2025-07-23 03:00:00+00:00,80.64,79.8,81.11
2025-07-23 04:00:00+00:00,91.35,91.82,90.87
2025-07-23 05:00:00+00:00,99.87,99.89,100.5
2025-07-23 06:00:00+00:00,96.5,96.5,96.5
2025-07-23 07:00:00+00:00,81.69,86.53,83.31
2025-07-23 08:00:00+00:00,67.3,85.07,76.4
2025-07-23 09:00:00+00:00,53.5,81.7,68.64
2025-07-23 10:00:00+00:00,33.72,71.47,61.97
2025-07-23 11:00:00+00:00,23.73,52.81,51.89
2025-07-23 12:00:00+00:00,26.82,54.0,44.88
2025-07-23 13:00:00+00:00,40.3,53.73,50.38
2025-07-23 14:00:00+00:00,67.81,68.82,71.63
2025-07-23 15:00:00+00:00,78.05,79.5,82.17
2025-07-23 16:00:00+00:00,86.07,88.56,92.17
2025-07-23 17:00:00+00:00,105.0,106.76,104.98
2025-07-23 18:00:00+00:00,112.98,114.7,111.63
2025-07-23 19:00:00+00:00,119.74,120.0,112.0
2025-07-23 20:00:00+00:00,110.54,110.72,109.96
2025-07-23 21:00:00+00:00,103.06,103.06,100.39
2025-07-23 22:00:00+00:00,97.82,97.5,96.24
2025-07-23 23:00:00+00:00,94.08,92.97,87.36
2025-07-24 00:00:00+00:00,89.29,88.06,81.88
2025-07-24 01:00:00+00:00,89.29,87.01,71.79
2025-07-24 02:00:00+00:00,93.45,89.83,63.27
2025-07-24 03:00:00+00:00,102.65,99.9,80.9
2025-07-24 04:00:00+00:00,112.05,109.22,85.62
2025-07-24 05:00:00+00:00,117.22,91.48,90.44
2025-07-24 06:00:00+00:00,110.4,94.9,103.04
2025-07-24 07:00:00+00:00,96.22,95.47,90.83
2025-07-24 08:00:00+00:00,89.17,86.58,70.9
2025-07-24 09:00:00+00:00,84.39,81.72,65.64
2025-07-24 10:00:00+00:00,82.17,80.6,71.05
2025-07-24 11:00:00+00:00,80.43,74.0,34.04
2025-07-24 12:00:00+00:00,82.05,74.42,28.0
2025-07-24 13:00:00+00:00,84.77,77.93,37.02
2025-07-24 14:00:00+00:00,93.34,83.81,26.53
2025-07-24 15:00:00+00:00,100.6,93.66,41.42
2025-07-24 16:00:00+00:00,109.2,104.0,74.72
2025-07-24 17:00:00+00:00,130.0,110.07,92.29
2025-07-24 18:00:00+00:00,154.16,147.56,87.93
2025-07-24 19:00:00+00:00,140.64,135.61,90.92
2025-07-24 20:00:00+00:00,118.38,117.4,109.19
2025-07-24 21:00:00+00:00,109.39,108.6,102.06
2025-07-24 22:00:00+00:00,111.27,109.21,88.69
2025-07-24 23:00:00+00:00,103.67,102.9,96.52
2025-07-25 00:00:00+00:00,97.05,94.9,78.48
2025-07-25 01:00:00+00:00,92.94,88.93,58.99
2025-07-25 02:00:00+00:00,96.97,91.71,51.97
2025-07-25 03:00:00+00:00,98.2,94.22,63.43
2025-07-25 04:00:00+00:00,108.87,106.1,77.97
2025-07-25 05:00:00+00:00,112.95,108.0,85.98
2025-07-25 06:00:00+00:00,110.85,110.11,98.35
2025-07-25 07:00:00+00:00,98.2,96.79,86.44
2025-07-25 08:00:00+00:00,94.08,90.1,62.4
2025-07-25 09:00:00+00:00,85.15,83.65,65.74
2025-07-25 10:00:00+00:00,83.09,81.35,59.01
2025-07-25 11:00:00+00:00,78.7,72.68,35.04
2025-07-25 12:00:00+00:00,76.31,68.32,16.2
2025-07-25 13:00:00+00:00,79.27,74.54,40.81
2025-07-25 14:00:00+00:00,81.09,76.92,46.49
2025-07-25 15:00:00+00:00,84.02,81.52,58.52
2025-07-25 16:00:00+00:00,90.45,88.85,63.23
2025-07-25 17:00:00+00:00,101.81,104.11,94.9
2025-07-25 18:00:00+00:00,109.28,117.44,85.0
2025-07-25 19:00:00+00:00,121.21,120.7,104.72
2025-07-25 20:00:00+00:00,112.6,114.0,105.0
2025-07-25 21:00:00+00:00,110.25,109.54,81.96
2025-07-25 22:00:00+00:00,106.76,109.17,96.27
2025-07-25 23:00:00+00:00,100.7,99.27,77.16
2025-07-26 00:00:00+00:00,97.73,93.73,66.28
2025-07-26 01:00:00+00:00,96.65,91.6,56.84
2025-07-26 02:00:00+00:00,96.45,90.08,46.4
2025-07-26 03:00:00+00:00,94.89,89.36,50.74
2025-07-26 04:00:00+00:00,97.13,92.39,57.33
2025-07-26 05:00:00+00:00,96.1,90.91,55.01
2025-07-26 06:00:00+00:00,87.96,84.68,41.05
2025-07-26 07:00:00+00:00,85.85,79.16,33.2
2025-07-26 08:00:00+00:00,79.59,71.41,17.69
2025-07-26 09:00:00+00:00,75.2,66.22,13.78
2025-07-26 10:00:00+00:00,66.42,59.22,18.0
2025-07-26 11:00:00+00:00,49.87,44.58,14.58
2025-07-26 12:00:00+00:00,50.09,44.02,8.67
2025-07-26 13:00:00+00:00,68.07,60.14,8.15
2025-07-26 14:00:00+00:00,74.81,66.37,5.98
2025-07-26 15:00:00+00:00,84.2,76.21,17.3
2025-07-26 16:00:00+00:00,98.2,89.44,27.13
2025-07-26 17:00:00+00:00,106.6,110.78,49.33
2025-07-26 18:00:00+00:00,121.95,121.95,65.29
2025-07-26 19:00:00+00:00,127.07,128.23,92.57
2025-07-26 20:00:00+00:00,116.72,119.76,100.0
2025-07-26 21:00:00+00:00,108.8,110.4,90.66
2025-07-26 22:00:00+00:00,104.64,106.28,60.5
2025-07-26 23:00:00+00:00,99.47,102.12,49.86
2025-07-27 00:00:00+00:00,95.01,99.9,48.9
2025-07-27 01:00:00+00:00,92.07,92.07,32.09
2025-07-27 02:00:00+00:00,91.99,91.99,37.92
2025-07-27 03:00:00+00:00,89.88,89.88,40.01
2025-07-27 04:00:00+00:00,88.79,88.79,40.16
2025-07-27 05:00:00+00:00,86.58,86.2,50.0
2025-07-27 06:00:00+00:00,83.76,86.45,32.34
2025-07-27 07:00:00+00:00,81.71,85.64,23.69
2025-07-27 08:00:00+00:00,75.91,71.98,14.77
2025-07-27 09:00:00+00:00,70.52,68.0,33.17
2025-07-27 10:00:00+00:00,45.93,44.94,31.66
2025-07-27 11:00:00+00:00,15.04,15.04,15.04
2025-07-27 12:00:00+00:00,8.85,8.85,8.85
2025-07-27 13:00:00+00:00,17.3,17.3,12.93
2025-07-27 14:00:00+00:00,45.74,48.1,16.14
2025-07-27 15:00:00+00:00,82.36,80.0,24.0
2025-07-27 16:00:00+00:00,95.66,92.68,23.3
2025-07-27 17:00:00+00:00,102.47,104.67,35.32
2025-07-27 18:00:00+00:00,107.95,109.9,40.0
2025-07-27 19:00:00+00:00,114.71,114.71,62.67
2025-07-27 20:00:00+00:00,107.33,107.33,88.64
2025-07-27 21:00:00+00:00,102.69,104.27,66.95
2025-07-27 22:00:00+00:00,100.0,100.0,62.29
2025-07-27 23:00:00+00:00,88.77,88.77,55.75
2025-07-28 00:00:00+00:00,83.5,83.73,48.95
2025-07-28 01:00:00+00:00,79.67,77.39,19.96
2025-07-28 02:00:00+00:00,79.51,76.0,38.0
2025-07-28 03:00:00+00:00,89.52,84.34,45.07
2025-07-28 04:00:00+00:00,108.88,98.62,50.0
2025-07-28 05:00:00+00:00,121.97,108.91,56.23
2025-07-28 06:00:00+00:00,118.37,112.0,63.71
2025-07-28 07:00:00+00:00,105.45,92.97,30.0
2025-07-28 08:00:00+00:00,97.25,85.34,20.59
2025-07-28 09:00:00+00:00,90.96,79.41,22.49
2025-07-28 10:00:00+00:00,81.79,71.49,21.87
2025-07-28 11:00:00+00:00,77.52,67.24,20.22
2025-07-28 12:00:00+00:00,68.33,58.0,11.17
2025-07-28 13:00:00+00:00,73.97,62.84,10.87
2025-07-28 14:00:00+00:00,77.28,66.03,14.35
2025-07-28 15:00:00+00:00,88.12,77.31,22.97
2025-07-28 16:00:00+00:00,97.2,89.33,44.3
2025-07-28 17:00:00+00:00,103.59,99.9,60.11
2025-07-28 18:00:00+00:00,114.14,120.0,60.0
2025-07-28 19:00:00+00:00,114.34,119.9,74.98
2025-07-28 20:00:00+00:00,105.26,107.55,88.54
2025-07-28 21:00:00+00:00,92.43,90.0,63.25
2025-07-28 22:00:00+00:00,87.51,85.21,50.68
2025-07-28 23:00:00+00:00,84.1,80.48,37.97
2025-07-29 00:00:00+00:00,82.9,79.36,34.78
2025-07-29 01:00:00+00:00,82.1,78.22,32.0
2025-07-29 02:00:00+00:00,83.89,79.29,22.98
2025-07-29 03:00:00+00:00,92.88,88.36,34.78
2025-07-29 04:00:00+00:00,101.07,100.6,45.0
2025-07-29 05:00:00+00:00,109.25,110.0,50.0
2025-07-29 06:00:00+00:00,99.02,103.2,49.45
2025-07-29 07:00:00+00:00,80.2,76.72,35.61
2025-07-29 08:00:00+00:00,66.37,61.66,11.73
2025-07-29 09:00:00+00:00,54.0,50.59,25.25
2025-07-29 10:00:00+00:00,25.6,25.7,25.92
2025-07-29 11:00:00+00:00,4.34,4.32,5.34
2025-07-29 12:00:00+00:00,1.07,1.49,3.78
2025-07-29 13:00:00+00:00,6.2,6.74,8.51
2025-07-29 14:00:00+00:00,44.41,42.5,22.87
2025-07-29 15:00:00+00:00,78.24,76.0,51.53
2025-07-29 16:00:00+00:00,94.81,91.4,48.97
2025-07-29 17:00:00+00:00,105.32,111.18,72.14
2025-07-29 18:00:00+00:00,123.56,134.86,57.58
2025-07-29 19:00:00+00:00,126.01,129.9,98.0
2025-07-29 20:00:00+00:00,111.94,113.12,103.27
2025-07-29 21:00:00+00:00,102.07,104.59,84.13
2025-07-29 22:00:00+00:00,94.92,92.16,54.44
2025-07-29 23:00:00+00:00,90.88,87.99,50.92
2025-07-30 00:00:00+00:00,86.93,86.0,43.75
2025-07-30 01:00:00+00:00,83.24,77.18,38.48
2025-07-30 02:00:00+00:00,84.89,78.25,32.55
2025-07-30 03:00:00+00:00,94.72,87.65,38.48
2025-07-30 04:00:00+00:00,100.38,96.46,45.51
2025-07-30 05:00:00+00:00,97.47,95.05,72.96
2025-07-30 06:00:00+00:00,93.88,98.31,57.38
2025-07-30 07:00:00+00:00,79.02,82.55,46.74
2025-07-30 08:00:00+00:00,63.29,63.29,33.59
2025-07-30 09:00:00+00:00,40.43,40.37,39.88
2025-07-30 10:00:00+00:00,24.79,24.79,24.79
2025-07-30 11:00:00+00:00,17.69,17.69,17.69
2025-07-30 12:00:00+00:00,10.7,10.7,10.7
2025-07-30 13:00:00+00:00,28.03,27.4,24.21
2025-07-30 14:00:00+00:00,45.61,41.31,19.89
2025-07-30 15:00:00+00:00,75.68,69.19,31.06
2025-07-30 16:00:00+00:00,93.97,87.18,40.75
2025-07-30 17:00:00+00:00,101.86,105.0,69.55
2025-07-30 18:00:00+00:00,109.07,115.55,77.99
2025-07-30 19:00:00+00:00,109.0,111.06,101.49
2025-07-30 20:00:00+00:00,104.0,104.15,104.36
2025-07-30 21:00:00+00:00,92.41,93.03,92.18
2025-07-30 22:00:00+00:00,88.93,89.47,90.0
2025-07-30 23:00:00+00:00,82.11,83.48,77.37
2025-07-31 00:00:00+00:00,79.0,79.95,71.07
2025-07-31 01:00:00+00:00,77.27,79.52,58.38
2025-07-31 02:00:00+00:00,78.51,78.51,57.75
2025-07-31 03:00:00+00:00,85.43,83.24,59.01
2025-07-31 04:00:00+00:00,98.14,100.75,81.96
2025-07-31 05:00:00+00:00,100.46,100.51,100.46
2025-07-31 06:00:00+00:00,94.09,94.29,91.55
2025-07-31 07:00:00+00:00,88.91,93.9,51.31
2025-07-31 08:00:00+00:00,74.17,74.17,30.5
2025-07-31 09:00:00+00:00,70.04,65.84,23.92
2025-07-31 10:00:00+00:00,61.15,58.0,29.01
2025-07-31 11:00:00+00:00,48.05,43.55,23.5
2025-07-31 12:00:00+00:00,35.06,33.4,25.26
2025-07-31 13:00:00+00:00,55.07,50.58,28.5
2025-07-31 14:00:00+00:00,72.43,68.3,30.0
2025-07-31 15:00:00+00:00,84.56,84.56,42.11
2025-07-31 16:00:00+00:00,96.9,96.82,64.24
2025-07-31 17:00:00+00:00,111.92,116.17,86.71
2025-07-31 18:00:00+00:00,128.27,131.93,107.99
2025-07-31 19:00:00+00:00,125.11,126.71,114.45
2025-07-31 20:00:00+00:00,114.16,114.77,110.27
2025-07-31 21:00:00+00:00,102.79,103.41,98.32
2025-07-31 22:00:00+00:00,105.31,105.47,102.22
2025-07-31 23:00:00+00:00,98.54,98.54,93.47
2025-08-01 00:00:00+00:00,92.15,92.15,81.0
2025-08-01 01:00:00+00:00,89.17,89.01,72.55
2025-08-01 02:00:00+00:00,94.21,90.67,63.98
2025-08-01 03:00:00+00:00,100.58,97.56,73.6
2025-08-01 04:00:00+00:00,106.69,104.3,83.14
2025-08-01 05:00:00+00:00,110.71,108.0,100.62
2025-08-01 06:00:00+00:00,106.64,106.64,100.0
2025-08-01 07:00:00+00:00,103.67,103.67,65.06
2025-08-01 08:00:00+00:00,97.95,97.95,45.81
2025-08-01 09:00:00+00:00,84.1,84.1,35.08
2025-08-01 10:00:00+00:00,77.05,69.76,31.87
2025-08-01 11:00:00+00:00,61.97,55.76,25.06
2025-08-01 12:00:00+00:00,49.06,44.25,20.01
2025-08-01 13:00:00+00:00,49.1,43.21,13.43
2025-08-01 14:00:00+00:00,69.93,62.23,17.42
2025-08-01 15:00:00+00:00,83.59,76.58,27.47
2025-08-01 16:00:00+00:00,96.45,90.1,44.8
2025-08-01 17:00:00+00:00,109.51,109.51,70.12
2025-08-01 18:00:00+00:00,119.23,118.13,87.34
2025-08-01 19:00:00+00:00,117.51,117.51,103.02
2025-08-01 20:00:00+00:00,110.72,110.72,102.52
2025-08-01 21:00:00+00:00,102.73,102.73,95.41
2025-08-01 22:00:00+00:00,104.47,104.06,97.8
2025-08-01 23:00:00+00:00,100.32,98.54,77.08
2025-08-02 00:00:00+00:00,97.79,94.88,65.27
2025-08-02 01:00:00+00:00,92.16,87.94,49.56
2025-08-02 02:00:00+00:00,91.29,87.03,43.33
2025-08-02 03:00:00+00:00,90.77,86.4,44.29
2025-08-02 04:00:00+00:00,89.67,86.96,51.08
2025-08-02 05:00:00+00:00,84.7,80.78,49.81
2025-08-02 06:00:00+00:00,78.4,75.51,37.33
2025-08-02 07:00:00+00:00,65.68,59.76,23.91
2025-08-02 08:00:00+00:00,31.09,28.59,16.54
2025-08-02 09:00:00+00:00,5.68,5.68,5.68
2025-08-02 10:00:00+00:00,2.95,2.95,2.95
2025-08-02 11:00:00+00:00,0.0,0.0,0.0
2025-08-02 12:00:00+00:00,0.0,0.0,0.0
2025-08-02 13:00:00+00:00,0.0,0.0,0.0
2025-08-02 14:00:00+00:00,5.3,4.44,0.0
2025-08-02 15:00:00+00:00,60.69,52.46,8.59
2025-08-02 16:00:00+00:00,91.32,83.08,34.31
2025-08-02 17:00:00+00:00,102.0,108.91,65.01
2025-08-02 18:00:00+00:00,109.49,116.15,74.53
2025-08-02 19:00:00+00:00,108.42,110.0,99.64
2025-08-02 20:00:00+00:00,104.34,105.22,99.64
2025-08-02 21:00:00+00:00,95.0,97.58,80.5
2025-08-02 22:00:00+00:00,85.09,85.82,80.4
2025-08-02 23:00:00+00:00,77.52,77.52,69.26
2025-08-03 00:00:00+00:00,71.95,73.53,42.96
2025-08-03 01:00:00+00:00,68.14,65.97,37.38
2025-08-03 02:00:00+00:00,65.77,62.72,30.02
2025-08-03 03:00:00+00:00,59.98,59.98,30.2
2025-08-03 04:00:00+00:00,46.8,46.8,32.03
2025-08-03 05:00:00+00:00,26.0,32.0,26.28
2025-08-03 06:00:00+00:00,6.16,6.16,6.16
2025-08-03 07:00:00+00:00,0.0,0.0,0.0
2025-08-03 08:00:00+00:00,-1.01,-1.01,-1.01
2025-08-03 09:00:00+00:00,-2.1,-2.1,-2.1
2025-08-03 10:00:00+00:00,-3.0,-3.0,-3.0
2025-08-03 11:00:00+00:00,-9.9,-9.9,-9.9
2025-08-03 12:00:00+00:00,-10.08,-10.08,-10.08
2025-08-03 13:00:00+00:00,-4.98,-4.98,-4.98
2025-08-03 14:00:00+00:00,-1.5,-1.5,-1.49
2025-08-03 15:00:00+00:00,3.61,3.16,-0.01
2025-08-03 16:00:00+00:00,71.13,66.2,12.51
2025-08-03 17:00:00+00:00,88.13,93.06,40.0
2025-08-03 18:00:00+00:00,97.87,100.86,78.2
2025-08-03 19:00:00+00:00,95.99,96.07,96.13
2025-08-03 20:00:00+00:00,97.3,97.34,97.4
2025-08-03 21:00:00+00:00,85.09,85.09,85.09
2025-08-03 22:00:00+00:00,81.05,81.05,80.99
2025-08-03 23:00:00+00:00,70.07,70.07,70.07
2025-08-04 00:00:00+00:00,69.97,69.97,69.97
2025-08-04 01:00:00+00:00,70.62,74.22,63.8
2025-08-04 02:00:00+00:00,74.03,75.69,61.78
2025-08-04 03:00:00+00:00,82.94,85.45,65.7
2025-08-04 04:00:00+00:00,95.12,98.08,74.33
2025-08-04 05:00:00+00:00,102.72,106.76,78.83
2025-08-04 06:00:00+00:00,101.44,105.06,78.43
2025-08-04 07:00:00+00:00,97.05,100.92,52.57
2025-08-04 08:00:00+00:00,80.05,78.36,30.0
2025-08-04 09:00:00+00:00,56.33,49.54,13.75
2025-08-04 10:00:00+00:00,14.84,13.41,6.76
2025-08-04 11:00:00+00:00,4.05,4.05,4.05
2025-08-04 12:00:00+00:00,0.66,0.65,0.65
2025-08-04 13:00:00+00:00,0.02,0.02,0.0
2025-08-04 14:00:00+00:00,22.09,11.19,5.79
2025-08-04 15:00:00+00:00,67.24,38.28,7.28
2025-08-04 16:00:00+00:00,80.91,65.08,38.94
2025-08-04 17:00:00+00:00,84.54,83.64,63.7
2025-08-04 18:00:00+00:00,80.21,80.56,70.25
2025-08-04 19:00:00+00:00,72.7,73.79,74.0
2025-08-04 20:00:00+00:00,66.63,67.05,67.14
2025-08-04 21:00:00+00:00,47.69,48.59,49.4
2025-08-04 22:00:00+00:00,21.52,20.0,8.46
2025-08-04 23:00:00+00:00,15.34,13.15,-0.07
2025-08-05 00:00:00+00:00,15.9,13.62,-0.01
2025-08-05 01:00:00+00:00,23.96,20.46,-0.06
2025-08-05 02:00:00+00:00,54.47,46.56,-0.25
2025-08-05 03:00:00+00:00,76.19,67.84,-0.11
2025-08-05 04:00:00+00:00,92.25,82.81,0.02
2025-08-05 05:00:00+00:00,92.08,82.72,2.77
2025-08-05 06:00:00+00:00,74.74,63.04,0.0
2025-08-05 07:00:00+00:00,3.89,3.51,-0.03
2025-08-05 08:00:00+00:00,-0.21,-1.5,-2.78
2025-08-05 09:00:00+00:00,-2.01,-6.0,-3.54
2025-08-05 10:00:00+00:00,-4.94,-12.22,-9.65
2025-08-05 11:00:00+00:00,-9.5,-29.09,-24.02
2025-08-05 12:00:00+00:00,-11.83,-21.97,-19.5
2025-08-05 13:00:00+00:00,-9.92,-12.66,-14.94
2025-08-05 14:00:00+00:00,-5.07,-11.2,-14.44
2025-08-05 15:00:00+00:00,-0.52,-1.73,-0.02
2025-08-05 16:00:00+00:00,1.07,0.87,3.0
2025-08-05 17:00:00+00:00,72.48,71.04,46.4
2025-08-05 18:00:00+00:00,89.97,89.24,73.5
2025-08-05 19:00:00+00:00,107.15,104.27,82.56
2025-08-05 20:00:00+00:00,87.18,97.25,88.22
2025-08-05 21:00:00+00:00,81.0,84.0,74.95
2025-08-05 22:00:00+00:00,75.13,81.0,75.63
2025-08-05 23:00:00+00:00,59.89,58.07,40.07
2025-08-06 00:00:00+00:00,60.76,58.36,34.8
2025-08-06 01:00:00+00:00,61.01,58.43,31.1
2025-08-06 02:00:00+00:00,60.35,58.65,41.95
2025-08-06 03:00:00+00:00,81.7,93.41,47.55
2025-08-06 04:00:00+00:00,103.77,109.9,51.35
2025-08-06 05:00:00+00:00,102.94,105.9,78.89
2025-08-06 06:00:00+00:00,83.94,93.46,83.19
2025-08-06 07:00:00+00:00,27.74,32.03,29.71
2025-08-06 08:00:00+00:00,-0.01,-0.01,-0.01
2025-08-06 09:00:00+00:00,-2.05,-2.0,-0.76
2025-08-06 10:00:00+00:00,-8.47,-6.83,-0.02
2025-08-06 11:00:00+00:00,-11.79,-11.0,-0.02
2025-08-06 12:00:00+00:00,-6.0,-6.0,-1.02
2025-08-06 13:00:00+00:00,-3.11,-3.08,-0.03
2025-08-06 14:00:00+00:00,-1.01,2.13,3.18
2025-08-06 15:00:00+00:00,52.15,52.12,52.0
2025-08-06 16:00:00+00:00,97.19,97.37,80.32
2025-08-06 17:00:00+00:00,113.7,112.91,106.22
2025-08-06 18:00:00+00:00,170.16,165.36,114.64
2025-08-06 19:00:00+00:00,157.08,158.21,117.02
2025-08-06 20:00:00+00:00,110.0,110.0,110.0
2025-08-06 21:00:00+00:00,101.6,101.6,90.54
2025-08-06 22:00:00+00:00,97.58,97.58,88.42
2025-08-06 23:00:00+00:00,97.04,94.0,61.2
2025-08-07 00:00:00+00:00,91.44,88.13,44.63
2025-08-07 01:00:00+00:00,88.79,83.38,52.66
2025-08-07 02:00:00+00:00,88.93,82.07,46.6
2025-08-07 03:00:00+00:00,92.85,84.87,41.73
2025-08-07 04:00:00+00:00,107.46,99.45,42.97
2025-08-07 05:00:00+00:00,106.5,101.92,71.97
2025-08-07 06:00:00+00:00,100.48,94.67,77.02
2025-08-07 07:00:00+00:00,77.63,74.53,71.65
2025-08-07 08:00:00+00:00,22.23,22.22,22.23
2025-08-07 09:00:00+00:00,0.0,0.0,0.0
2025-08-07 10:00:00+00:00,-0.12,-0.1,-0.01
2025-08-07 11:00:00+00:00,-1.99,-1.89,-0.02
2025-08-07 12:00:00+00:00,-0.29,-0.21,-0.07
2025-08-07 13:00:00+00:00,-0.01,-0.01,-0.01
2025-08-07 14:00:00+00:00,2.0,2.05,3.81
2025-08-07 15:00:00+00:00,65.59,64.08,48.97
2025-08-07 16:00:00+00:00,94.23,91.58,70.0
2025-08-07 17:00:00+00:00,111.95,106.0,101.53
2025-08-07 18:00:00+00:00,141.94,112.34,115.42
2025-08-07 19:00:00+00:00,127.5,126.34,110.74
2025-08-07 20:00:00+00:00,110.0,110.0,110.0
2025-08-07 21:00:00+00:00,101.28,101.28,101.28
2025-08-07 22:00:00+00:00,93.9,91.0,72.13
2025-08-07 23:00:00+00:00,89.49,87.92,64.44
2025-08-08 00:00:00+00:00,86.13,84.64,53.67
2025-08-08 01:00:00+00:00,82.66,81.0,47.28
2025-08-08 02:00:00+00:00,81.45,80.88,52.29
2025-08-08 03:00:00+00:00,91.14,89.55,70.28
2025-08-08 04:00:00+00:00,100.43,100.43,73.0
2025-08-08 05:00:00+00:00,103.05,103.05,84.5
2025-08-08 06:00:00+00:00,109.14,108.11,78.69
2025-08-08 07:00:00+00:00,89.9,89.9,68.65
2025-08-08 08:00:00+00:00,66.0,66.0,41.13
2025-08-08 09:00:00+00:00,8.39,8.39,8.46
2025-08-08 10:00:00+00:00,0.0,0.0,0.0
2025-08-08 11:00:00+00:00,-0.01,-0.01,-0.01
2025-08-08 12:00:00+00:00,-0.02,-0.02,-0.02
2025-08-08 13:00:00+00:00,-0.01,-0.01,-0.01
2025-08-08 14:00:00+00:00,10.49,10.49,10.49
2025-08-08 15:00:00+00:00,71.74,70.1,49.77
2025-08-08 16:00:00+00:00,103.86,101.44,68.62
2025-08-08 17:00:00+00:00,113.97,113.56,104.07
2025-08-08 18:00:00+00:00,144.62,144.62,96.16
2025-08-08 19:00:00+00:00,151.51,151.51,77.17
2025-08-08 20:00:00+00:00,121.59,121.59,85.7
2025-08-08 21:00:00+00:00,108.46,108.46,86.2
2025-08-08 22:00:00+00:00,101.93,101.08,86.26
2025-08-08 23:00:00+00:00,100.43,97.98,70.13
2025-08-09 00:00:00+00:00,99.94,96.16,54.77
2025-08-09 01:00:00+00:00,97.8,92.93,42.0
2025-08-09 02:00:00+00:00,96.87,92.05,41.4
2025-08-09 03:00:00+00:00,97.01,92.63,44.03
2025-08-09 04:00:00+00:00,97.26,96.1,50.95
2025-08-09 05:00:00+00:00,93.45,90.06,47.81
2025-08-09 06:00:00+00:00,70.19,69.75,46.33
2025-08-09 07:00:00+00:00,15.34,15.34,15.34
2025-08-09 08:00:00+00:00,-0.02,-0.02,-0.02
2025-08-09 09:00:00+00:00,-1.0,-1.0,-1.0
2025-08-09 10:00:00+00:00,-6.63,-6.0,-0.02
2025-08-09 11:00:00+00:00,-15.14,-20.0,-4.74
2025-08-09 12:00:00+00:00,-15.37,-20.14,-7.75
2025-08-09 13:00:00+00:00,-4.1,-4.29,-3.96
2025-08-09 14:00:00+00:00,-0.04,-0.05,-0.05
2025-08-09 15:00:00+00:00,6.29,3.55,3.52
2025-08-09 16:00:00+00:00,85.9,81.0,28.61
2025-08-09 17:00:00+00:00,104.2,101.43,69.99
2025-08-09 18:00:00+00:00,127.62,123.36,85.71
2025-08-09 19:00:00+00:00,119.31,116.41,78.95
2025-08-09 20:00:00+00:00,107.89,106.23,86.33
2025-08-09 21:00:00+00:00,94.97,96.63,78.91
2025-08-09 22:00:00+00:00,84.79,85.87,77.88
2025-08-09 23:00:00+00:00,83.23,85.69,67.28
2025-08-10 00:00:00+00:00,83.1,86.97,58.05
2025-08-10 01:00:00+00:00,77.95,82.39,49.32
2025-08-10 02:00:00+00:00,80.68,86.0,46.22
2025-08-10 03:00:00+00:00,83.69,89.51,46.01
2025-08-10 04:00:00+00:00,82.27,88.11,42.41
2025-08-10 05:00:00+00:00,74.7,78.55,49.65
2025-08-10 06:00:00+00:00,26.36,28.8,26.87
2025-08-10 07:00:00+00:00,-0.01,-0.01,-0.01
2025-08-10 08:00:00+00:00,-3.11,-2.64,-2.26
2025-08-10 09:00:00+00:00,-15.6,-15.6,-15.6
2025-08-10 10:00:00+00:00,-40.03,-55.67,-14.05
2025-08-10 11:00:00+00:00,-61.08,-64.79,-36.19
2025-08-10 12:00:00+00:00,-50.94,-51.02,-50.29
2025-08-10 13:00:00+00:00,-22.12,-20.57,-21.0
2025-08-10 14:00:00+00:00,-1.21,-1.2,-1.16
2025-08-10 15:00:00+00:00,2.13,2.13,1.72
2025-08-10 16:00:00+00:00,82.64,77.79,26.5
2025-08-10 17:00:00+00:00,108.55,105.49,80.5
2025-08-10 18:00:00+00:00,118.95,121.51,98.01
2025-08-10 19:00:00+00:00,122.45,122.45,96.14
2025-08-10 20:00:00+00:00,106.98,106.43,90.59
2025-08-10 21:00:00+00:00,98.9,99.45,75.57
2025-08-10 22:00:00+00:00,99.82,96.0,34.57
2025-08-10 23:00:00+00:00,91.97,90.58,31.08
2025-08-11 00:00:00+00:00,87.44,86.0,41.46
2025-08-11 01:00:00+00:00,85.19,85.02,36.32
2025-08-11 02:00:00+00:00,92.85,89.44,38.25
2025-08-11 03:00:00+00:00,103.51,97.24,40.37
2025-08-11 04:00:00+00:00,129.22,128.95,39.06
2025-08-11 05:00:00+00:00,133.49,132.65,34.4
2025-08-11 06:00:00+00:00,105.35,106.19,50.14
2025-08-11 07:00:00+00:00,90.75,91.13,58.34
2025-08-11 08:00:00+00:00,50.0,49.62,45.0
2025-08-11 09:00:00+00:00,2.54,2.54,2.54
2025-08-11 10:00:00+00:00,0.0,0.0,0.0
2025-08-11 11:00:00+00:00,0.0,0.0,0.0
2025-08-11 12:00:00+00:00,0.0,0.0,0.0
2025-08-11 13:00:00+00:00,9.0,9.0,9.0
2025-08-11 14:00:00+00:00,56.14,54.55,44.5
2025-08-11 15:00:00+00:00,92.25,88.65,57.97
2025-08-11 16:00:00+00:00,108.26,106.26,90.0
2025-08-11 17:00:00+00:00,154.0,149.82,118.68
2025-08-11 18:00:00+00:00,191.95,185.0,135.09
2025-08-11 19:00:00+00:00,138.88,138.86,138.94
2025-08-11 20:00:00+00:00,108.87,108.87,108.87
2025-08-11 21:00:00+00:00,96.0,96.0,96.0
2025-08-11 22:00:00+00:00,93.0,93.0,93.0
2025-08-11 23:00:00+00:00,89.67,89.67,89.67
2025-08-12 00:00:00+00:00,85.41,85.41,85.41
2025-08-12 01:00:00+00:00,85.13,84.09,79.06
2025-08-12 02:00:00+00:00,86.48,83.48,69.67
2025-08-12 03:00:00+00:00,93.97,88.87,66.34
2025-08-12 04:00:00+00:00,106.91,101.51,75.52
2025-08-12 05:00:00+00:00,104.63,101.96,102.81
2025-08-12 06:00:00+00:00,98.71,98.64,98.69
2025-08-12 07:00:00+00:00,92.49,92.74,92.5
2025-08-12 08:00:00+00:00,79.53,79.35,66.34
2025-08-12 09:00:00+00:00,40.41,40.0,40.94
2025-08-12 10:00:00+00:00,8.38,8.38,8.38
2025-08-12 11:00:00+00:00,3.0,3.0,3.0
2025-08-12 12:00:00+00:00,5.15,5.15,5.15
2025-08-12 13:00:00+00:00,35.05,35.05,35.05
2025-08-12 14:00:00+00:00,73.12,71.89,63.8
2025-08-12 15:00:00+00:00,94.06,95.0,85.82
2025-08-12 16:00:00+00:00,106.1,101.03,96.78
2025-08-12 17:00:00+00:00,149.31,149.44,143.64
2025-08-12 18:00:00+00:00,156.16,155.65,154.93
2025-08-12 19:00:00+00:00,140.4,140.35,140.81
2025-08-12 20:00:00+00:00,114.07,114.07,118.41
2025-08-12 21:00:00+00:00,97.73,94.0,100.37
2025-08-12 22:00:00+00:00,95.72,91.76,98.18
2025-08-12 23:00:00+00:00,90.0,90.0,90.0
2025-08-13 00:00:00+00:00,86.89,86.89,86.89
2025-08-13 01:00:00+00:00,84.71,84.71,84.71
2025-08-13 02:00:00+00:00,87.07,87.07,87.07
2025-08-13 03:00:00+00:00,93.3,93.24,92.76
2025-08-13 04:00:00+00:00,108.87,108.01,105.0
2025-08-13 05:00:00+00:00,107.52,106.99,103.24
2025-08-13 06:00:00+00:00,105.87,105.95,105.79
2025-08-13 07:00:00+00:00,93.6,92.8,94.1
2025-08-13 08:00:00+00:00,89.26,87.77,90.0
2025-08-13 09:00:00+00:00,68.2,67.97,71.0
2025-08-13 10:00:00+00:00,44.29,44.52,63.48
2025-08-13 11:00:00+00:00,27.89,29.18,47.01
2025-08-13 12:00:00+00:00,41.66,40.37,42.99
2025-08-13 13:00:00+00:00,70.9,70.9,70.9
2025-08-13 14:00:00+00:00,84.3,84.3,84.3
2025-08-13 15:00:00+00:00,96.64,96.64,96.64
2025-08-13 16:00:00+00:00,115.34,115.31,115.78
2025-08-13 17:00:00+00:00,193.3,186.98,150.09
2025-08-13 18:00:00+00:00,226.64,226.46,155.1
2025-08-13 19:00:00+00:00,154.52,154.69,153.0
2025-08-13 20:00:00+00:00,123.21,123.21,123.21
2025-08-13 21:00:00+00:00,106.27,106.27,106.27
2025-08-13 22:00:00+00:00,98.1,98.1,98.1
2025-08-13 23:00:00+00:00,92.0,92.0,92.0
2025-08-14 00:00:00+00:00,88.45,88.45,88.45
2025-08-14 01:00:00+00:00,88.2,87.34,81.83
2025-08-14 02:00:00+00:00,88.53,87.84,82.71
2025-08-14 03:00:00+00:00,97.52,95.08,79.59
2025-08-14 04:00:00+00:00,107.94,104.94,84.89
2025-08-14 05:00:00+00:00,109.92,107.53,103.11
2025-08-14 06:00:00+00:00,99.51,99.47,99.31
2025-08-14 07:00:00+00:00,91.1,91.06,90.92
2025-08-14 08:00:00+00:00,81.26,81.22,76.66
2025-08-14 09:00:00+00:00,67.57,67.41,67.4
2025-08-14 10:00:00+00:00,54.09,53.87,54.01
2025-08-14 11:00:00+00:00,41.02,40.99,40.91
2025-08-14 12:00:00+00:00,54.9,54.9,54.9
2025-08-14 13:00:00+00:00,69.43,69.43,69.43
2025-08-14 14:00:00+00:00,78.99,78.99,78.99
2025-08-14 15:00:00+00:00,97.22,95.79,84.63
2025-08-14 16:00:00+00:00,115.54,114.1,102.0
2025-08-14 17:00:00+00:00,233.8,220.27,115.78
2025-08-14 18:00:00+00:00,283.89,275.26,137.99
2025-08-14 19:00:00+00:00,155.84,157.56,142.01
2025-08-14 20:00:00+00:00,120.71,120.72,120.75
2025-08-14 21:00:00+00:00,105.95,105.95,105.95
2025-08-14 22:00:00+00:00,99.59,98.42,90.52
2025-08-14 23:00:00+00:00,98.97,96.46,83.53
2025-08-15 00:00:00+00:00,93.9,93.82,79.41
2025-08-15 01:00:00+00:00,90.33,90.42,68.47
2025-08-15 02:00:00+00:00,92.0,92.86,76.09
2025-08-15 03:00:00+00:00,96.91,94.91,65.65
2025-08-15 04:00:00+00:00,101.66,98.99,73.46
2025-08-15 05:00:00+00:00,101.31,98.09,79.99
2025-08-15 06:00:00+00:00,96.6,99.81,71.89
2025-08-15 07:00:00+00:00,83.47,87.82,43.97
2025-08-15 08:00:00+00:00,43.9,43.9,25.0
2025-08-15 09:00:00+00:00,3.0,3.0,3.0
2025-08-15 10:00:00+00:00,0.08,0.08,0.08
2025-08-15 11:00:00+00:00,0.0,0.0,0.0
2025-08-15 12:00:00+00:00,0.0,0.0,0.0
2025-08-15 13:00:00+00:00,1.72,1.72,1.72
2025-08-15 14:00:00+00:00,27.66,26.83,23.53
2025-08-15 15:00:00+00:00,77.96,73.06,33.23
2025-08-15 16:00:00+00:00,105.89,99.53,61.12
2025-08-15 17:00:00+00:00,114.38,116.08,100.82
2025-08-15 18:00:00+00:00,124.01,125.63,111.39
2025-08-15 19:00:00+00:00,111.5,112.73,102.0
2025-08-15 20:00:00+00:00,105.94,106.33,102.89
2025-08-15 21:00:00+00:00,95.96,96.28,93.45
2025-08-15 22:00:00+00:00,96.11,99.02,76.71
2025-08-15 23:00:00+00:00,90.92,93.33,74.77
2025-08-16 00:00:00+00:00,89.78,90.74,69.38
2025-08-16 01:00:00+00:00,85.35,85.03,51.61
2025-08-16 02:00:00+00:00,84.05,82.73,44.57
2025-08-16 03:00:00+00:00,87.09,87.09,45.13
2025-08-16 04:00:00+00:00,91.01,90.68,38.97
2025-08-16 05:00:00+00:00,90.02,88.0,48.95
2025-08-16 06:00:00+00:00,80.99,84.75,54.8
2025-08-16 07:00:00+00:00,67.94,80.0,60.93
2025-08-16 08:00:00+00:00,25.12,30.0,26.28
2025-08-16 09:00:00+00:00,3.8,3.8,3.8
2025-08-16 10:00:00+00:00,0.17,0.17,0.17
2025-08-16 11:00:00+00:00,-0.01,-0.01,-0.01
2025-08-16 12:00:00+00:00,-0.01,-0.01,-0.01
2025-08-16 13:00:00+00:00,-0.01,-0.01,-0.01
2025-08-16 14:00:00+00:00,0.71,0.91,3.6
2025-08-16 15:00:00+00:00,16.21,16.36,21.52
2025-08-16 16:00:00+00:00,69.92,70.2,68.8
2025-08-16 17:00:00+00:00,95.0,95.0,86.4
2025-08-16 18:00:00+00:00,102.62,105.94,83.18
2025-08-16 19:00:00+00:00,100.61,101.98,93.2
2025-08-16 20:00:00+00:00,95.0,95.04,95.1
2025-08-16 21:00:00+00:00,90.0,89.96,86.43
2025-08-16 22:00:00+00:00,91.28,94.4,67.88
2025-08-16 23:00:00+00:00,85.34,88.65,60.56
2025-08-17 00:00:00+00:00,86.86,88.0,53.86
2025-08-17 01:00:00+00:00,86.63,86.63,41.73
2025-08-17 02:00:00+00:00,87.73,90.0,37.24
2025-08-17 03:00:00+00:00,89.93,92.0,27.57
2025-08-17 04:00:00+00:00,89.89,89.57,29.12
2025-08-17 05:00:00+00:00,81.03,84.56,17.57
2025-08-17 06:00:00+00:00,76.24,81.93,30.65
2025-08-17 07:00:00+00:00,32.59,48.04,23.68
2025-08-17 08:00:00+00:00,9.96,9.86,9.7
2025-08-17 09:00:00+00:00,0.1,4.38,0.65
2025-08-17 10:00:00+00:00,-0.2,3.0,0.65
2025-08-17 11:00:00+00:00,-0.93,2.02,0.0
2025-08-17 12:00:00+00:00,-1.25,2.68,0.0
2025-08-17 13:00:00+00:00,0.65,0.65,0.65
2025-08-17 14:00:00+00:00,13.81,12.42,5.13
2025-08-17 15:00:00+00:00,72.4,77.75,16.72
2025-08-17 16:00:00+00:00,96.69,93.6,51.45
2025-08-17 17:00:00+00:00,110.0,110.0,94.03
2025-08-17 18:00:00+00:00,110.66,110.66,108.6
2025-08-17 19:00:00+00:00,110.14,110.15,108.05
2025-08-17 20:00:00+00:00,105.1,105.09,101.82
2025-08-17 21:00:00+00:00,102.54,102.54,95.84
2025-08-17 22:00:00+00:00,91.99,91.99,76.15
2025-08-17 23:00:00+00:00,87.13,87.13,56.54
2025-08-18 00:00:00+00:00,84.33,83.07,74.12
2025-08-18 01:00:00+00:00,83.85,81.63,62.61
2025-08-18 02:00:00+00:00,89.46,88.44,63.28
2025-08-18 03:00:00+00:00,99.27,92.32,68.15
2025-08-18 04:00:00+00:00,118.51,113.0,75.45
2025-08-18 05:00:00+00:00,130.13,130.13,48.64
2025-08-18 06:00:00+00:00,109.87,108.82,67.54
2025-08-18 07:00:00+00:00,88.84,89.89,78.86
2025-08-18 08:00:00+00:00,72.06,78.8,61.1
2025-08-18 09:00:00+00:00,45.93,45.93,45.93
2025-08-18 10:00:00+00:00,20.04,20.04,20.04
2025-08-18 11:00:00+00:00,14.23,14.23,14.23
2025-08-18 12:00:00+00:00,18.34,18.34,18.34
2025-08-18 13:00:00+00:00,54.56,54.56,54.56
2025-08-18 14:00:00+00:00,70.94,71.06,69.26
2025-08-18 15:00:00+00:00,90.32,89.38,84.53
2025-08-18 16:00:00+00:00,109.87,95.7,104.07
2025-08-18 17:00:00+00:00,185.5,128.2,115.06
2025-08-18 18:00:00+00:00,197.42,190.15,120.0
2025-08-18 19:00:00+00:00,124.67,124.67,120.76
2025-08-18 20:00:00+00:00,107.49,104.9,100.44
2025-08-18 21:00:00+00:00,102.0,91.1,79.56
2025-08-18 22:00:00+00:00,101.01,98.91,93.04
2025-08-18 23:00:00+00:00,94.82,90.0,76.5
2025-08-19 00:00:00+00:00,88.2,84.55,71.81
2025-08-19 01:00:00+00:00,86.37,81.94,66.46
2025-08-19 02:00:00+00:00,90.09,83.4,65.51
2025-08-19 03:00:00+00:00,102.5,94.57,75.06
2025-08-19 04:00:00+00:00,111.1,104.51,85.15
2025-08-19 05:00:00+00:00,109.95,108.86,95.02
2025-08-19 06:00:00+00:00,98.05,98.05,98.05
2025-08-19 07:00:00+00:00,88.57,88.57,88.57
2025-08-19 08:00:00+00:00,69.64,69.64,69.64
2025-08-19 09:00:00+00:00,43.23,43.23,43.23
2025-08-19 10:00:00+00:00,22.85,22.85,30.0
2025-08-19 11:00:00+00:00,8.97,3.0,29.14
2025-08-19 12:00:00+00:00,15.26,0.5,30.91
2025-08-19 13:00:00+00:00,30.89,14.7,40.54
2025-08-19 14:00:00+00:00,60.6,59.05,58.18
2025-08-19 15:00:00+00:00,91.48,87.77,63.33
2025-08-19 16:00:00+00:00,101.91,92.41,63.0
2025-08-19 17:00:00+00:00,120.51,110.1,88.97
2025-08-19 18:00:00+00:00,128.62,124.62,97.74
2025-08-19 19:00:00+00:00,111.06,109.25,98.04
2025-08-19 20:00:00+00:00,104.41,103.67,98.0
2025-08-19 21:00:00+00:00,97.2,95.06,83.76
2025-08-19 22:00:00+00:00,97.7,94.14,82.9
2025-08-19 23:00:00+00:00,93.18,88.23,74.12
2025-08-20 00:00:00+00:00,87.64,82.89,67.05
2025-08-20 01:00:00+00:00,85.78,80.67,66.08
2025-08-20 02:00:00+00:00,89.66,79.37,64.95
2025-08-20 03:00:00+00:00,98.8,88.36,70.6
2025-08-20 04:00:00+00:00,108.84,101.36,74.07
2025-08-20 05:00:00+00:00,110.12,104.46,78.43
2025-08-20 06:00:00+00:00,103.91,105.69,89.81
2025-08-20 07:00:00+00:00,90.05,91.0,71.55
2025-08-20 08:00:00+00:00,80.98,83.89,49.8
2025-08-20 09:00:00+00:00,69.06,67.97,56.03
2025-08-20 10:00:00+00:00,49.07,49.06,49.02
2025-08-20 11:00:00+00:00,35.0,35.0,35.0
2025-08-20 12:00:00+00:00,42.03,40.09,31.53
2025-08-20 13:00:00+00:00,73.02,64.52,27.2
2025-08-20 14:00:00+00:00,81.45,73.51,27.99
2025-08-20 15:00:00+00:00,101.69,93.02,37.72
2025-08-20 16:00:00+00:00,109.16,95.1,54.11
2025-08-20 17:00:00+00:00,135.15,102.33,69.27
2025-08-20 18:00:00+00:00,126.11,129.9,78.73
2025-08-20 19:00:00+00:00,114.95,115.0,100.07
2025-08-20 20:00:00+00:00,103.49,103.44,97.52
2025-08-20 21:00:00+00:00,97.34,96.12,84.98
2025-08-20 22:00:00+00:00,96.11,94.5,26.33
2025-08-20 23:00:00+00:00,90.73,88.86,19.37
2025-08-21 00:00:00+00:00,87.52,87.52,44.65
2025-08-21 01:00:00+00:00,90.88,90.88,37.99
2025-08-21 02:00:00+00:00,92.37,92.37,32.93
2025-08-21 03:00:00+00:00,108.59,97.96,16.81
2025-08-21 04:00:00+00:00,115.6,105.9,39.93
2025-08-21 05:00:00+00:00,116.89,111.0,40.2
2025-08-21 06:00:00+00:00,107.79,106.91,61.06
2025-08-21 07:00:00+00:00,97.32,89.34,50.2
2025-08-21 08:00:00+00:00,85.85,75.2,25.67
2025-08-21 09:00:00+00:00,77.64,66.48,10.0
2025-08-21 10:00:00+00:00,69.49,57.69,7.89
2025-08-21 11:00:00+00:00,66.09,42.9,5.11
2025-08-21 12:00:00+00:00,56.26,37.0,5.11
2025-08-21 13:00:00+00:00,68.2,48.2,3.52
2025-08-21 14:00:00+00:00,72.39,60.1,5.79
2025-08-21 15:00:00+00:00,92.88,81.55,8.99
2025-08-21 16:00:00+00:00,103.2,94.0,25.0
2025-08-21 17:00:00+00:00,106.39,100.56,50.0
2025-08-21 18:00:00+00:00,110.73,116.56,77.84
2025-08-21 19:00:00+00:00,110.73,114.48,83.26
2025-08-21 20:00:00+00:00,105.0,111.0,55.77
2025-08-21 21:00:00+00:00,95.78,100.91,52.05
2025-08-21 22:00:00+00:00,89.27,91.99,66.38
2025-08-21 23:00:00+00:00,81.99,85.59,51.66
2025-08-22 00:00:00+00:00,78.59,82.13,48.66
2025-08-22 01:00:00+00:00,77.52,81.69,41.88
2025-08-22 02:00:00+00:00,77.65,82.88,31.51
2025-08-22 03:00:00+00:00,87.9,87.76,36.41
2025-08-22 04:00:00+00:00,105.76,105.91,71.03
2025-08-22 05:00:00+00:00,107.45,110.0,70.88
2025-08-22 06:00:00+00:00,102.32,105.69,75.1
2025-08-22 07:00:00+00:00,90.02,93.96,49.67
2025-08-22 08:00:00+00:00,72.44,85.63,15.57
2025-08-22 09:00:00+00:00,42.5,82.5,5.11
2025-08-22 10:00:00+00:00,14.07,68.0,19.02
2025-08-22 11:00:00+00:00,3.84,48.0,6.83
2025-08-22 12:00:00+00:00,0.02,33.55,5.37
2025-08-22 13:00:00+00:00,4.01,33.13,10.07
2025-08-22 14:00:00+00:00,40.64,60.0,23.6
2025-08-22 15:00:00+00:00,73.14,79.9,26.45
2025-08-22 16:00:00+00:00,95.17,98.1,73.48
2025-08-22 17:00:00+00:00,106.07,109.24,84.56
2025-08-22 18:00:00+00:00,113.0,114.2,104.53
2025-08-22 19:00:00+00:00,107.63,108.04,103.49
2025-08-22 20:00:00+00:00,103.09,103.3,101.59
2025-08-22 21:00:00+00:00,94.37,94.37,94.37
2025-08-22 22:00:00+00:00,95.33,95.33,95.33
2025-08-22 23:00:00+00:00,89.32,89.32,89.32
2025-08-23 00:00:00+00:00,87.76,89.08,80.94
2025-08-23 01:00:00+00:00,85.21,86.57,78.21
2025-08-23 02:00:00+00:00,85.56,87.41,76.06
2025-08-23 03:00:00+00:00,85.6,86.87,79.1
2025-08-23 04:00:00+00:00,86.67,87.11,84.28
2025-08-23 05:00:00+00:00,86.78,86.84,86.42
2025-08-23 06:00:00+00:00,83.57,86.55,79.15
2025-08-23 07:00:00+00:00,62.9,70.1,55.02
2025-08-23 08:00:00+00:00,14.69,23.66,15.85
2025-08-23 09:00:00+00:00,3.29,4.01,3.46
2025-08-23 10:00:00+00:00,1.32,3.0,1.82
2025-08-23 11:00:00+00:00,0.06,2.01,0.75
2025-08-23 12:00:00+00:00,0.07,1.83,0.65
2025-08-23 13:00:00+00:00,3.52,3.52,3.52
2025-08-23 14:00:00+00:00,12.1,12.1,11.99
2025-08-23 15:00:00+00:00,72.19,72.0,38.38
2025-08-23 16:00:00+00:00,100.31,98.23,76.9
2025-08-23 17:00:00+00:00,112.22,113.12,106.96
2025-08-23 18:00:00+00:00,123.67,124.01,118.85
2025-08-23 19:00:00+00:00,120.43,121.0,117.12
2025-08-23 20:00:00+00:00,111.16,111.16,111.16
2025-08-23 21:00:00+00:00,105.28,105.29,105.3
2025-08-23 22:00:00+00:00,100.5,100.5,100.5
2025-08-23 23:00:00+00:00,95.13,95.15,95.0
2025-08-24 00:00:00+00:00,94.41,95.33,88.99
2025-08-24 01:00:00+00:00,92.13,93.22,85.66
2025-08-24 02:00:00+00:00,91.2,92.48,83.61
2025-08-24 03:00:00+00:00,90.97,91.72,86.53
2025-08-24 04:00:00+00:00,90.0,90.0,90.0
2025-08-24 05:00:00+00:00,85.01,85.42,82.51
2025-08-24 06:00:00+00:00,72.84,86.71,67.06
2025-08-24 07:00:00+00:00,4.8,5.11,4.56
2025-08-24 08:00:00+00:00,-0.01,-0.01,-0.01
2025-08-24 09:00:00+00:00,-0.07,-0.07,-0.07
2025-08-24 10:00:00+00:00,-1.98,-1.98,-1.98
2025-08-24 11:00:00+00:00,-7.45,-7.45,-7.45
2025-08-24 12:00:00+00:00,-7.4,-7.4,-7.4
2025-08-24 13:00:00+00:00,-0.1,-0.1,-0.1
2025-08-24 14:00:00+00:00,0.0,0.0,0.0
2025-08-24 15:00:00+00:00,63.36,56.76,12.93
2025-08-24 16:00:00+00:00,99.81,96.35,61.15
2025-08-24 17:00:00+00:00,110.5,112.48,98.57
2025-08-24 18:00:00+00:00,117.31,117.57,114.99
2025-08-24 19:00:00+00:00,114.32,114.32,114.32
2025-08-24 20:00:00+00:00,107.5,107.5,107.5
2025-08-24 21:00:00+00:00,100.52,100.52,100.52
2025-08-24 22:00:00+00:00,95.28,95.28,95.28
2025-08-24 23:00:00+00:00,87.03,87.03,87.03
2025-08-25 00:00:00+00:00,84.02,85.44,74.55
2025-08-25 01:00:00+00:00,82.9,84.83,60.88
2025-08-25 02:00:00+00:00,83.46,83.55,62.43
2025-08-25 03:00:00+00:00,102.46,100.12,80.16
2025-08-25 04:00:00+00:00,115.38,115.38,91.9
2025-08-25 05:00:00+00:00,125.0,125.0,102.52
2025-08-25 06:00:00+00:00,110.04,110.04,101.82
2025-08-25 07:00:00+00:00,91.97,91.97,91.97
2025-08-25 08:00:00+00:00,72.98,72.98,73.5
2025-08-25 09:00:00+00:00,35.02,35.02,35.02
2025-08-25 10:00:00+00:00,10.0,10.0,10.0
2025-08-25 11:00:00+00:00,5.93,5.93,5.93
2025-08-25 12:00:00+00:00,6.78,6.78,6.78
2025-08-25 13:00:00+00:00,25.2,25.2,25.2
2025-08-25 14:00:00+00:00,56.43,56.39,56.43
2025-08-25 15:00:00+00:00,86.67,84.9,76.19
2025-08-25 16:00:00+00:00,111.54,107.69,97.43
2025-08-25 17:00:00+00:00,159.03,144.85,114.78
2025-08-25 18:00:00+00:00,232.82,189.87,125.95
2025-08-25 19:00:00+00:00,138.04,136.07,126.28
2025-08-25 20:00:00+00:00,115.04,115.04,115.04
2025-08-25 21:00:00+00:00,105.15,105.15,105.15
2025-08-25 22:00:00+00:00,105.8,104.56,94.83
2025-08-25 23:00:00+00:00,100.44,96.93,86.78
2025-08-26 00:00:00+00:00,96.58,86.0,70.37
2025-08-26 01:00:00+00:00,94.79,80.62,63.58
2025-08-26 02:00:00+00:00,96.27,82.58,58.35
2025-08-26 03:00:00+00:00,106.6,94.25,66.86
2025-08-26 04:00:00+00:00,124.59,92.0,86.97
2025-08-26 05:00:00+00:00,123.45,106.2,95.44
2025-08-26 06:00:00+00:00,106.79,104.62,97.48
2025-08-26 07:00:00+00:00,90.0,90.0,90.0
2025-08-26 08:00:00+00:00,77.47,77.8,70.0
2025-08-26 09:00:00+00:00,61.6,61.35,60.65
2025-08-26 10:00:00+00:00,41.95,41.75,41.25
2025-08-26 11:00:00+00:00,26.28,26.28,26.28
2025-08-26 12:00:00+00:00,38.05,38.05,38.05
2025-08-26 13:00:00+00:00,72.39,70.1,47.44
2025-08-26 14:00:00+00:00,88.26,83.82,60.0
2025-08-26 15:00:00+00:00,105.05,98.44,65.03
2025-08-26 16:00:00+00:00,131.09,116.03,76.1
2025-08-26 17:00:00+00:00,196.88,152.52,103.14
2025-08-26 18:00:00+00:00,180.17,170.01,117.0
2025-08-26 19:00:00+00:00,123.3,123.3,123.46
2025-08-26 20:00:00+00:00,109.47,109.47,109.5
2025-08-26 21:00:00+00:00,97.67,97.67,97.9
2025-08-26 22:00:00+00:00,96.59,95.4,97.41
2025-08-26 23:00:00+00:00,89.98,89.98,90.02
2025-08-27 00:00:00+00:00,86.52,86.52,86.55
2025-08-27 01:00:00+00:00,87.25,83.8,80.36
2025-08-27 02:00:00+00:00,90.0,84.49,79.04
2025-08-27 03:00:00+00:00,97.73,91.23,85.9
2025-08-27 04:00:00+00:00,110.0,99.9,102.84
2025-08-27 05:00:00+00:00,115.19,108.17,113.12
2025-08-27 06:00:00+00:00,113.64,113.64,113.64
2025-08-27 07:00:00+00:00,101.63,101.63,101.63
2025-08-27 08:00:00+00:00,86.0,85.45,85.21
2025-08-27 09:00:00+00:00,79.29,79.01,77.75
2025-08-27 10:00:00+00:00,64.38,64.16,63.65
2025-08-27 11:00:00+00:00,50.68,50.42,49.85
2025-08-27 12:00:00+00:00,50.94,50.89,50.62
2025-08-27 13:00:00+00:00,76.18,74.09,50.62
2025-08-27 14:00:00+00:00,85.1,81.32,63.81
2025-08-27 15:00:00+00:00,104.94,100.93,78.73
2025-08-27 16:00:00+00:00,134.63,122.72,89.61
2025-08-27 17:00:00+00:00,222.07,184.98,99.0
2025-08-27 18:00:00+00:00,222.04,197.16,109.1
2025-08-27 19:00:00+00:00,128.87,121.26,114.32
2025-08-27 20:00:00+00:00,113.63,113.63,113.63
2025-08-27 21:00:00+00:00,103.57,103.57,103.57
2025-08-27 22:00:00+00:00,97.15,97.15,97.15
2025-08-27 23:00:00+00:00,91.92,91.62,90.14
2025-08-28 00:00:00+00:00,87.89,87.58,86.07
2025-08-28 01:00:00+00:00,87.09,84.77,73.25
2025-08-28 02:00:00+00:00,90.23,86.72,69.4
2025-08-28 03:00:00+00:00,98.72,95.49,76.42
2025-08-28 04:00:00+00:00,121.63,112.32,83.38
2025-08-28 05:00:00+00:00,143.79,128.9,90.38
2025-08-28 06:00:00+00:00,143.95,135.03,90.38
2025-08-28 07:00:00+00:00,121.84,119.39,69.4
2025-08-28 08:00:00+00:00,112.27,103.63,42.57
2025-08-28 09:00:00+00:00,108.13,96.12,20.46
2025-08-28 10:00:00+00:00,100.89,88.19,17.21
2025-08-28 11:00:00+00:00,100.96,86.12,2.09
2025-08-28 12:00:00+00:00,100.89,84.87,0.65
2025-08-28 13:00:00+00:00,100.66,85.27,0.01
2025-08-28 14:00:00+00:00,96.1,81.75,0.65
2025-08-28 15:00:00+00:00,129.84,98.99,21.04
2025-08-28 16:00:00+00:00,160.85,98.3,42.46
2025-08-28 17:00:00+00:00,210.0,117.27,71.12
2025-08-28 18:00:00+00:00,153.16,124.0,90.0
2025-08-28 19:00:00+00:00,124.18,108.0,97.08
2025-08-28 20:00:00+00:00,107.11,101.4,93.77
2025-08-28 21:00:00+00:00,92.15,80.62,88.09
2025-08-28 22:00:00+00:00,85.04,84.59,82.7
2025-08-28 23:00:00+00:00,83.27,77.33,51.1
2025-08-29 00:00:00+00:00,83.1,77.12,51.93
2025-08-29 01:00:00+00:00,81.59,70.73,25.04
2025-08-29 02:00:00+00:00,83.01,70.42,17.87
2025-08-29 03:00:00+00:00,91.0,78.11,21.33
2025-08-29 04:00:00+00:00,117.55,98.32,30.57
2025-08-29 05:00:00+00:00,121.39,104.8,45.47
2025-08-29 06:00:00+00:00,120.0,105.08,57.53
2025-08-29 07:00:00+00:00,110.36,96.36,42.47
2025-08-29 08:00:00+00:00,84.25,70.41,5.0
2025-08-29 09:00:00+00:00,78.08,64.32,0.83
2025-08-29 10:00:00+00:00,67.44,56.47,3.08
2025-08-29 11:00:00+00:00,53.96,45.21,0.05
2025-08-29 12:00:00+00:00,59.64,50.0,0.0
2025-08-29 13:00:00+00:00,73.06,73.0,0.62
2025-08-29 14:00:00+00:00,85.0,71.54,5.66
2025-08-29 15:00:00+00:00,104.82,89.23,3.42
2025-08-29 16:00:00+00:00,118.51,109.3,22.36
2025-08-29 17:00:00+00:00,147.68,123.0,53.55
2025-08-29 18:00:00+00:00,116.5,113.33,81.8
2025-08-29 19:00:00+00:00,111.96,106.06,63.5
2025-08-29 20:00:00+00:00,95.7,95.55,94.39
2025-08-29 21:00:00+00:00,86.07,86.22,86.0
2025-08-29 22:00:00+00:00,92.5,88.29,67.02
2025-08-29 23:00:00+00:00,86.56,80.63,53.66
2025-08-30 00:00:00+00:00,83.3,79.1,58.64
2025-08-30 01:00:00+00:00,81.51,81.51,81.51
2025-08-30 02:00:00+00:00,83.39,75.77,37.79
2025-08-30 03:00:00+00:00,87.72,76.98,25.32
2025-08-30 04:00:00+00:00,95.02,92.72,63.72
2025-08-30 05:00:00+00:00,98.09,94.17,54.56
2025-08-30 06:00:00+00:00,89.64,87.97,70.57
2025-08-30 07:00:00+00:00,78.6,71.55,32.0
2025-08-30 08:00:00+00:00,36.46,32.99,12.82
2025-08-30 09:00:00+00:00,5.23,5.23,5.23
2025-08-30 10:00:00+00:00,0.0,0.0,0.0
2025-08-30 11:00:00+00:00,-0.01,-0.01,-0.01
2025-08-30 12:00:00+00:00,-0.01,-0.01,-0.01
2025-08-30 13:00:00+00:00,-0.38,-0.5,0.0
2025-08-30 14:00:00+00:00,9.48,7.57,2.54
2025-08-30 15:00:00+00:00,81.1,68.86,7.1
2025-08-30 16:00:00+00:00,103.9,89.82,18.99
2025-08-30 17:00:00+00:00,127.07,105.52,57.97
2025-08-30 18:00:00+00:00,129.98,125.4,69.68
2025-08-30 19:00:00+00:00,120.39,104.98,49.08
2025-08-30 20:00:00+00:00,104.94,96.08,45.08
2025-08-30 21:00:00+00:00,90.3,86.38,40.38
2025-08-30 22:00:00+00:00,88.74,83.6,15.86
2025-08-30 23:00:00+00:00,78.91,72.91,12.93
2025-08-31 00:00:00+00:00,70.53,64.7,12.33
2025-08-31 01:00:00+00:00,67.02,60.33,7.61
2025-08-31 02:00:00+00:00,63.79,58.49,5.95
2025-08-31 03:00:00+00:00,64.56,54.87,8.12
2025-08-31 04:00:00+00:00,65.0,56.06,9.18
2025-08-31 05:00:00+00:00,62.13,54.28,16.24
2025-08-31 06:00:00+00:00,22.3,22.27,22.15
2025-08-31 07:00:00+00:00,5.2,5.22,3.6
2025-08-31 08:00:00+00:00,-0.01,0.13,0.0
2025-08-31 09:00:00+00:00,-0.02,0.09,-0.01
2025-08-31 10:00:00+00:00,-0.11,0.03,-0.08
2025-08-31 11:00:00+00:00,-1.0,-0.81,-0.95
2025-08-31 12:00:00+00:00,-0.61,-0.57,-0.6
2025-08-31 13:00:00+00:00,0.0,0.0,-0.01
2025-08-31 14:00:00+00:00,25.47,21.98,4.22
2025-08-31 15:00:00+00:00,79.74,68.2,4.96
2025-08-31 16:00:00+00:00,117.59,103.75,17.53
2025-08-31 17:00:00+00:00,135.1,129.18,47.15
2025-08-31 18:00:00+00:00,132.07,126.37,59.55
2025-08-31 19:00:00+00:00,114.15,110.84,73.88
2025-08-31 20:00:00+00:00,102.63,100.86,71.4
2025-08-31 21:00:00+00:00,89.76,88.26,62.0
2025-08-31 22:00:00+00:00,84.08,76.11,35.79
2025-08-31 23:00:00+00:00,81.43,80.08,18.07
2025-09-01 00:00:00+00:00,80.97,77.84,22.34
2025-09-01 01:00:00+00:00,80.03,69.75,17.64
2025-09-01 02:00:00+00:00,81.37,70.32,15.0
2025-09-01 03:00:00+00:00,92.58,81.88,25.21
2025-09-01 04:00:00+00:00,120.43,110.29,33.23
2025-09-01 05:00:00+00:00,125.67,121.08,53.18
2025-09-01 06:00:00+00:00,116.1,112.64,64.0
2025-09-01 07:00:00+00:00,98.19,90.66,35.79
2025-09-01 08:00:00+00:00,82.0,72.78,14.03
2025-09-01 09:00:00+00:00,69.4,58.46,16.64
2025-09-01 10:00:00+00:00,38.27,34.69,13.73
2025-09-01 11:00:00+00:00,25.03,21.14,6.07
2025-09-01 12:00:00+00:00,42.73,19.7,0.0
2025-09-01 13:00:00+00:00,67.76,35.0,4.65
2025-09-01 14:00:00+00:00,84.67,62.5,8.13
2025-09-01 15:00:00+00:00,109.7,95.08,14.08
2025-09-01 16:00:00+00:00,155.32,94.9,23.08
2025-09-01 17:00:00+00:00,250.65,165.41,55.0
2025-09-01 18:00:00+00:00,210.56,176.37,80.0
2025-09-01 19:00:00+00:00,125.2,115.57,84.24
2025-09-01 20:00:00+00:00,112.4,98.4,84.74
2025-09-01 21:00:00+00:00,100.53,84.25,78.5
2025-09-01 22:00:00+00:00,95.01,86.0,33.61
2025-09-01 23:00:00+00:00,90.11,80.92,36.79
2025-09-02 00:00:00+00:00,90.84,83.68,52.57
2025-09-02 01:00:00+00:00,92.5,80.9,40.16
2025-09-02 02:00:00+00:00,94.8,83.3,42.55
2025-09-02 03:00:00+00:00,106.85,94.01,12.47
2025-09-02 04:00:00+00:00,134.39,88.66,33.44
2025-09-02 05:00:00+00:00,153.67,113.66,34.28
2025-09-02 06:00:00+00:00,147.48,97.45,34.8
2025-09-02 07:00:00+00:00,121.05,90.0,39.0
2025-09-02 08:00:00+00:00,102.14,88.15,7.96
2025-09-02 09:00:00+00:00,84.66,72.52,1.2
2025-09-02 10:00:00+00:00,78.94,67.53,1.5
2025-09-02 11:00:00+00:00,79.73,65.82,0.65
2025-09-02 12:00:00+00:00,78.54,64.8,0.21
2025-09-02 13:00:00+00:00,84.37,70.97,1.5
2025-09-02 14:00:00+00:00,95.0,81.48,8.21
2025-09-02 15:00:00+00:00,108.97,98.48,14.0
2025-09-02 16:00:00+00:00,173.16,123.23,32.89
2025-09-02 17:00:00+00:00,311.51,151.0,84.0
2025-09-02 18:00:00+00:00,263.79,126.4,53.46
2025-09-02 19:00:00+00:00,140.92,98.81,34.98
2025-09-02 20:00:00+00:00,110.47,90.0,42.89
2025-09-02 21:00:00+00:00,91.21,85.86,31.06
2025-09-02 22:00:00+00:00,97.25,86.94,17.44
2025-09-02 23:00:00+00:00,90.74,82.6,15.65
2025-09-03 00:00:00+00:00,85.95,76.46,10.86
2025-09-03 01:00:00+00:00,81.72,72.31,8.46
2025-09-03 02:00:00+00:00,81.23,71.0,4.11
2025-09-03 03:00:00+00:00,86.97,76.62,8.94
2025-09-03 04:00:00+00:00,103.2,96.33,10.14
2025-09-03 05:00:00+00:00,112.34,102.0,21.34
2025-09-03 06:00:00+00:00,109.13,104.9,22.6
2025-09-03 07:00:00+00:00,85.3,81.54,16.37
2025-09-03 08:00:00+00:00,29.04,28.93,0.0
2025-09-03 09:00:00+00:00,0.03,0.03,-0.01
2025-09-03 10:00:00+00:00,-0.1,-0.1,-0.01
2025-09-03 11:00:00+00:00,-0.1,-0.1,-0.02
2025-09-03 12:00:00+00:00,-0.28,-0.13,-0.02
2025-09-03 13:00:00+00:00,0.0,0.0,-0.01
2025-09-03 14:00:00+00:00,3.89,3.89,-0.01
2025-09-03 15:00:00+00:00,63.46,58.29,0.0
2025-09-03 16:00:00+00:00,102.35,96.9,12.85
2025-09-03 17:00:00+00:00,110.92,107.78,56.79
2025-09-03 18:00:00+00:00,104.0,100.1,58.21
2025-09-03 19:00:00+00:00,94.17,91.78,53.41
2025-09-03 20:00:00+00:00,80.68,80.0,70.23
2025-09-03 21:00:00+00:00,54.25,54.3,56.33
2025-09-03 22:00:00+00:00,21.65,21.65,19.84
2025-09-03 23:00:00+00:00,17.7,15.04,14.81
2025-09-04 00:00:00+00:00,17.87,14.92,14.3
2025-09-04 01:00:00+00:00,30.02,21.99,5.96
2025-09-04 02:00:00+00:00,59.92,48.0,5.99
2025-09-04 03:00:00+00:00,83.89,68.0,11.49
2025-09-04 04:00:00+00:00,107.87,97.47,42.15
2025-09-04 05:00:00+00:00,120.0,109.24,52.04
2025-09-04 06:00:00+00:00,108.09,101.09,55.89
2025-09-04 07:00:00+00:00,77.81,74.72,49.6
2025-09-04 08:00:00+00:00,41.45,38.5,18.07
2025-09-04 09:00:00+00:00,5.79,5.79,5.79
2025-09-04 10:00:00+00:00,3.2,3.2,3.2
2025-09-04 11:00:00+00:00,3.36,3.2,1.72
2025-09-04 12:00:00+00:00,34.89,32.66,1.6
2025-09-04 13:00:00+00:00,71.0,62.28,1.55
2025-09-04 14:00:00+00:00,90.05,81.29,3.7
2025-09-04 15:00:00+00:00,109.13,101.88,7.01
2025-09-04 16:00:00+00:00,191.8,104.9,28.19
2025-09-04 17:00:00+00:00,350.0,151.18,62.19
2025-09-04 18:00:00+00:00,218.82,198.0,102.5
2025-09-04 19:00:00+00:00,124.93,118.43,80.74
2025-09-04 20:00:00+00:00,112.14,105.0,84.8
2025-09-04 21:00:00+00:00,101.3,92.0,62.18
2025-09-04 22:00:00+00:00,95.25,77.8,70.86
2025-09-04 23:00:00+00:00,86.1,81.78,58.98
2025-09-05 00:00:00+00:00,85.26,79.97,61.49
2025-09-05 01:00:00+00:00,85.2,80.7,50.12
2025-09-05 02:00:00+00:00,85.6,81.67,52.65
2025-09-05 03:00:00+00:00,97.36,89.7,52.53
2025-09-05 04:00:00+00:00,119.16,106.0,76.79
2025-09-05 05:00:00+00:00,132.13,118.91,89.99
2025-09-05 06:00:00+00:00,125.75,113.47,88.22
2025-09-05 07:00:00+00:00,100.4,97.59,79.1
2025-09-05 08:00:00+00:00,87.83,81.12,35.0
2025-09-05 09:00:00+00:00,84.15,74.31,10.0
2025-09-05 10:00:00+00:00,78.25,70.29,15.0
2025-09-05 11:00:00+00:00,72.19,65.23,18.43
2025-09-05 12:00:00+00:00,70.17,61.83,6.62
2025-09-05 13:00:00+00:00,77.53,69.68,17.07
2025-09-05 14:00:00+00:00,85.0,77.05,18.63
2025-09-05 15:00:00+00:00,90.96,82.11,30.4
2025-09-05 16:00:00+00:00,108.95,106.11,45.23
2025-09-05 17:00:00+00:00,154.53,150.0,89.25
2025-09-05 18:00:00+00:00,150.75,147.02,103.97
2025-09-05 19:00:00+00:00,117.1,116.33,107.1
2025-09-05 20:00:00+00:00,107.71,106.81,95.0
2025-09-05 21:00:00+00:00,100.7,99.94,88.38
2025-09-05 22:00:00+00:00,101.21,97.07,74.64
2025-09-05 23:00:00+00:00,100.59,93.56,57.8
2025-09-06 00:00:00+00:00,99.57,89.95,41.35
2025-09-06 01:00:00+00:00,97.84,85.83,20.66
2025-09-06 02:00:00+00:00,96.96,84.32,20.0
2025-09-06 03:00:00+00:00,98.01,86.04,25.38
2025-09-06 04:00:00+00:00,102.6,97.87,25.49
2025-09-06 05:00:00+00:00,100.91,100.59,25.86
2025-09-06 06:00:00+00:00,95.98,88.4,29.28
2025-09-06 07:00:00+00:00,79.11,68.89,15.23
2025-09-06 08:00:00+00:00,11.35,9.75,1.72
2025-09-06 09:00:00+00:00,0.0,0.0,0.0
2025-09-06 10:00:00+00:00,-0.02,-0.02,-0.02
2025-09-06 11:00:00+00:00,-0.86,-0.86,-0.86
2025-09-06 12:00:00+00:00,-0.99,-0.99,-0.99
2025-09-06 13:00:00+00:00,-0.01,-0.01,-0.01
2025-09-06 14:00:00+00:00,40.99,34.44,-0.01
2025-09-06 15:00:00+00:00,87.6,73.59,0.0
2025-09-06 16:00:00+00:00,116.47,108.81,17.42
2025-09-06 17:00:00+00:00,158.39,147.29,24.37
2025-09-06 18:00:00+00:00,139.54,130.42,42.0
2025-09-06 19:00:00+00:00,109.95,101.57,19.01
2025-09-06 20:00:00+00:00,92.95,90.1,36.26
2025-09-06 21:00:00+00:00,82.56,76.32,27.99
2025-09-06 22:00:00+00:00,89.72,79.73,0.0
2025-09-06 23:00:00+00:00,85.02,74.87,-0.01
2025-09-07 00:00:00+00:00,80.77,72.64,-0.01
2025-09-07 01:00:00+00:00,83.4,75.0,-0.01
2025-09-07 02:00:00+00:00,82.92,74.55,-0.01
2025-09-07 03:00:00+00:00,82.67,74.35,-0.01
2025-09-07 04:00:00+00:00,81.5,72.95,0.0
2025-09-07 05:00:00+00:00,55.48,50.1,5.5
2025-09-07 06:00:00+00:00,0.0,0.0,0.0
2025-09-07 07:00:00+00:00,-0.09,-0.09,-0.09
2025-09-07 08:00:00+00:00,-4.0,-4.0,-4.0
2025-09-07 09:00:00+00:00,-20.09,-20.09,-20.09
2025-09-07 10:00:00+00:00,-40.02,-40.02,-40.02
2025-09-07 11:00:00+00:00,-53.4,-53.4,-53.4
2025-09-07 12:00:00+00:00,-49.99,-63.4,-39.45
2025-09-07 13:00:00+00:00,-21.21,-23.0,-19.84
2025-09-07 14:00:00+00:00,-2.47,-2.46,-2.4
2025-09-07 15:00:00+00:00,3.36,3.0,6.08
2025-09-07 16:00:00+00:00,95.91,91.25,47.5
2025-09-07 17:00:00+00:00,108.3,108.11,79.02
2025-09-07 18:00:00+00:00,96.25,97.81,95.09
2025-09-07 19:00:00+00:00,86.02,87.36,89.06
2025-09-07 20:00:00+00:00,85.01,86.02,87.68
2025-09-07 21:00:00+00:00,86.06,86.47,87.08
2025-09-07 22:00:00+00:00,79.66,77.88,66.76
2025-09-07 23:00:00+00:00,85.74,82.32,63.5
2025-09-08 00:00:00+00:00,84.7,86.88,63.39
2025-09-08 01:00:00+00:00,82.27,90.0,37.78
2025-09-08 02:00:00+00:00,83.79,84.0,31.86
2025-09-08 03:00:00+00:00,95.6,89.67,55.7
2025-09-08 04:00:00+00:00,109.9,107.91,77.98
2025-09-08 05:00:00+00:00,148.14,132.69,69.61
2025-09-08 06:00:00+00:00,125.53,124.67,108.36
2025-09-08 07:00:00+00:00,102.05,101.85,98.21
2025-09-08 08:00:00+00:00,85.83,85.83,85.83
2025-09-08 09:00:00+00:00,76.14,74.51,63.0
2025-09-08 10:00:00+00:00,65.35,63.62,52.01
2025-09-08 11:00:00+00:00,60.84,58.02,38.56
2025-09-08 12:00:00+00:00,69.65,65.61,37.21
2025-09-08 13:00:00+00:00,78.46,72.16,27.34
2025-09-08 14:00:00+00:00,99.72,92.5,38.72
2025-09-08 15:00:00+00:00,124.28,121.86,48.64
2025-09-08 16:00:00+00:00,196.61,186.96,73.08
2025-09-08 17:00:00+00:00,413.66,383.23,91.15
2025-09-08 18:00:00+00:00,308.52,289.22,98.21
2025-09-08 19:00:00+00:00,152.0,152.0,95.26
2025-09-08 20:00:00+00:00,123.93,121.8,89.35
2025-09-08 21:00:00+00:00,113.12,110.62,73.08
2025-09-08 22:00:00+00:00,114.52,109.19,37.23
2025-09-08 23:00:00+00:00,112.46,107.24,37.82
2025-09-09 00:00:00+00:00,110.35,105.33,38.16
2025-09-09 01:00:00+00:00,109.8,103.85,30.98
2025-09-09 02:00:00+00:00,110.86,105.18,19.02
2025-09-09 03:00:00+00:00,118.18,112.47,28.18
2025-09-09 04:00:00+00:00,182.39,166.81,47.48
2025-09-09 05:00:00+00:00,300.0,276.33,93.78
2025-09-09 06:00:00+00:00,196.98,196.98,96.44
2025-09-09 07:00:00+00:00,127.59,129.91,80.71
2025-09-09 08:00:00+00:00,101.73,98.52,54.93
2025-09-09 09:00:00+00:00,99.25,89.99,30.22
2025-09-09 10:00:00+00:00,87.18,78.78,26.0
2025-09-09 11:00:00+00:00,85.69,76.73,19.25
2025-09-09 12:00:00+00:00,85.51,76.75,17.19
2025-09-09 13:00:00+00:00,92.49,82.58,8.91
2025-09-09 14:00:00+00:00,103.35,91.89,16.57
2025-09-09 15:00:00+00:00,127.41,118.73,32.26
2025-09-09 16:00:00+00:00,192.68,180.16,56.0
2025-09-09 17:00:00+00:00,386.4,367.07,90.0
2025-09-09 18:00:00+00:00,215.59,212.58,111.37
2025-09-09 19:00:00+00:00,133.37,130.85,91.6
2025-09-09 20:00:00+00:00,115.79,113.71,95.49
2025-09-09 21:00:00+00:00,109.3,106.0,78.37
2025-09-09 22:00:00+00:00,106.93,100.72,8.55
2025-09-09 23:00:00+00:00,107.29,101.16,4.99
2025-09-10 00:00:00+00:00,103.73,98.48,16.02
2025-09-10 01:00:00+00:00,104.81,99.17,10.68
2025-09-10 02:00:00+00:00,104.55,100.14,6.81
2025-09-10 03:00:00+00:00,114.28,107.64,3.68
2025-09-10 04:00:00+00:00,133.35,129.69,30.01
2025-09-10 05:00:00+00:00,223.39,217.64,15.0
2025-09-10 06:00:00+00:00,171.94,167.76,20.62
2025-09-10 07:00:00+00:00,129.46,125.0,42.16
2025-09-10 08:00:00+00:00,107.33,95.47,8.0
2025-09-10 09:00:00+00:00,102.39,89.87,0.0
2025-09-10 10:00:00+00:00,88.85,78.12,0.0
2025-09-10 11:00:00+00:00,86.09,75.93,-0.01
2025-09-10 12:00:00+00:00,87.8,74.6,-0.01
2025-09-10 13:00:00+00:00,90.8,79.16,-0.01
2025-09-10 14:00:00+00:00,105.07,91.7,-0.01
2025-09-10 15:00:00+00:00,127.78,121.11,4.9
2025-09-10 16:00:00+00:00,170.59,152.6,23.09
2025-09-10 17:00:00+00:00,275.19,232.41,51.17
2025-09-10 18:00:00+00:00,169.07,156.92,41.79
2025-09-10 19:00:00+00:00,122.94,105.48,16.38
2025-09-10 20:00:00+00:00,101.58,91.78,14.0
2025-09-10 21:00:00+00:00,87.63,78.2,14.75
2025-09-10 22:00:00+00:00,88.21,79.11,14.0
2025-09-10 23:00:00+00:00,85.0,75.96,11.7
2025-09-11 00:00:00+00:00,77.13,68.36,10.53
2025-09-11 01:00:00+00:00,70.67,62.14,0.0
2025-09-11 02:00:00+00:00,70.67,62.03,0.0
2025-09-11 03:00:00+00:00,79.05,70.17,8.84
2025-09-11 04:00:00+00:00,111.18,102.59,9.64
2025-09-11 05:00:00+00:00,125.33,109.9,28.59
2025-09-11 06:00:00+00:00,120.36,118.2,37.08
2025-09-11 07:00:00+00:00,102.05,90.0,17.13
2025-09-11 08:00:00+00:00,73.64,63.4,0.03
2025-09-11 09:00:00+00:00,8.23,3.86,-0.01
2025-09-11 10:00:00+00:00,-0.01,-0.19,-0.01
2025-09-11 11:00:00+00:00,-0.07,-0.07,-0.01
2025-09-11 12:00:00+00:00,-0.72,-0.74,-0.01
2025-09-11 13:00:00+00:00,0.0,-0.01,-0.01
2025-09-11 14:00:00+00:00,8.96,3.0,-0.01
2025-09-11 15:00:00+00:00,75.82,68.0,0.0
2025-09-11 16:00:00+00:00,118.57,109.37,7.05
2025-09-11 17:00:00+00:00,132.86,125.76,32.46
2025-09-11 18:00:00+00:00,125.25,121.75,25.85
2025-09-11 19:00:00+00:00,111.45,103.19,11.81
2025-09-11 20:00:00+00:00,84.81,81.2,15.97
2025-09-11 21:00:00+00:00,63.89,59.98,11.87
2025-09-11 22:00:00+00:00,32.83,24.2,0.0
2025-09-11 23:00:00+00:00,33.23,25.24,0.01
2025-09-12 00:00:00+00:00,20.94,15.19,0.44
2025-09-12 01:00:00+00:00,16.35,11.13,0.01
2025-09-12 02:00:00+00:00,29.15,22.0,0.01
2025-09-12 03:00:00+00:00,51.84,41.82,3.0
2025-09-12 04:00:00+00:00,95.29,79.88,11.58
2025-09-12 05:00:00+00:00,105.73,90.3,21.04
2025-09-12 06:00:00+00:00,102.01,93.28,41.82
2025-09-12 07:00:00+00:00,48.07,44.42,26.68
2025-09-12 08:00:00+00:00,1.85,-0.01,1.85
2025-09-12 09:00:00+00:00,-1.66,-2.0,0.0
2025-09-12 10:00:00+00:00,-5.11,-4.79,1.77
2025-09-12 11:00:00+00:00,-8.66,-8.27,0.0
2025-09-12 12:00:00+00:00,-6.19,-6.19,0.0
2025-09-12 13:00:00+00:00,-4.0,-4.0,0.0
2025-09-12 14:00:00+00:00,-0.01,-0.01,3.52
2025-09-12 15:00:00+00:00,57.69,51.63,19.68
2025-09-12 16:00:00+00:00,108.71,99.48,39.92
2025-09-12 17:00:00+00:00,155.36,140.78,61.68
2025-09-12 18:00:00+00:00,152.24,139.45,66.34
2025-09-12 19:00:00+00:00,113.96,102.99,46.0
2025-09-12 20:00:00+00:00,102.85,94.85,49.97
2025-09-12 21:00:00+00:00,96.66,86.16,41.2
2025-09-12 22:00:00+00:00,85.89,75.06,9.45
2025-09-12 23:00:00+00:00,72.75,64.06,9.17
2025-09-13 00:00:00+00:00,72.45,64.24,10.35
2025-09-13 01:00:00+00:00,72.45,63.86,7.39
2025-09-13 02:00:00+00:00,69.79,60.83,7.0
2025-09-13 03:00:00+00:00,72.75,63.68,7.75
2025-09-13 04:00:00+00:00,74.71,65.04,10.55
2025-09-13 05:00:00+00:00,74.11,64.87,9.63
2025-09-13 06:00:00+00:00,72.45,63.79,13.63
2025-09-13 07:00:00+00:00,53.85,47.95,12.42
2025-09-13 08:00:00+00:00,14.3,13.67,9.62
2025-09-13 09:00:00+00:00,2.37,2.37,2.37
2025-09-13 10:00:00+00:00,0.0,0.0,0.0
2025-09-13 11:00:00+00:00,-0.01,-0.01,-0.01
2025-09-13 12:00:00+00:00,-0.01,-0.01,-0.01
2025-09-13 13:00:00+00:00,-0.01,-0.01,0.0
2025-09-13 14:00:00+00:00,3.88,2.33,0.0
2025-09-13 15:00:00+00:00,74.11,65.35,0.65
2025-09-13 16:00:00+00:00,108.1,97.51,14.0
2025-09-13 17:00:00+00:00,121.9,107.79,17.68
2025-09-13 18:00:00+00:00,118.77,111.99,25.27
2025-09-13 19:00:00+00:00,111.17,103.28,10.51
2025-09-13 20:00:00+00:00,100.0,90.16,29.45
2025-09-13 21:00:00+00:00,87.18,81.84,25.73
2025-09-13 22:00:00+00:00,85.69,81.49,45.73
2025-09-13 23:00:00+00:00,77.57,68.65,22.17
2025-09-14 00:00:00+00:00,80.61,74.82,17.96
2025-09-14 01:00:00+00:00,85.93,79.73,19.06
2025-09-14 02:00:00+00:00,93.77,86.29,14.42
2025-09-14 03:00:00+00:00,99.82,85.5,16.74
2025-09-14 04:00:00+00:00,100.75,92.0,19.38
2025-09-14 05:00:00+00:00,105.36,96.89,19.74
2025-09-14 06:00:00+00:00,108.48,99.03,18.9
2025-09-14 07:00:00+00:00,87.78,76.13,23.58
2025-09-14 08:00:00+00:00,61.68,54.05,15.43
2025-09-14 09:00:00+00:00,17.58,17.53,17.33
2025-09-14 10:00:00+00:00,6.52,6.51,6.5
2025-09-14 11:00:00+00:00,0.0,0.0,0.0
2025-09-14 12:00:00+00:00,-0.01,-0.01,-0.01
2025-09-14 13:00:00+00:00,0.0,0.0,0.0
2025-09-14 14:00:00+00:00,19.33,17.43,5.59
2025-09-14 15:00:00+00:00,98.2,88.41,4.56
2025-09-14 16:00:00+00:00,124.34,115.89,15.65
2025-09-14 17:00:00+00:00,153.29,134.25,18.4
2025-09-14 18:00:00+00:00,126.01,104.05,16.79
2025-09-14 19:00:00+00:00,97.37,85.29,13.53
2025-09-14 20:00:00+00:00,77.02,68.42,17.36
2025-09-14 21:00:00+00:00,14.27,14.27,12.92
2025-09-14 22:00:00+00:00,20.0,15.62,0.0
2025-09-14 23:00:00+00:00,3.87,1.63,-0.01
2025-09-15 00:00:00+00:00,1.39,-0.81,-0.01
2025-09-15 01:00:00+00:00,0.01,-1.5,-0.01
2025-09-15 02:00:00+00:00,0.0,-2.04,-0.01
2025-09-15 03:00:00+00:00,0.9,-0.99,-0.01
2025-09-15 04:00:00+00:00,20.27,19.69,0.0
2025-09-15 05:00:00+00:00,54.31,50.0,2.18
2025-09-15 06:00:00+00:00,40.4,38.75,19.69
2025-09-15 07:00:00+00:00,0.9,0.9,0.9
2025-09-15 08:00:00+00:00,-0.47,-0.29,0.0
2025-09-15 09:00:00+00:00,-2.61,-2.44,-0.01
2025-09-15 10:00:00+00:00,-8.0,-6.0,-0.04
2025-09-15 11:00:00+00:00,-14.27,-10.65,-0.02
2025-09-15 12:00:00+00:00,-13.7,-6.0,-0.06
2025-09-15 13:00:00+00:00,-8.9,-6.9,-0.01
2025-09-15 14:00:00+00:00,-5.24,-3.02,0.0
2025-09-15 15:00:00+00:00,-0.53,0.97,0.43
2025-09-15 16:00:00+00:00,14.01,15.0,6.03
2025-09-15 17:00:00+00:00,53.93,55.45,28.19
2025-09-15 18:00:00+00:00,47.37,50.0,9.37
2025-09-15 19:00:00+00:00,5.33,5.48,5.16
2025-09-15 20:00:00+00:00,2.91,2.91,5.17
2025-09-15 21:00:00+00:00,0.06,0.06,4.29
2025-09-15 22:00:00+00:00,-0.01,-0.01,5.0
2025-09-15 23:00:00+00:00,-0.09,-0.09,3.39
2025-09-16 00:00:00+00:00,-0.23,-0.23,3.23
2025-09-16 01:00:00+00:00,-1.05,-1.05,1.28
2025-09-16 02:00:00+00:00,-1.33,-1.33,0.0
2025-09-16 03:00:00+00:00,-0.01,-0.01,4.25
2025-09-16 04:00:00+00:00,2.32,2.33,6.27
2025-09-16 05:00:00+00:00,16.21,18.78,16.21
2025-09-16 06:00:00+00:00,3.81,24.0,21.58
2025-09-16 07:00:00+00:00,-1.01,10.0,11.39
2025-09-16 08:00:00+00:00,-5.11,-0.01,0.0
2025-09-16 09:00:00+00:00,-10.38,-1.2,0.0
2025-09-16 10:00:00+00:00,-20.05,-2.04,0.0
2025-09-16 11:00:00+00:00,-18.03,-2.03,-0.01
2025-09-16 12:00:00+00:00,-11.17,-0.01,-0.01
2025-09-16 13:00:00+00:00,-9.99,-1.5,0.0
2025-09-16 14:00:00+00:00,-3.24,-1.49,0.0
2025-09-16 15:00:00+00:00,0.0,6.47,16.87
2025-09-16 16:00:00+00:00,72.64,74.03,69.29
2025-09-16 17:00:00+00:00,103.33,121.21,109.03
2025-09-16 18:00:00+00:00,112.97,120.79,117.0
2025-09-16 19:00:00+00:00,92.97,98.78,96.81
2025-09-16 20:00:00+00:00,80.55,90.1,86.49
2025-09-16 21:00:00+00:00,65.44,92.06,73.84
2025-09-16 22:00:00+00:00,70.8,74.78,71.57
2025-09-16 23:00:00+00:00,63.47,66.86,63.37
2025-09-17 00:00:00+00:00,50.95,52.14,50.98
2025-09-17 01:00:00+00:00,48.53,53.0,40.32
2025-09-17 02:00:00+00:00,60.01,69.4,32.0
2025-09-17 03:00:00+00:00,73.82,81.26,35.16
2025-09-17 04:00:00+00:00,98.85,97.8,67.78
2025-09-17 05:00:00+00:00,117.34,118.75,111.07
2025-09-17 06:00:00+00:00,112.74,112.96,112.08
2025-09-17 07:00:00+00:00,95.14,99.88,85.85
2025-09-17 08:00:00+00:00,69.14,94.9,57.9
2025-09-17 09:00:00+00:00,41.38,100.0,37.6
2025-09-17 10:00:00+00:00,10.5,71.0,18.05
2025-09-17 11:00:00+00:00,7.88,40.1,7.88
2025-09-17 12:00:00+00:00,10.59,25.0,0.09
2025-09-17 13:00:00+00:00,43.09,59.3,6.11
2025-09-17 14:00:00+00:00,81.17,71.4,12.63
2025-09-17 15:00:00+00:00,110.0,101.71,50.0
2025-09-17 16:00:00+00:00,123.31,117.75,83.12
2025-09-17 17:00:00+00:00,142.58,116.21,111.76
2025-09-17 18:00:00+00:00,123.52,110.79,123.55
2025-09-17 19:00:00+00:00,94.2,90.82,95.2
2025-09-17 20:00:00+00:00,86.1,86.5,87.36
2025-09-17 21:00:00+00:00,73.07,71.43,63.02
2025-09-17 22:00:00+00:00,53.12,49.69,27.6
2025-09-17 23:00:00+00:00,48.29,45.19,27.02
2025-09-18 00:00:00+00:00,38.47,36.88,27.4
2025-09-18 01:00:00+00:00,37.96,34.77,15.61
2025-09-18 02:00:00+00:00,48.12,43.68,17.23
2025-09-18 03:00:00+00:00,74.15,67.41,25.65
2025-09-18 04:00:00+00:00,105.81,96.15,40.7
2025-09-18 05:00:00+00:00,117.21,115.13,100.05
2025-09-18 06:00:00+00:00,111.28,110.46,102.63
2025-09-18 07:00:00+00:00,90.8,89.49,79.09
2025-09-18 08:00:00+00:00,65.1,63.86,56.4
2025-09-18 09:00:00+00:00,5.89,5.88,5.87
2025-09-18 10:00:00+00:00,0.2,0.2,0.2
2025-09-18 11:00:00+00:00,0.0,0.0,0.0
2025-09-18 12:00:00+00:00,0.0,0.0,0.0
2025-09-18 13:00:00+00:00,0.52,0.52,0.52
2025-09-18 14:00:00+00:00,15.31,15.04,15.31
2025-09-18 15:00:00+00:00,89.79,80.84,45.8
2025-09-18 16:00:00+00:00,115.45,111.12,96.86
2025-09-18 17:00:00+00:00,134.23,125.76,124.7
2025-09-18 18:00:00+00:00,128.68,127.6,127.5
2025-09-18 19:00:00+00:00,110.0,110.0,110.0
2025-09-18 20:00:00+00:00,98.94,98.36,99.09
2025-09-18 21:00:00+00:00,88.2,88.2,88.2
2025-09-18 22:00:00+00:00,74.09,74.09,74.09
2025-09-18 23:00:00+00:00,72.47,74.9,65.0
2025-09-19 00:00:00+00:00,73.45,80.0,53.8
2025-09-19 01:00:00+00:00,73.7,77.97,46.93
2025-09-19 02:00:00+00:00,74.02,78.93,44.34
2025-09-19 03:00:00+00:00,89.59,93.39,42.13
2025-09-19 04:00:00+00:00,118.92,119.99,35.66
2025-09-19 05:00:00+00:00,143.42,149.43,81.19
2025-09-19 06:00:00+00:00,118.29,120.77,92.77
2025-09-19 07:00:00+00:00,95.18,106.96,49.14
2025-09-19 08:00:00+00:00,53.7,51.61,35.74
2025-09-19 09:00:00+00:00,13.03,13.02,13.0
2025-09-19 10:00:00+00:00,0.99,0.99,0.99
2025-09-19 11:00:00+00:00,0.0,0.0,0.0
2025-09-19 12:00:00+00:00,0.0,0.0,0.0
2025-09-19 13:00:00+00:00,11.97,11.97,11.97
2025-09-19 14:00:00+00:00,74.46,68.86,33.04
2025-09-19 15:00:00+00:00,119.44,113.37,65.87
2025-09-19 16:00:00+00:00,255.21,230.3,76.0
2025-09-19 17:00:00+00:00,409.24,373.71,108.14
2025-09-19 18:00:00+00:00,167.59,163.36,105.01
2025-09-19 19:00:00+00:00,111.82,110.05,85.6
2025-09-19 20:00:00+00:00,86.04,85.6,86.21
2025-09-19 21:00:00+00:00,78.93,79.02,79.14
2025-09-19 22:00:00+00:00,87.24,77.91,0.0
2025-09-19 23:00:00+00:00,77.91,77.91,14.71
2025-09-20 00:00:00+00:00,74.99,74.99,20.02
2025-09-20 01:00:00+00:00,74.8,74.8,19.31
2025-09-20 02:00:00+00:00,74.79,74.79,20.41
2025-09-20 03:00:00+00:00,80.21,80.21,19.31
2025-09-20 04:00:00+00:00,88.51,88.51,25.64
2025-09-20 05:00:00+00:00,86.97,86.97,20.8
2025-09-20 06:00:00+00:00,75.29,75.29,18.47
2025-09-20 07:00:00+00:00,24.9,24.94,24.87
2025-09-20 08:00:00+00:00,3.02,2.98,3.39
2025-09-20 09:00:00+00:00,-0.28,2.0,3.94
2025-09-20 10:00:00+00:00,-6.1,-1.49,1.72
2025-09-20 11:00:00+00:00,-10.86,-0.05,0.0
2025-09-20 12:00:00+00:00,-5.1,-1.49,0.0
2025-09-20 13:00:00+00:00,-0.04,3.0,0.65
2025-09-20 14:00:00+00:00,26.36,50.36,4.31
2025-09-20 15:00:00+00:00,93.84,81.44,15.43
2025-09-20 16:00:00+00:00,124.58,113.91,32.52
2025-09-20 17:00:00+00:00,134.1,125.74,44.62
2025-09-20 18:00:00+00:00,99.08,94.32,68.65
2025-09-20 19:00:00+00:00,81.95,79.79,58.21
2025-09-20 20:00:00+00:00,74.5,70.06,45.32
2025-09-20 21:00:00+00:00,48.3,43.66,17.62
2025-09-20 22:00:00+00:00,8.07,8.42,9.45
2025-09-20 23:00:00+00:00,3.7,3.81,4.43
2025-09-21 00:00:00+00:00,3.46,3.49,3.69
2025-09-21 01:00:00+00:00,1.65,1.7,1.95
2025-09-21 02:00:00+00:00,2.08,2.11,2.3
2025-09-21 03:00:00+00:00,3.23,3.42,4.03
2025-09-21 04:00:00+00:00,4.41,4.41,4.41
2025-09-21 05:00:00+00:00,5.23,5.23,5.23
2025-09-21 06:00:00+00:00,3.01,3.25,4.86
2025-09-21 07:00:00+00:00,1.31,1.86,4.82
2025-09-21 08:00:00+00:00,0.0,0.0,10.0
2025-09-21 09:00:00+00:00,-0.09,-0.01,4.48
2025-09-21 10:00:00+00:00,-1.2,-0.01,8.37
2025-09-21 11:00:00+00:00,-2.02,2.27,9.98
2025-09-21 12:00:00+00:00,-1.31,5.98,2.0
2025-09-21 13:00:00+00:00,-0.01,0.89,0.89
2025-09-21 14:00:00+00:00,9.47,9.49,9.47
2025-09-21 15:00:00+00:00,85.18,90.09,5.99
2025-09-21 16:00:00+00:00,113.96,110.0,15.0
2025-09-21 17:00:00+00:00,120.57,116.09,46.04
2025-09-21 18:00:00+00:00,118.84,115.99,69.96
2025-09-21 19:00:00+00:00,104.68,101.81,61.4
2025-09-21 20:00:00+00:00,96.35,90.28,54.8
2025-09-21 21:00:00+00:00,91.68,87.26,38.09
2025-09-21 22:00:00+00:00,87.33,86.0,15.57
2025-09-21 23:00:00+00:00,83.57,79.16,14.08
2025-09-22 00:00:00+00:00,79.21,72.65,21.44
2025-09-22 01:00:00+00:00,79.21,71.5,11.33
2025-09-22 02:00:00+00:00,80.35,73.53,4.14
2025-09-22 03:00:00+00:00,93.59,81.97,1.5
2025-09-22 04:00:00+00:00,118.69,105.46,10.66
2025-09-22 05:00:00+00:00,130.0,130.0,41.9
2025-09-22 06:00:00+00:00,130.0,130.0,62.03
2025-09-22 07:00:00+00:00,108.57,99.57,29.35
2025-09-22 08:00:00+00:00,91.82,78.45,2.0
2025-09-22 09:00:00+00:00,77.86,67.65,0.0
2025-09-22 10:00:00+00:00,74.04,64.07,0.0
2025-09-22 11:00:00+00:00,71.17,50.3,-0.01
2025-09-22 12:00:00+00:00,70.23,61.68,-0.01
2025-09-22 13:00:00+00:00,78.39,68.25,-0.01
2025-09-22 14:00:00+00:00,84.79,72.93,-0.01
2025-09-22 15:00:00+00:00,100.13,88.12,-0.01
2025-09-22 16:00:00+00:00,128.08,119.45,1.54
2025-09-22 17:00:00+00:00,140.92,158.42,39.66
2025-09-22 18:00:00+00:00,130.0,134.43,17.28
2025-09-22 19:00:00+00:00,114.24,111.83,9.22
2025-09-22 20:00:00+00:00,97.72,104.64,6.7
2025-09-22 21:00:00+00:00,89.99,93.62,26.47
2025-09-22 22:00:00+00:00,88.6,90.41,9.93
2025-09-22 23:00:00+00:00,90.0,90.0,7.27
2025-09-23 00:00:00+00:00,89.73,91.35,1.5
2025-09-23 01:00:00+00:00,89.93,91.39,-0.01
2025-09-23 02:00:00+00:00,91.34,91.55,-0.01
2025-09-23 03:00:00+00:00,98.11,94.76,-0.01
2025-09-23 04:00:00+00:00,122.01,127.54,17.26
2025-09-23 05:00:00+00:00,172.36,172.36,25.26
2025-09-23 06:00:00+00:00,162.8,170.33,40.7
2025-09-23 07:00:00+00:00,125.76,131.0,28.03
2025-09-23 08:00:00+00:00,93.92,102.35,3.82
2025-09-23 09:00:00+00:00,85.51,77.08,4.86
2025-09-23 10:00:00+00:00,77.54,69.21,12.42
2025-09-23 11:00:00+00:00,74.24,64.85,0.0
2025-09-23 12:00:00+00:00,74.25,64.9,0.0
2025-09-23 13:00:00+00:00,84.11,74.54,0.0
2025-09-23 14:00:00+00:00,85.76,85.76,0.0
2025-09-23 15:00:00+00:00,102.9,102.9,2.2
2025-09-23 16:00:00+00:00,136.83,136.83,26.47
2025-09-23 17:00:00+00:00,149.58,156.69,58.0
2025-09-23 18:00:00+00:00,115.81,117.4,40.63
2025-09-23 19:00:00+00:00,94.0,96.97,18.63
2025-09-23 20:00:00+00:00,84.91,83.59,21.96
2025-09-23 21:00:00+00:00,84.1,82.74,21.02
2025-09-23 22:00:00+00:00,82.67,82.08,0.0
2025-09-23 23:00:00+00:00,82.32,80.32,0.0
2025-09-24 00:00:00+00:00,81.61,80.1,0.0
2025-09-24 01:00:00+00:00,77.95,80.1,0.05
2025-09-24 02:00:00+00:00,78.59,77.68,0.0
2025-09-24 03:00:00+00:00,82.67,74.99,0.08
2025-09-24 04:00:00+00:00,109.76,93.74,0.0
2025-09-24 05:00:00+00:00,118.01,109.13,36.89
2025-09-24 06:00:00+00:00,120.45,120.45,69.01
2025-09-24 07:00:00+00:00,107.0,100.75,57.91
2025-09-24 08:00:00+00:00,85.54,76.27,9.52
2025-09-24 09:00:00+00:00,70.09,63.02,15.77
2025-09-24 10:00:00+00:00,27.1,17.64,27.1
2025-09-24 11:00:00+00:00,10.66,0.0,5.95
2025-09-24 12:00:00+00:00,9.9,-0.01,0.65
2025-09-24 13:00:00+00:00,15.0,11.87,0.01
2025-09-24 14:00:00+00:00,66.1,58.03,0.65
2025-09-24 15:00:00+00:00,85.69,85.18,20.1
2025-09-24 16:00:00+00:00,113.08,110.0,72.72
2025-09-24 17:00:00+00:00,115.93,114.09,95.0
2025-09-24 18:00:00+00:00,113.95,116.91,100.61
2025-09-24 19:00:00+00:00,91.29,91.82,89.66
2025-09-24 20:00:00+00:00,85.5,85.65,85.96
2025-09-24 21:00:00+00:00,69.68,69.77,70.47
2025-09-24 22:00:00+00:00,73.3,72.8,62.68
2025-09-24 23:00:00+00:00,69.69,67.88,54.9
2025-09-25 00:00:00+00:00,67.81,70.41,52.87
2025-09-25 01:00:00+00:00,68.09,73.19,40.35
2025-09-25 02:00:00+00:00,71.69,74.76,23.88
2025-09-25 03:00:00+00:00,77.33,75.58,53.52
2025-09-25 04:00:00+00:00,108.55,97.95,78.84
2025-09-25 05:00:00+00:00,124.26,111.25,86.9
2025-09-25 06:00:00+00:00,124.99,124.88,116.89
2025-09-25 07:00:00+00:00,104.88,104.02,88.57
2025-09-25 08:00:00+00:00,77.95,76.63,55.12
2025-09-25 09:00:00+00:00,69.24,10.0,30.2
2025-09-25 10:00:00+00:00,38.18,-2.04,38.72
2025-09-25 11:00:00+00:00,16.03,10.0,25.93
2025-09-25 12:00:00+00:00,20.1,15.42,20.1
2025-09-25 13:00:00+00:00,43.66,40.96,22.74
2025-09-25 14:00:00+00:00,75.0,68.07,25.93
2025-09-25 15:00:00+00:00,88.79,84.83,53.13
2025-09-25 16:00:00+00:00,117.04,114.05,76.01
2025-09-25 17:00:00+00:00,121.47,120.93,114.11
2025-09-25 18:00:00+00:00,123.75,124.28,121.79
2025-09-25 19:00:00+00:00,105.83,107.12,96.73
2025-09-25 20:00:00+00:00,94.77,97.51,85.69
2025-09-25 21:00:00+00:00,81.09,81.09,81.09
2025-09-25 22:00:00+00:00,78.48,78.48,78.48
2025-09-25 23:00:00+00:00,75.0,74.58,72.3
2025-09-26 00:00:00+00:00,73.17,73.18,72.87
2025-09-26 01:00:00+00:00,73.18,73.18,69.45
2025-09-26 02:00:00+00:00,74.93,74.15,64.85
2025-09-26 03:00:00+00:00,82.0,80.52,72.13
2025-09-26 04:00:00+00:00,107.74,102.01,91.76
2025-09-26 05:00:00+00:00,120.33,117.1,110.4
2025-09-26 06:00:00+00:00,123.56,123.56,123.28
2025-09-26 07:00:00+00:00,110.41,111.45,108.8
2025-09-26 08:00:00+00:00,89.84,89.9,88.59
2025-09-26 09:00:00+00:00,85.36,85.28,83.86
2025-09-26 10:00:00+00:00,78.96,79.25,79.47
2025-09-26 11:00:00+00:00,73.16,73.59,76.09
2025-09-26 12:00:00+00:00,75.05,74.71,71.9
2025-09-26 13:00:00+00:00,79.99,84.13,48.35
2025-09-26 14:00:00+00:00,98.81,93.84,66.26
2025-09-26 15:00:00+00:00,109.8,103.62,73.36
2025-09-26 16:00:00+00:00,123.65,120.56,94.08
2025-09-26 17:00:00+00:00,133.02,132.79,123.6
2025-09-26 18:00:00+00:00,119.61,119.61,119.61
2025-09-26 19:00:00+00:00,106.21,106.21,106.21
2025-09-26 20:00:00+00:00,96.9,96.9,96.9
2025-09-26 21:00:00+00:00,89.9,89.9,89.9
2025-09-26 22:00:00+00:00,84.99,84.8,83.93
2025-09-26 23:00:00+00:00,83.26,83.26,66.2
2025-09-27 00:00:00+00:00,82.7,80.0,57.91
2025-09-27 01:00:00+00:00,82.51,80.0,54.87
2025-09-27 02:00:00+00:00,85.28,78.11,44.76
2025-09-27 03:00:00+00:00,89.19,81.62,47.51
2025-09-27 04:00:00+00:00,90.57,88.01,69.24
2025-09-27 05:00:00+00:00,105.45,100.99,66.47
2025-09-27 06:00:00+00:00,109.71,106.54,82.17
2025-09-27 07:00:00+00:00,96.92,94.44,82.66
2025-09-27 08:00:00+00:00,87.86,87.05,38.8
2025-09-27 09:00:00+00:00,75.0,65.67,20.25
2025-09-27 10:00:00+00:00,59.77,52.59,16.79
2025-09-27 11:00:00+00:00,36.11,32.4,12.91
2025-09-27 12:00:00+00:00,48.54,42.26,10.42
2025-09-27 13:00:00+00:00,78.22,67.1,11.66
2025-09-27 14:00:00+00:00,93.1,79.28,12.27
2025-09-27 15:00:00+00:00,112.01,102.8,29.2
2025-09-27 16:00:00+00:00,133.35,130.0,67.0
2025-09-27 17:00:00+00:00,148.61,145.92,92.56
2025-09-27 18:00:00+00:00,122.53,119.15,98.41
2025-09-27 19:00:00+00:00,114.4,109.74,72.1
2025-09-27 20:00:00+00:00,107.56,104.64,79.69
2025-09-27 21:00:00+00:00,99.54,96.52,82.05
2025-09-27 22:00:00+00:00,97.56,91.67,63.51
2025-09-27 23:00:00+00:00,95.31,89.29,60.86
2025-09-28 00:00:00+00:00,94.32,89.62,59.83
2025-09-28 01:00:00+00:00,91.47,91.47,44.37
2025-09-28 02:00:00+00:00,97.77,90.6,35.29
2025-09-28 03:00:00+00:00,97.58,92.28,52.99
2025-09-28 04:00:00+00:00,100.91,100.91,48.54
2025-09-28 05:00:00+00:00,105.79,99.48,58.87
2025-09-28 06:00:00+00:00,98.77,93.93,58.87
2025-09-28 07:00:00+00:00,95.04,89.9,57.91
2025-09-28 08:00:00+00:00,82.08,74.12,35.0
2025-09-28 09:00:00+00:00,37.47,36.15,29.16
2025-09-28 10:00:00+00:00,17.11,17.11,17.11
2025-09-28 11:00:00+00:00,8.53,8.53,8.53
2025-09-28 12:00:00+00:00,13.0,13.0,13.0
2025-09-28 13:00:00+00:00,61.33,54.04,16.79
2025-09-28 14:00:00+00:00,86.0,75.68,22.97
2025-09-28 15:00:00+00:00,105.89,94.66,37.34
2025-09-28 16:00:00+00:00,131.02,128.07,61.11
2025-09-28 17:00:00+00:00,137.97,139.0,70.98
2025-09-28 18:00:00+00:00,125.93,125.93,74.14
2025-09-28 19:00:00+00:00,113.51,113.51,61.0
2025-09-28 20:00:00+00:00,102.29,98.17,69.62
2025-09-28 21:00:00+00:00,95.74,89.79,60.16
2025-09-28 22:00:00+00:00,90.95,84.93,51.6
2025-09-28 23:00:00+00:00,88.76,82.33,47.7
2025-09-29 00:00:00+00:00,87.88,80.96,45.0
2025-09-29 01:00:00+00:00,87.94,80.65,32.0
2025-09-29 02:00:00+00:00,88.31,82.78,30.0
2025-09-29 03:00:00+00:00,98.37,92.0,32.5
2025-09-29 04:00:00+00:00,134.98,117.89,50.0
2025-09-29 05:00:00+00:00,222.1,193.51,74.4
2025-09-29 06:00:00+00:00,166.91,160.43,81.8
2025-09-29 07:00:00+00:00,122.06,121.08,73.08
2025-09-29 08:00:00+00:00,90.21,86.18,59.33
2025-09-29 09:00:00+00:00,84.95,78.84,40.14
2025-09-29 10:00:00+00:00,78.71,73.26,35.0
2025-09-29 11:00:00+00:00,77.08,70.75,28.3
2025-09-29 12:00:00+00:00,83.33,74.57,21.99
2025-09-29 13:00:00+00:00,87.4,79.23,27.94
2025-09-29 14:00:00+00:00,99.98,88.0,35.0
2025-09-29 15:00:00+00:00,140.79,125.0,52.0
2025-09-29 16:00:00+00:00,302.65,263.0,85.0
2025-09-29 17:00:00+00:00,406.78,353.65,101.13
2025-09-29 18:00:00+00:00,167.6,164.24,133.26
2025-09-29 19:00:00+00:00,123.85,117.61,89.51
2025-09-29 20:00:00+00:00,108.3,103.8,84.88
2025-09-29 21:00:00+00:00,93.68,92.74,88.6
2025-09-29 22:00:00+00:00,101.1,95.37,69.9
2025-09-29 23:00:00+00:00,98.43,91.36,64.7
2025-09-30 00:00:00+00:00,98.93,92.57,65.9
2025-09-30 01:00:00+00:00,94.99,87.18,43.63
2025-09-30 02:00:00+00:00,99.12,89.01,38.0
2025-09-30 03:00:00+00:00,112.08,96.6,30.23
2025-09-30 04:00:00+00:00,141.86,127.38,56.0
2025-09-30 05:00:00+00:00,244.0,216.06,98.18
2025-09-30 06:00:00+00:00,209.23,192.51,120.0
2025-09-30 07:00:00+00:00,141.85,135.82,93.97
2025-09-30 08:00:00+00:00,115.2,107.44,60.1
2025-09-30 09:00:00+00:00,96.72,87.57,31.0
2025-09-30 10:00:00+00:00,87.91,79.22,24.47
2025-09-30 11:00:00+00:00,86.04,77.13,21.9
2025-09-30 12:00:00+00:00,87.26,76.15,7.43
2025-09-30 13:00:00+00:00,96.8,86.0,22.89
2025-09-30 14:00:00+00:00,104.03,92.4,25.26
2025-09-30 15:00:00+00:00,142.64,124.02,36.01
2025-09-30 16:00:00+00:00,294.54,254.96,82.99
2025-09-30 17:00:00+00:00,357.77,312.0,117.0
2025-09-30 18:00:00+00:00,147.28,139.56,106.18
2025-09-30 19:00:00+00:00,116.04,110.0,83.23
2025-09-30 20:00:00+00:00,101.63,98.0,73.0
2025-09-30 21:00:00+00:00,92.54,90.0,75.73
2025-09-30 22:00:00+00:00,102.6,102.55,102.08
2025-09-30 22:15:00+00:00,92.24,92.17,91.65
2025-09-30 22:30:00+00:00,86.03,82.69,63.14
2025-09-30 22:45:00+00:00,85.39,81.86,61.25
2025-09-30 23:00:00+00:00,89.99,89.54,86.91
2025-09-30 23:15:00+00:00,86.03,84.93,78.45
2025-09-30 23:30:00+00:00,85.03,83.56,75.02
2025-09-30 23:45:00+00:00,84.09,81.69,67.7
2025-10-01 00:00:00+00:00,85.41,81.87,61.57
2025-10-01 00:15:00+00:00,85.0,81.51,61.51
2025-10-01 00:30:00+00:00,84.54,77.42,36.82
2025-10-01 00:45:00+00:00,84.54,76.45,30.39
2025-10-01 01:00:00+00:00,87.39,79.32,33.4
2025-10-01 01:15:00+00:00,87.36,79.24,33.05
2025-10-01 01:30:00+00:00,88.56,80.05,31.58
2025-10-01 01:45:00+00:00,89.99,79.52,19.85
2025-10-01 02:00:00+00:00,86.31,79.94,43.45
2025-10-01 02:15:00+00:00,89.06,85.02,61.9
2025-10-01 02:30:00+00:00,86.42,83.89,69.41
2025-10-01 02:45:00+00:00,88.83,75.83,1.35
2025-10-01 03:00:00+00:00,84.26,75.01,22.25
2025-10-01 03:15:00+00:00,90.76,80.88,24.53
2025-10-01 03:30:00+00:00,97.55,88.18,36.08
2025-10-01 03:45:00+00:00,108.74,97.34,32.35
2025-10-01 04:00:00+00:00,97.03,87.65,37.82
2025-10-01 04:15:00+00:00,117.49,107.93,61.32
2025-10-01 04:30:00+00:00,133.23,123.95,68.11
2025-10-01 04:45:00+00:00,152.09,143.66,78.41
2025-10-01 05:00:00+00:00,160.95,150.66,86.3
2025-10-01 05:15:00+00:00,181.48,171.48,101.84
2025-10-01 05:30:00+00:00,180.23,172.01,107.7
2025-10-01 05:45:00+00:00,170.54,163.35,114.73
2025-10-01 06:00:00+00:00,200.25,198.33,140.78
2025-10-01 06:15:00+00:00,143.35,142.86,130.56
2025-10-01 06:30:00+00:00,117.5,117.23,115.17
2025-10-01 06:45:00+00:00,95.25,95.25,95.25
2025-10-01 07:00:00+00:00,139.48,139.01,125.5
2025-10-01 07:15:00+00:00,105.01,105.01,105.01
2025-10-01 07:30:00+00:00,93.66,93.48,92.24
2025-10-01 07:45:00+00:00,82.85,79.96,60.0
2025-10-01 08:00:00+00:00,103.22,102.82,100.24
2025-10-01 08:15:00+00:00,93.06,89.23,65.0
2025-10-01 08:30:00+00:00,81.21,78.16,58.81
2025-10-01 08:45:00+00:00,66.65,63.7,45.0
2025-10-01 09:00:00+00:00,83.5,79.97,59.07
2025-10-01 09:15:00+00:00,72.08,68.06,44.2
2025-10-01 09:30:00+00:00,65.32,61.13,35.87
2025-10-01 09:45:00+00:00,61.37,56.19,24.97
2025-10-01 10:00:00+00:00,68.21,61.69,26.76
2025-10-01 10:15:00+00:00,65.22,57.42,22.5
2025-10-01 10:30:00+00:00,65.45,57.86,23.92
2025-10-01 10:45:00+00:00,65.22,57.42,22.5
2025-10-01 11:00:00+00:00,65.6,57.09,16.99
2025-10-01 11:15:00+00:00,67.72,58.78,16.68
2025-10-01 11:30:00+00:00,69.44,60.07,15.98
2025-10-01 11:45:00+00:00,70.84,61.14,15.45
2025-10-01 12:00:00+00:00,64.49,54.35,6.67
2025-10-01 12:15:00+00:00,70.25,60.62,15.31
2025-10-01 12:30:00+00:00,74.63,64.4,16.35
2025-10-01 12:45:00+00:00,81.14,71.9,17.76
2025-10-01 13:00:00+00:00,65.3,57.55,16.68
2025-10-01 13:15:00+00:00,74.63,66.28,18.94
2025-10-01 13:30:00+00:00,88.02,77.91,16.79
2025-10-01 13:45:00+00:00,98.94,88.62,24.57
2025-10-01 14:00:00+00:00,62.15,55.07,19.0
2025-10-01 14:15:00+00:00,89.53,80.77,26.56
2025-10-01 14:30:00+00:00,103.08,95.16,43.78
2025-10-01 14:45:00+00:00,116.72,109.0,58.55
2025-10-01 15:00:00+00:00,85.49,76.45,25.1
2025-10-01 15:15:00+00:00,115.87,106.42,50.0
2025-10-01 15:30:00+00:00,144.98,139.35,60.0
2025-10-01 15:45:00+00:00,195.26,190.18,77.67
2025-10-01 16:00:00+00:00,146.95,141.68,59.07
2025-10-01 16:15:00+00:00,200.0,192.84,75.01
2025-10-01 16:30:00+00:00,285.0,285.0,101.52
2025-10-01 16:45:00+00:00,381.0,381.0,110.69
2025-10-01 17:00:00+00:00,408.5,408.5,105.68
2025-10-01 17:15:00+00:00,376.39,376.39,112.21
2025-10-01 17:30:00+00:00,321.94,321.94,148.01
2025-10-01 17:45:00+00:00,253.14,253.14,134.33
2025-10-01 18:00:00+00:00,218.02,217.5,148.01
2025-10-01 18:15:00+00:00,155.25,154.56,130.06
2025-10-01 18:30:00+00:00,126.82,123.11,102.19
2025-10-01 18:45:00+00:00,108.0,104.83,86.79
2025-10-01 19:00:00+00:00,130.68,125.76,102.47
2025-10-01 19:15:00+00:00,121.4,115.82,89.7
2025-10-01 19:30:00+00:00,102.98,97.54,72.01
2025-10-01 19:45:00+00:00,97.08,87.96,45.47
2025-10-01 20:00:00+00:00,108.84,106.69,92.23
2025-10-01 20:15:00+00:00,101.51,98.76,80.26
2025-10-01 20:30:00+00:00,95.36,95.32,95.17
2025-10-01 20:45:00+00:00,88.33,88.02,86.71
2025-10-01 21:00:00+00:00,94.57,93.53,86.87
2025-10-01 21:15:00+00:00,91.55,88.75,70.81
2025-10-01 21:30:00+00:00,91.11,90.62,87.45
2025-10-01 21:45:00+00:00,85.36,82.6,65.01
2025-10-01 22:00:00+00:00,99.58,99.17,96.94
2025-10-01 22:15:00+00:00,91.1,88.52,74.48
2025-10-01 22:30:00+00:00,86.09,82.45,62.59
2025-10-01 22:45:00+00:00,86.45,79.71,43.01
2025-10-01 23:00:00+00:00,94.45,91.19,73.51
2025-10-01 23:15:00+00:00,90.42,85.75,60.45
2025-10-01 23:30:00+00:00,84.59,81.41,64.18
2025-10-01 23:45:00+00:00,82.54,80.93,72.19
2025-10-02 00:00:00+00:00,86.46,85.44,79.84
2025-10-02 00:15:00+00:00,84.8,80.36,56.01
2025-10-02 00:30:00+00:00,86.21,80.19,47.12
2025-10-02 00:45:00+00:00,88.63,79.4,28.74
2025-10-02 01:00:00+00:00,89.67,82.24,39.49
2025-10-02 01:15:00+00:00,88.64,79.77,28.77
2025-10-02 01:30:00+00:00,88.64,79.77,28.77
2025-10-02 01:45:00+00:00,87.29,76.55,14.74
2025-10-02 02:00:00+00:00,88.08,79.39,31.36
2025-10-02 02:15:00+00:00,90.58,81.45,31.02
2025-10-02 02:30:00+00:00,92.13,85.08,46.12
2025-10-02 02:45:00+00:00,92.44,85.82,49.25
2025-10-02 03:00:00+00:00,85.42,79.4,46.99
2025-10-02 03:15:00+00:00,89.83,85.57,62.59
2025-10-02 03:30:00+00:00,96.57,92.72,71.99
2025-10-02 03:45:00+00:00,112.07,107.83,84.98
2025-10-02 04:00:00+00:00,94.15,86.23,51.57
2025-10-02 04:15:00+00:00,117.78,109.51,78.01
2025-10-02 04:30:00+00:00,134.03,119.71,66.93
2025-10-02 04:45:00+00:00,168.92,151.57,90.65
2025-10-02 05:00:00+00:00,173.9,116.73,71.54
2025-10-02 05:15:00+00:00,198.6,158.78,107.75
2025-10-02 05:30:00+00:00,187.76,167.22,109.63
2025-10-02 05:45:00+00:00,164.09,155.99,121.08
2025-10-02 06:00:00+00:00,188.89,174.65,153.01
2025-10-02 06:15:00+00:00,151.89,149.66,140.11
2025-10-02 06:30:00+00:00,115.3,115.25,115.1
2025-10-02 06:45:00+00:00,90.63,89.29,83.66
2025-10-02 07:00:00+00:00,123.28,122.86,119.87
2025-10-02 07:15:00+00:00,112.8,111.58,103.36
2025-10-02 07:30:00+00:00,92.01,92.03,92.29
2025-10-02 07:45:00+00:00,73.93,71.77,58.94
2025-10-02 08:00:00+00:00,101.95,99.8,84.5
2025-10-02 08:15:00+00:00,99.97,96.03,58.5
2025-10-02 08:30:00+00:00,86.08,83.19,55.56
2025-10-02 08:45:00+00:00,77.92,73.96,36.2
2025-10-02 09:00:00+00:00,91.75,95.71,44.1
2025-10-02 09:15:00+00:00,83.31,83.31,37.22
2025-10-02 09:30:00+00:00,72.08,72.08,33.32
2025-10-02 09:45:00+00:00,66.0,65.99,22.5
2025-10-02 10:00:00+00:00,70.25,70.25,28.05
2025-10-02 10:15:00+00:00,64.35,64.35,20.7
2025-10-02 10:30:00+00:00,64.44,64.44,22.5
2025-10-02 10:45:00+00:00,64.04,60.33,17.15
2025-10-02 11:00:00+00:00,57.95,54.55,20.16
2025-10-02 11:15:00+00:00,60.4,56.73,19.0
2025-10-02 11:30:00+00:00,61.27,57.66,16.46
2025-10-02 11:45:00+00:00,62.38,55.48,15.06
2025-10-02 12:00:00+00:00,61.7,54.88,15.59
2025-10-02 12:15:00+00:00,66.34,58.92,16.46
2025-10-02 12:30:00+00:00,74.63,66.16,16.79
2025-10-02 12:45:00+00:00,82.49,72.98,16.79
2025-10-02 13:00:00+00:00,62.12,55.32,15.0
2025-10-02 13:15:00+00:00,74.85,66.49,16.46
2025-10-02 13:30:00+00:00,86.81,76.71,16.0
2025-10-02 13:45:00+00:00,98.87,87.48,18.91
2025-10-02 14:00:00+00:00,71.94,64.33,20.7
2025-10-02 14:15:00+00:00,83.5,75.77,29.9
2025-10-02 14:30:00+00:00,98.44,88.53,30.09
2025-10-02 14:45:00+00:00,111.9,102.58,46.89
2025-10-02 15:00:00+00:00,72.46,69.8,25.1
2025-10-02 15:15:00+00:00,89.52,81.14,40.59
2025-10-02 15:30:00+00:00,117.3,106.99,55.52
2025-10-02 15:45:00+00:00,174.0,169.37,61.33
2025-10-02 16:00:00+00:00,118.32,105.4,47.16
2025-10-02 16:15:00+00:00,142.55,128.83,67.4
2025-10-02 16:30:00+00:00,178.63,168.31,101.68
2025-10-02 16:45:00+00:00,232.2,219.43,104.48
2025-10-02 17:00:00+00:00,219.39,198.48,90.0
2025-10-02 17:15:00+00:00,202.03,183.32,103.36
2025-10-02 17:30:00+00:00,162.92,152.96,110.41
2025-10-02 17:45:00+00:00,123.01,122.82,123.9
2025-10-02 18:00:00+00:00,136.09,135.96,130.71
2025-10-02 18:15:00+00:00,110.35,108.69,95.98
2025-10-02 18:30:00+00:00,98.43,95.05,81.69
2025-10-02 18:45:00+00:00,94.81,80.4,41.86
2025-10-02 19:00:00+00:00,98.47,98.42,99.82
2025-10-02 19:15:00+00:00,93.22,86.09,70.95
2025-10-02 19:30:00+00:00,84.09,78.59,57.95
2025-10-02 19:45:00+00:00,87.64,75.57,15.24
2025-10-02 20:00:00+00:00,105.25,95.96,57.16
2025-10-02 20:15:00+00:00,102.96,89.94,30.33
2025-10-02 20:30:00+00:00,95.43,90.61,68.03
2025-10-02 20:45:00+00:00,82.99,75.23,39.82
2025-10-02 21:00:00+00:00,105.11,90.81,39.31
2025-10-02 21:15:00+00:00,93.39,79.51,29.52
2025-10-02 21:30:00+00:00,74.94,68.89,48.35
2025-10-02 21:45:00+00:00,54.93,50.08,38.58
2025-10-02 22:00:00+00:00,97.06,89.65,58.41
2025-10-02 22:15:00+00:00,89.29,79.56,38.55
2025-10-02 22:30:00+00:00,82.88,71.18,22.32
2025-10-02 22:45:00+00:00,74.5,62.27,11.33
2025-10-02 23:00:00+00:00,87.06,79.31,47.56
2025-10-02 23:15:00+00:00,81.97,72.79,35.17
2025-10-02 23:30:00+00:00,74.88,65.87,28.98
2025-10-02 23:45:00+00:00,64.65,56.58,23.53
2025-10-03 00:00:00+00:00,82.76,71.33,30.6
2025-10-03 00:15:00+00:00,67.27,62.8,50.04
2025-10-03 00:30:00+00:00,69.18,58.34,22.52
2025-10-03 00:45:00+00:00,67.79,57.12,22.11
2025-10-03 01:00:00+00:00,62.05,56.44,26.78
2025-10-03 01:15:00+00:00,77.79,69.49,25.58
2025-10-03 01:30:00+00:00,79.88,69.95,17.45
2025-10-03 01:45:00+00:00,75.91,67.31,21.81
2025-10-03 02:00:00+00:00,71.57,63.44,17.69
2025-10-03 02:15:00+00:00,72.33,64.54,20.71
2025-10-03 02:30:00+00:00,79.85,70.49,17.79
2025-10-03 02:45:00+00:00,81.4,72.08,19.86
2025-10-03 03:00:00+00:00,68.79,58.28,17.73
2025-10-03 03:15:00+00:00,73.87,65.1,31.45
2025-10-03 03:30:00+00:00,82.29,74.39,45.45
2025-10-03 03:45:00+00:00,86.97,72.85,25.09
2025-10-03 04:00:00+00:00,88.68,77.16,23.05
2025-10-03 04:15:00+00:00,91.07,80.16,34.46
2025-10-03 04:30:00+00:00,105.53,97.38,65.62
2025-10-03 04:45:00+00:00,89.84,84.72,77.04
2025-10-03 05:00:00+00:00,96.31,90.43,68.93
2025-10-03 05:15:00+00:00,104.01,99.5,85.73
2025-10-03 05:30:00+00:00,96.87,95.1,94.33
2025-10-03 05:45:00+00:00,104.48,102.16,94.6
2025-10-03 06:00:00+00:00,123.03,123.3,122.98
2025-10-03 06:15:00+00:00,114.24,114.24,112.68
2025-10-03 06:30:00+00:00,102.97,103.14,102.97
2025-10-03 06:45:00+00:00,74.48,74.75,74.48
2025-10-03 07:00:00+00:00,108.53,136.71,115.46
2025-10-03 07:15:00+00:00,95.45,119.99,96.22
2025-10-03 07:30:00+00:00,77.56,91.34,82.24
2025-10-03 07:45:00+00:00,54.07,67.93,54.07
2025-10-03 08:00:00+00:00,90.0,125.99,97.43
2025-10-03 08:15:00+00:00,64.15,108.21,69.07
2025-10-03 08:30:00+00:00,45.12,90.1,60.16
2025-10-03 08:45:00+00:00,40.72,75.3,48.0
2025-10-03 09:00:00+00:00,46.91,103.82,58.94
2025-10-03 09:15:00+00:00,42.89,92.14,45.96
2025-10-03 09:30:00+00:00,40.51,73.94,50.0
2025-10-03 09:45:00+00:00,31.7,70.1,43.88
2025-10-03 10:00:00+00:00,32.47,84.63,47.97
2025-10-03 10:15:00+00:00,27.25,84.29,44.2
2025-10-03 10:30:00+00:00,24.62,76.38,40.0
2025-10-03 10:45:00+00:00,21.07,67.95,35.0
2025-10-03 11:00:00+00:00,18.31,74.88,45.76
2025-10-03 11:15:00+00:00,14.24,71.44,42.0
2025-10-03 11:30:00+00:00,14.68,70.85,36.2
2025-10-03 11:45:00+00:00,18.78,67.21,32.55
2025-10-03 12:00:00+00:00,10.53,65.0,38.08
2025-10-03 12:15:00+00:00,23.71,50.86,37.44
2025-10-03 12:30:00+00:00,30.63,42.68,40.0
2025-10-03 12:45:00+00:00,39.94,40.95,40.95
2025-10-03 13:00:00+00:00,32.77,33.2,32.91
2025-10-03 13:15:00+00:00,40.0,41.52,40.0
2025-10-03 13:30:00+00:00,58.96,61.7,40.0
2025-10-03 13:45:00+00:00,67.8,73.97,40.0
2025-10-03 14:00:00+00:00,39.55,38.3,34.45
2025-10-03 14:15:00+00:00,48.74,48.74,41.2
2025-10-03 14:30:00+00:00,74.28,74.28,45.76
2025-10-03 14:45:00+00:00,91.0,91.0,55.0
2025-10-03 15:00:00+00:00,49.89,48.72,40.01
2025-10-03 15:15:00+00:00,78.49,74.72,55.0
2025-10-03 15:30:00+00:00,102.6,95.38,59.05
2025-10-03 15:45:00+00:00,128.62,120.78,79.49
2025-10-03 16:00:00+00:00,113.32,100.0,31.31
2025-10-03 16:15:00+00:00,118.26,105.96,40.84
2025-10-03 16:30:00+00:00,128.5,117.6,56.92
2025-10-03 16:45:00+00:00,122.96,116.45,73.04
2025-10-03 17:00:00+00:00,124.22,110.46,48.95
2025-10-03 17:15:00+00:00,114.99,102.88,51.2
2025-10-03 17:30:00+00:00,99.91,93.9,72.24
2025-10-03 17:45:00+00:00,96.92,91.95,68.96
2025-10-03 18:00:00+00:00,106.78,102.85,84.75
2025-10-03 18:15:00+00:00,81.91,74.61,45.88
2025-10-03 18:30:00+00:00,56.68,56.01,56.68
2025-10-03 18:45:00+00:00,54.79,47.44,10.89
2025-10-03 19:00:00+00:00,72.48,70.12,67.07
2025-10-03 19:15:00+00:00,47.23,43.52,36.57
2025-10-03 19:30:00+00:00,37.59,35.92,35.92
2025-10-03 19:45:00+00:00,16.47,16.21,10.45
2025-10-03 20:00:00+00:00,37.77,35.07,37.77
2025-10-03 20:15:00+00:00,21.34,20.04,22.86
2025-10-03 20:30:00+00:00,21.84,20.51,25.32
2025-10-03 20:45:00+00:00,20.66,17.12,22.71
2025-10-03 21:00:00+00:00,24.58,22.29,31.76
2025-10-03 21:15:00+00:00,9.77,7.28,17.17
2025-10-03 21:30:00+00:00,7.49,7.49,13.71
2025-10-03 21:45:00+00:00,2.59,1.97,9.31
2025-10-03 22:00:00+00:00,2.93,2.93,13.75
2025-10-03 22:15:00+00:00,0.1,0.1,9.94
2025-10-03 22:30:00+00:00,-0.05,-1.89,8.52
2025-10-03 22:45:00+00:00,-0.08,-2.04,7.2
2025-10-03 23:00:00+00:00,0.0,-2.35,8.55
2025-10-03 23:15:00+00:00,-0.01,-2.08,8.11
2025-10-03 23:30:00+00:00,-0.01,-2.72,2.41
2025-10-03 23:45:00+00:00,-0.02,-4.01,0.61
2025-10-04 00:00:00+00:00,-0.01,-3.55,3.83
2025-10-04 00:15:00+00:00,-0.01,-4.07,2.23
2025-10-04 00:30:00+00:00,-0.04,-4.08,0.69
2025-10-04 00:45:00+00:00,-0.11,-4.09,0.62
2025-10-04 01:00:00+00:00,-0.07,-4.08,0.01
2025-10-04 01:15:00+00:00,-0.09,-4.09,0.0
2025-10-04 01:30:00+00:00,-0.1,-4.64,0.0
2025-10-04 01:45:00+00:00,-0.13,-4.68,-0.01
2025-10-04 02:00:00+00:00,-0.93,-4.03,0.0
2025-10-04 02:15:00+00:00,-0.97,-4.04,0.0
2025-10-04 02:30:00+00:00,-1.03,-4.04,0.0
2025-10-04 02:45:00+00:00,-1.58,-4.04,0.0
2025-10-04 03:00:00+00:00,-1.52,-4.65,0.0
2025-10-04 03:15:00+00:00,-2.02,-4.1,0.0
2025-10-04 03:30:00+00:00,-2.02,-4.08,0.0
2025-10-04 03:45:00+00:00,-2.06,-4.1,0.0
2025-10-04 04:00:00+00:00,-2.15,-3.29,-0.02
2025-10-04 04:15:00+00:00,-2.02,-4.03,-0.01
2025-10-04 04:30:00+00:00,-1.48,-4.05,0.0
2025-10-04 04:45:00+00:00,-2.01,-4.0,0.05
2025-10-04 05:00:00+00:00,-0.25,-3.12,0.48
2025-10-04 05:15:00+00:00,-0.81,-2.08,1.86
2025-10-04 05:30:00+00:00,-1.0,-2.0,3.97
2025-10-04 05:45:00+00:00,-1.04,-1.68,0.01
2025-10-04 06:00:00+00:00,-0.7,-2.71,9.16
2025-10-04 06:15:00+00:00,-0.09,-0.09,6.48
2025-10-04 06:30:00+00:00,-0.08,-0.08,6.75
2025-10-04 06:45:00+00:00,-0.33,-0.33,4.0
2025-10-04 07:00:00+00:00,-0.1,0.55,9.46
2025-10-04 07:15:00+00:00,-0.43,2.79,14.33
2025-10-04 07:30:00+00:00,-0.05,3.79,15.45
2025-10-04 07:45:00+00:00,-0.07,0.77,2.14
2025-10-04 08:00:00+00:00,-0.01,3.65,14.41
2025-10-04 08:15:00+00:00,-0.1,0.61,7.96
2025-10-04 08:30:00+00:00,-0.14,0.5,2.14
2025-10-04 08:45:00+00:00,-0.11,-0.06,0.15
2025-10-04 09:00:00+00:00,-0.01,0.09,0.41
2025-10-04 09:15:00+00:00,-0.26,-0.16,0.02
2025-10-04 09:30:00+00:00,-0.08,-0.05,0.01
2025-10-04 09:45:00+00:00,-0.04,-0.03,0.0
2025-10-04 10:00:00+00:00,-0.19,-0.12,0.0
2025-10-04 10:15:00+00:00,-0.06,-0.04,-0.01
2025-10-04 10:30:00+00:00,-0.03,-0.02,-0.01
2025-10-04 10:45:00+00:00,-0.04,-0.1,-0.01
2025-10-04 11:00:00+00:00,-0.24,-0.3,0.0
2025-10-04 11:15:00+00:00,-0.23,-0.29,0.0
2025-10-04 11:30:00+00:00,-0.4,-0.33,-0.01
2025-10-04 11:45:00+00:00,-0.89,-0.63,-0.05
2025-10-04 12:00:00+00:00,-0.13,-1.6,-0.03
2025-10-04 12:15:00+00:00,-1.02,-2.13,-0.02
2025-10-04 12:30:00+00:00,-2.02,-4.04,-0.01
2025-10-04 12:45:00+00:00,-5.01,-8.79,0.0
2025-10-04 13:00:00+00:00,-1.82,-2.34,-0.03
2025-10-04 13:15:00+00:00,-5.02,-6.5,0.0
2025-10-04 13:30:00+00:00,-2.51,-4.73,0.0
2025-10-04 13:45:00+00:00,-1.07,-4.87,0.0
2025-10-04 14:00:00+00:00,-0.25,-1.76,-0.01
2025-10-04 14:15:00+00:00,-0.01,-3.08,-0.01
2025-10-04 14:30:00+00:00,-0.04,-2.07,-0.01
2025-10-04 14:45:00+00:00,-0.08,-2.04,0.0
2025-10-04 15:00:00+00:00,-1.08,-1.08,-0.05
2025-10-04 15:15:00+00:00,-0.01,-0.01,-0.01
2025-10-04 15:30:00+00:00,0.0,0.02,0.0
2025-10-04 15:45:00+00:00,0.72,0.91,0.65
2025-10-04 16:00:00+00:00,-0.03,-0.03,0.66
2025-10-04 16:15:00+00:00,0.0,0.06,5.11
2025-10-04 16:30:00+00:00,2.2,2.2,16.12
2025-10-04 16:45:00+00:00,2.25,2.6,21.33
2025-10-04 17:00:00+00:00,2.44,4.39,18.02
2025-10-04 17:15:00+00:00,2.74,5.73,20.12
2025-10-04 17:30:00+00:00,4.02,6.96,21.31
2025-10-04 17:45:00+00:00,3.72,6.17,20.51
2025-10-04 18:00:00+00:00,1.3,1.57,17.79
2025-10-04 18:15:00+00:00,0.0,2.09,14.9
2025-10-04 18:30:00+00:00,0.0,2.0,12.13
2025-10-04 18:45:00+00:00,-0.01,1.66,8.73
2025-10-04 19:00:00+00:00,0.1,0.1,11.57
2025-10-04 19:15:00+00:00,0.0,0.16,8.91
2025-10-04 19:30:00+00:00,-0.01,0.0,8.69
2025-10-04 19:45:00+00:00,-0.47,-0.3,7.37
2025-10-04 20:00:00+00:00,-0.06,-0.05,9.82
2025-10-04 20:15:00+00:00,-0.08,0.0,8.31
2025-10-04 20:30:00+00:00,-0.01,0.07,8.91
2025-10-04 20:45:00+00:00,-0.06,-0.06,6.76
2025-10-04 21:00:00+00:00,-0.01,-0.01,9.33
2025-10-04 21:15:00+00:00,-0.03,-0.03,8.48
2025-10-04 21:30:00+00:00,-0.08,-0.08,7.74
2025-10-04 21:45:00+00:00,-1.25,-1.96,5.18
2025-10-04 22:00:00+00:00,-0.07,-0.01,7.12
2025-10-04 22:15:00+00:00,-0.26,-0.07,6.86
2025-10-04 22:30:00+00:00,-1.45,-1.45,3.26
2025-10-04 22:45:00+00:00,-1.21,-1.1,0.0
2025-10-04 23:00:00+00:00,-1.09,-1.05,0.89
2025-10-04 23:15:00+00:00,-2.01,-1.98,1.32
2025-10-04 23:30:00+00:00,-1.48,-1.46,0.0
2025-10-04 23:45:00+00:00,-1.03,-1.01,-0.07
2025-10-05 00:00:00+00:00,-4.2,-4.06,1.85
2025-10-05 00:15:00+00:00,-4.19,-4.07,0.0
2025-10-05 00:30:00+00:00,-4.18,-4.06,-0.01
2025-10-05 00:45:00+00:00,-4.19,-4.06,-0.02
2025-10-05 01:00:00+00:00,-4.2,-4.08,0.0
2025-10-05 01:15:00+00:00,-4.11,-4.07,0.0
2025-10-05 01:30:00+00:00,-4.11,-4.06,-0.01
2025-10-05 01:45:00+00:00,-5.09,-4.09,-0.01
2025-10-05 02:00:00+00:00,-4.82,-4.68,-0.01
2025-10-05 02:15:00+00:00,-5.03,-4.88,-0.01
2025-10-05 02:30:00+00:00,-5.05,-4.91,-0.01
2025-10-05 02:45:00+00:00,-5.02,-4.88,-0.01
2025-10-05 03:00:00+00:00,-4.99,-4.09,-0.02
2025-10-05 03:15:00+00:00,-4.82,-4.09,-0.01
2025-10-05 03:30:00+00:00,-4.01,-4.01,-0.01
2025-10-05 03:45:00+00:00,-4.01,-4.01,0.0
2025-10-05 04:00:00+00:00,-4.11,-4.06,-0.1
2025-10-05 04:15:00+00:00,-4.05,-4.05,-0.01
2025-10-05 04:30:00+00:00,-3.8,-3.8,0.0
2025-10-05 04:45:00+00:00,-3.08,-3.08,0.24
2025-10-05 05:00:00+00:00,-2.02,-2.02,5.16
2025-10-05 05:15:00+00:00,-1.78,-1.78,3.58
2025-10-05 05:30:00+00:00,-1.42,-1.42,4.94
2025-10-05 05:45:00+00:00,-0.8,-0.78,2.54
2025-10-05 06:00:00+00:00,-0.1,-0.1,6.56
2025-10-05 06:15:00+00:00,-0.09,-0.09,1.01
2025-10-05 06:30:00+00:00,-0.05,-0.05,0.87
2025-10-05 06:45:00+00:00,-0.11,-0.11,0.45
2025-10-05 07:00:00+00:00,-0.01,0.03,3.5
2025-10-05 07:15:00+00:00,-0.08,-0.06,5.0
2025-10-05 07:30:00+00:00,-2.01,-1.95,1.85
2025-10-05 07:45:00+00:00,-3.47,-3.37,0.0
2025-10-05 08:00:00+00:00,-1.48,-1.76,0.09
2025-10-05 08:15:00+00:00,-2.9,-4.01,0.0
2025-10-05 08:30:00+00:00,-4.06,-4.06,-0.01
2025-10-05 08:45:00+00:00,-4.88,-4.88,-0.1
2025-10-05 09:00:00+00:00,-2.02,-2.02,-0.02
2025-10-05 09:15:00+00:00,-2.02,-2.02,-0.1
2025-10-05 09:30:00+00:00,-2.01,-2.01,-0.47
2025-10-05 09:45:00+00:00,-2.02,-2.02,-0.99
2025-10-05 10:00:00+00:00,-4.04,-4.04,-0.1
2025-10-05 10:15:00+00:00,-3.04,-3.17,-1.0
2025-10-05 10:30:00+00:00,-3.01,-3.13,-1.06
2025-10-05 10:45:00+00:00,-3.57,-3.63,-1.8
2025-10-05 11:00:00+00:00,-3.38,-3.2,-2.02
2025-10-05 11:15:00+00:00,-3.54,-3.38,-2.1
2025-10-05 11:30:00+00:00,-3.17,-3.02,-2.27
2025-10-05 11:45:00+00:00,-3.46,-3.33,-2.5
2025-10-05 12:00:00+00:00,-3.1,-3.02,-2.64
2025-10-05 12:15:00+00:00,-3.02,-2.94,-2.57
2025-10-05 12:30:00+00:00,-3.02,-2.92,-2.5
2025-10-05 12:45:00+00:00,-2.63,-2.54,-2.1
2025-10-05 13:00:00+00:00,-2.4,-2.43,-2.1
2025-10-05 13:15:00+00:00,-2.13,-2.13,-1.51
2025-10-05 13:30:00+00:00,-2.02,-2.02,-0.57
2025-10-05 13:45:00+00:00,-3.02,-3.02,0.0
2025-10-05 14:00:00+00:00,-1.59,-1.59,-0.99
2025-10-05 14:15:00+00:00,-1.02,-1.02,-0.1
2025-10-05 14:30:00+00:00,-0.1,-0.1,-0.01
2025-10-05 14:45:00+00:00,-0.04,-0.04,1.09
2025-10-05 15:00:00+00:00,-3.16,-2.88,0.0
2025-10-05 15:15:00+00:00,-0.06,0.07,2.26
2025-10-05 15:30:00+00:00,0.1,1.76,9.87
2025-10-05 15:45:00+00:00,6.53,9.61,22.6
2025-10-05 16:00:00+00:00,5.37,5.37,13.97
2025-10-05 16:15:00+00:00,11.0,11.37,21.07
2025-10-05 16:30:00+00:00,19.91,20.87,32.18
2025-10-05 16:45:00+00:00,28.05,30.56,42.7
2025-10-05 17:00:00+00:00,21.25,23.22,35.01
2025-10-05 17:15:00+00:00,26.69,32.04,44.2
2025-10-05 17:30:00+00:00,42.84,48.01,58.44
2025-10-05 17:45:00+00:00,49.41,56.73,72.05
2025-10-05 18:00:00+00:00,34.0,70.1,64.92
2025-10-05 18:15:00+00:00,24.58,62.24,52.46
2025-10-05 18:30:00+00:00,13.66,45.1,37.99
2025-10-05 18:45:00+00:00,7.08,22.53,18.52
2025-10-05 19:00:00+00:00,7.84,77.95,43.49
2025-10-05 19:15:00+00:00,5.15,50.1,34.24
2025-10-05 19:30:00+00:00,4.75,32.91,27.55
2025-10-05 19:45:00+00:00,4.17,30.1,19.97
2025-10-05 20:00:00+00:00,5.75,52.42,32.88
2025-10-05 20:15:00+00:00,4.86,32.09,27.35
2025-10-05 20:30:00+00:00,5.96,50.1,40.5
2025-10-05 20:45:00+00:00,4.24,24.99,27.41
2025-10-05 21:00:00+00:00,4.88,55.71,38.53
2025-10-05 21:15:00+00:00,4.1,30.23,21.54
2025-10-05 21:30:00+00:00,3.96,20.0,23.22
2025-10-05 21:45:00+00:00,3.36,3.58,9.84
2025-10-05 22:00:00+00:00,30.98,30.84,37.64
2025-10-05 22:15:00+00:00,24.53,24.53,29.98
2025-10-05 22:30:00+00:00,15.77,15.34,20.2
2025-10-05 22:45:00+00:00,12.1,13.29,20.0
2025-10-05 23:00:00+00:00,13.85,14.32,22.24
2025-10-05 23:15:00+00:00,10.57,11.05,18.99
2025-10-05 23:30:00+00:00,9.11,10.3,18.26
2025-10-05 23:45:00+00:00,6.66,8.09,15.61
2025-10-06 00:00:00+00:00,7.0,7.62,15.11
2025-10-06 00:15:00+00:00,8.7,9.51,16.03
2025-10-06 00:30:00+00:00,10.58,11.05,16.6
2025-10-06 00:45:00+00:00,10.13,10.55,15.2
2025-10-06 01:00:00+00:00,10.53,11.08,16.06
2025-10-06 01:15:00+00:00,10.52,10.87,15.62
2025-10-06 01:30:00+00:00,11.03,11.03,15.77
2025-10-06 01:45:00+00:00,10.85,11.01,16.33
2025-10-06 02:00:00+00:00,11.02,10.86,15.01
2025-10-06 02:15:00+00:00,18.12,18.03,21.8
2025-10-06 02:30:00+00:00,17.86,17.85,21.95
2025-10-06 02:45:00+00:00,20.2,20.0,24.83
2025-10-06 03:00:00+00:00,7.81,7.81,12.17
2025-10-06 03:15:00+00:00,9.9,9.9,13.68
2025-10-06 03:30:00+00:00,22.8,22.8,26.38
2025-10-06 03:45:00+00:00,49.9,49.58,54.1
2025-10-06 04:00:00+00:00,18.39,18.71,25.3
2025-10-06 04:15:00+00:00,76.6,76.86,81.68
2025-10-06 04:30:00+00:00,78.19,80.55,88.56
2025-10-06 04:45:00+00:00,101.16,102.61,102.28
2025-10-06 05:00:00+00:00,89.97,93.12,101.03
2025-10-06 05:15:00+00:00,105.32,107.66,113.99
2025-10-06 05:30:00+00:00,108.93,110.75,115.64
2025-10-06 05:45:00+00:00,115.99,117.23,120.74
2025-10-06 06:00:00+00:00,126.58,127.72,131.63
2025-10-06 06:15:00+00:00,127.91,128.54,130.69
2025-10-06 06:30:00+00:00,120.8,121.33,123.17
2025-10-06 06:45:00+00:00,111.78,112.18,113.55
2025-10-06 07:00:00+00:00,135.73,135.96,136.74
2025-10-06 07:15:00+00:00,121.42,121.97,110.34
2025-10-06 07:30:00+00:00,119.6,116.44,100.25
2025-10-06 07:45:00+00:00,107.72,104.24,86.28
2025-10-06 08:00:00+00:00,114.69,114.52,113.64
2025-10-06 08:15:00+00:00,104.8,101.23,82.6
2025-10-06 08:30:00+00:00,95.23,90.34,64.78
2025-10-06 08:45:00+00:00,87.39,82.96,48.07
2025-10-06 09:00:00+00:00,98.55,92.71,60.74
2025-10-06 09:15:00+00:00,92.75,86.93,55.94
2025-10-06 09:30:00+00:00,84.89,81.04,60.57
2025-10-06 09:45:00+00:00,81.02,78.19,63.11
2025-10-06 10:00:00+00:00,82.57,82.58,81.99
2025-10-06 10:15:00+00:00,86.67,80.66,48.11
2025-10-06 10:30:00+00:00,86.12,82.1,59.99
2025-10-06 10:45:00+00:00,93.94,85.97,42.88
2025-10-06 11:00:00+00:00,84.06,81.67,44.87
2025-10-06 11:15:00+00:00,88.05,88.05,44.67
2025-10-06 11:30:00+00:00,83.88,83.88,40.0
2025-10-06 11:45:00+00:00,82.4,82.4,36.2
2025-10-06 12:00:00+00:00,82.78,76.55,36.2
2025-10-06 12:15:00+00:00,89.59,83.42,36.64
2025-10-06 12:30:00+00:00,100.96,90.88,36.2
2025-10-06 12:45:00+00:00,95.98,89.15,36.2
2025-10-06 13:00:00+00:00,89.47,80.65,36.2
2025-10-06 13:15:00+00:00,92.03,83.47,40.0
2025-10-06 13:30:00+00:00,95.69,86.55,40.0
2025-10-06 13:45:00+00:00,101.0,91.83,45.1
2025-10-06 14:00:00+00:00,86.45,78.38,37.8
2025-10-06 14:15:00+00:00,97.87,88.9,44.0
2025-10-06 14:30:00+00:00,110.69,99.93,45.5
2025-10-06 14:45:00+00:00,124.08,115.2,69.46
2025-10-06 15:00:00+00:00,93.91,86.24,47.68
2025-10-06 15:15:00+00:00,112.95,106.7,75.39
2025-10-06 15:30:00+00:00,121.84,114.97,79.78
2025-10-06 15:45:00+00:00,152.46,142.56,92.44
2025-10-06 16:00:00+00:00,109.36,103.73,73.05
2025-10-06 16:15:00+00:00,118.41,114.28,91.0
2025-10-06 16:30:00+00:00,147.8,142.96,115.08
2025-10-06 16:45:00+00:00,190.78,182.0,133.14
2025-10-06 17:00:00+00:00,168.9,161.31,118.54
2025-10-06 17:15:00+00:00,175.37,169.59,136.92
2025-10-06 17:30:00+00:00,169.0,167.48,158.18
2025-10-06 17:45:00+00:00,159.99,159.99,159.99
2025-10-06 18:00:00+00:00,156.93,157.34,158.18
2025-10-06 18:15:00+00:00,131.1,131.58,133.16
2025-10-06 18:30:00+00:00,125.87,126.11,127.0
2025-10-06 18:45:00+00:00,120.81,120.89,121.18
2025-10-06 19:00:00+00:00,128.0,127.99,127.88
2025-10-06 19:15:00+00:00,123.93,122.2,113.77
2025-10-06 19:30:00+00:00,115.65,112.81,99.07
2025-10-06 19:45:00+00:00,113.23,111.41,102.61
2025-10-06 20:00:00+00:00,135.26,127.63,90.46
2025-10-06 20:15:00+00:00,114.58,111.72,97.85
2025-10-06 20:30:00+00:00,115.2,115.2,115.2
2025-10-06 20:45:00+00:00,109.62,109.62,109.62
2025-10-06 21:00:00+00:00,112.33,112.33,112.33
2025-10-06 21:15:00+00:00,105.04,102.58,88.94
2025-10-06 21:30:00+00:00,103.67,103.05,99.61
2025-10-06 21:45:00+00:00,100.96,98.46,84.2
2025-10-06 22:00:00+00:00,105.51,105.51,105.51
2025-10-06 22:15:00+00:00,102.6,102.6,102.6
2025-10-06 22:30:00+00:00,99.05,95.6,85.4
2025-10-06 22:45:00+00:00,93.89,88.46,61.56
2025-10-06 23:00:00+00:00,100.0,100.0,100.0
2025-10-06 23:15:00+00:00,94.82,93.6,89.61
2025-10-06 23:30:00+00:00,92.68,92.68,92.68
2025-10-06 23:45:00+00:00,88.45,85.44,75.58
2025-10-07 00:00:00+00:00,91.23,89.98,85.75
2025-10-07 00:15:00+00:00,89.36,85.6,68.32
2025-10-07 00:30:00+00:00,89.45,87.71,81.78
2025-10-07 00:45:00+00:00,89.23,85.24,66.8
2025-10-07 01:00:00+00:00,88.66,88.04,85.97
2025-10-07 01:15:00+00:00,88.59,86.19,78.11
2025-10-07 01:30:00+00:00,89.47,87.09,79.12
2025-10-07 01:45:00+00:00,91.48,86.59,70.18
2025-10-07 02:00:00+00:00,86.92,84.01,73.11
2025-10-07 02:15:00+00:00,88.8,85.21,71.75
2025-10-07 02:30:00+00:00,95.03,91.61,78.86
2025-10-07 02:45:00+00:00,101.15,95.46,74.16
2025-10-07 03:00:00+00:00,86.94,84.54,71.84
2025-10-07 03:15:00+00:00,93.11,90.89,79.1
2025-10-07 03:30:00+00:00,99.05,97.13,86.97
2025-10-07 03:45:00+00:00,107.86,106.53,99.48
2025-10-07 04:00:00+00:00,106.77,105.89,104.57
2025-10-07 04:15:00+00:00,125.07,118.3,108.09
2025-10-07 04:30:00+00:00,141.18,121.91,87.92
2025-10-07 04:45:00+00:00,166.52,139.43,93.34
2025-10-07 05:00:00+00:00,148.03,138.6,112.55
2025-10-07 05:15:00+00:00,207.93,190.2,117.88
2025-10-07 05:30:00+00:00,270.09,241.65,124.5
2025-10-07 05:45:00+00:00,288.17,248.89,129.12
2025-10-07 06:00:00+00:00,307.91,271.11,150.55
2025-10-07 06:15:00+00:00,300.04,257.14,135.79
2025-10-07 06:30:00+00:00,288.15,251.51,126.92
2025-10-07 06:45:00+00:00,254.58,251.58,116.0
2025-10-07 07:00:00+00:00,293.61,277.01,161.42
2025-10-07 07:15:00+00:00,249.64,232.55,119.77
2025-10-07 07:30:00+00:00,167.9,159.97,107.67
2025-10-07 07:45:00+00:00,137.58,130.47,83.54
2025-10-07 08:00:00+00:00,197.38,192.36,96.93
2025-10-07 08:15:00+00:00,164.08,157.78,78.72
2025-10-07 08:30:00+00:00,138.01,131.03,67.81
2025-10-07 08:45:00+00:00,119.17,113.31,60.1
2025-10-07 09:00:00+00:00,153.65,138.91,66.33
2025-10-07 09:15:00+00:00,135.82,123.06,57.12
2025-10-07 09:30:00+00:00,118.81,106.84,45.0
2025-10-07 09:45:00+00:00,111.35,99.56,38.6
2025-10-07 10:00:00+00:00,123.01,112.45,58.78
2025-10-07 10:15:00+00:00,109.38,99.75,50.73
2025-10-07 10:30:00+00:00,105.91,96.56,49.0
2025-10-07 10:45:00+00:00,105.46,95.52,45.0
2025-10-07 11:00:00+00:00,112.23,101.12,45.0
2025-10-07 11:15:00+00:00,105.73,95.43,43.42
2025-10-07 11:30:00+00:00,104.76,94.06,40.0
2025-10-07 11:45:00+00:00,102.01,91.46,37.2
2025-10-07 12:00:00+00:00,103.08,92.22,37.2
2025-10-07 12:15:00+00:00,104.76,93.39,35.75
2025-10-07 12:30:00+00:00,105.91,94.53,36.83
2025-10-07 12:45:00+00:00,107.66,96.44,39.58
2025-10-07 13:00:00+00:00,101.2,90.5,37.2
2025-10-07 13:15:00+00:00,105.68,94.73,40.2
2025-10-07 13:30:00+00:00,116.17,104.28,45.0
2025-10-07 13:45:00+00:00,129.59,116.09,48.84
2025-10-07 14:00:00+00:00,103.91,93.53,44.25
2025-10-07 14:15:00+00:00,110.59,99.88,49.0
2025-10-07 14:30:00+00:00,127.15,115.3,59.0
2025-10-07 14:45:00+00:00,146.77,132.97,67.55
2025-10-07 15:00:00+00:00,115.04,107.81,60.1
2025-10-07 15:15:00+00:00,128.99,120.95,67.81
2025-10-07 15:30:00+00:00,155.82,146.01,81.2
2025-10-07 15:45:00+00:00,207.51,193.61,101.76
2025-10-07 16:00:00+00:00,147.29,143.57,84.22
2025-10-07 16:15:00+00:00,154.33,150.1,104.57
2025-10-07 16:30:00+00:00,220.61,211.7,115.8
2025-10-07 16:45:00+00:00,287.44,272.86,154.86
2025-10-07 17:00:00+00:00,253.39,242.63,118.73
2025-10-07 17:15:00+00:00,221.51,212.78,148.42
2025-10-07 17:30:00+00:00,197.41,194.02,170.13
2025-10-07 17:45:00+00:00,180.81,180.81,180.81
2025-10-07 18:00:00+00:00,178.46,178.09,175.0
2025-10-07 18:15:00+00:00,158.89,158.89,158.89
2025-10-07 18:30:00+00:00,131.01,131.01,131.01
2025-10-07 18:45:00+00:00,117.0,117.0,117.0
2025-10-07 19:00:00+00:00,147.22,147.22,147.22
2025-10-07 19:15:00+00:00,129.01,129.01,129.01
2025-10-07 19:30:00+00:00,112.79,112.79,112.79
2025-10-07 19:45:00+00:00,103.95,103.95,103.95
2025-10-07 20:00:00+00:00,116.35,116.35,116.35
2025-10-07 20:15:00+00:00,111.87,111.87,111.87
2025-10-07 20:30:00+00:00,106.1,106.1,106.1
2025-10-07 20:45:00+00:00,95.37,95.37,95.37
2025-10-07 21:00:00+00:00,107.82,107.82,107.82
2025-10-07 21:15:00+00:00,98.43,98.43,98.43
2025-10-07 21:30:00+00:00,93.57,93.57,93.57
2025-10-07 21:45:00+00:00,90.11,90.11,90.11
2025-10-07 22:00:00+00:00,101.74,101.74,101.74
2025-10-07 22:15:00+00:00,91.4,91.4,91.4
2025-10-07 22:30:00+00:00,91.47,91.47,91.47
2025-10-07 22:45:00+00:00,89.2,89.2,89.2
2025-10-07 23:00:00+00:00,91.85,91.85,91.85
2025-10-07 23:15:00+00:00,89.07,89.07,89.07
2025-10-07 23:30:00+00:00,87.33,87.33,87.33
2025-10-07 23:45:00+00:00,85.5,85.5,85.5
2025-10-08 00:00:00+00:00,89.21,89.21,89.21
2025-10-08 00:15:00+00:00,88.14,88.14,88.14
2025-10-08 00:30:00+00:00,86.99,86.99,86.99
2025-10-08 00:45:00+00:00,85.9,85.9,85.9
2025-10-08 01:00:00+00:00,86.97,86.71,85.41
2025-10-08 01:15:00+00:00,86.91,84.17,70.46
2025-10-08 01:30:00+00:00,86.98,86.98,86.98
2025-10-08 01:45:00+00:00,87.04,86.17,81.78
2025-10-08 02:00:00+00:00,85.66,85.66,85.66
2025-10-08 02:15:00+00:00,87.74,84.48,68.01
2025-10-08 02:30:00+00:00,91.18,87.11,66.52
2025-10-08 02:45:00+00:00,94.11,91.67,79.36
2025-10-08 03:00:00+00:00,86.98,86.98,86.98
2025-10-08 03:15:00+00:00,93.28,93.28,93.28
2025-10-08 03:30:00+00:00,99.91,92.51,58.64
2025-10-08 03:45:00+00:00,109.41,102.9,73.1
2025-10-08 04:00:00+00:00,92.99,92.99,92.99
2025-10-08 04:15:00+00:00,113.91,108.63,87.43
2025-10-08 04:30:00+00:00,122.99,120.42,106.94
2025-10-08 04:45:00+00:00,138.54,134.53,111.8
2025-10-08 05:00:00+00:00,130.47,127.56,99.41
2025-10-08 05:15:00+00:00,151.59,148.39,121.28
2025-10-08 05:30:00+00:00,168.9,165.45,134.79
2025-10-08 05:45:00+00:00,171.36,168.83,146.52
2025-10-08 06:00:00+00:00,203.62,203.62,188.82
2025-10-08 06:15:00+00:00,175.34,175.34,160.79
2025-10-08 06:30:00+00:00,151.24,151.24,145.94
2025-10-08 06:45:00+00:00,135.38,135.38,121.52
2025-10-08 07:00:00+00:00,174.2,176.35,133.41
2025-10-08 07:15:00+00:00,140.92,142.45,111.8
2025-10-08 07:30:00+00:00,119.67,119.67,102.2
2025-10-08 07:45:00+00:00,105.91,106.06,92.0
2025-10-08 08:00:00+00:00,142.74,139.21,110.22
2025-10-08 08:15:00+00:00,121.74,119.74,102.2
2025-10-08 08:30:00+00:00,107.37,106.31,97.86
2025-10-08 08:45:00+00:00,101.93,99.46,81.83
2025-10-08 09:00:00+00:00,123.01,120.14,100.62
2025-10-08 09:15:00+00:00,104.46,101.96,85.0
2025-10-08 09:30:00+00:00,97.58,94.05,70.0
2025-10-08 09:45:00+00:00,88.25,85.06,63.33
2025-10-08 10:00:00+00:00,94.88,92.65,80.77
2025-10-08 10:15:00+00:00,91.03,88.73,76.49
2025-10-08 10:30:00+00:00,88.78,86.6,75.0
2025-10-08 10:45:00+00:00,88.6,86.05,72.5
2025-10-08 11:00:00+00:00,90.79,88.93,75.39
2025-10-08 11:15:00+00:00,90.1,87.74,70.58
2025-10-08 11:30:00+00:00,89.17,86.06,63.5
2025-10-08 11:45:00+00:00,87.28,84.38,63.33
2025-10-08 12:00:00+00:00,85.44,82.93,65.23
2025-10-08 12:15:00+00:00,87.72,84.88,64.8
2025-10-08 12:30:00+00:00,90.0,86.66,63.12
2025-10-08 12:45:00+00:00,98.61,94.46,65.15
2025-10-08 13:00:00+00:00,89.1,84.27,59.84
2025-10-08 13:15:00+00:00,93.72,88.51,62.2
2025-10-08 13:30:00+00:00,101.34,95.9,64.36
2025-10-08 13:45:00+00:00,113.55,108.61,80.0
2025-10-08 14:00:00+00:00,93.15,86.02,47.78
2025-10-08 14:15:00+00:00,102.2,94.17,51.0
2025-10-08 14:30:00+00:00,127.44,118.25,68.9
2025-10-08 14:45:00+00:00,147.07,139.62,99.69
2025-10-08 15:00:00+00:00,102.83,96.65,60.68
2025-10-08 15:15:00+00:00,123.24,117.95,84.32
2025-10-08 15:30:00+00:00,155.33,148.81,103.54
2025-10-08 15:45:00+00:00,216.52,203.12,115.2
2025-10-08 16:00:00+00:00,135.54,129.74,65.0
2025-10-08 16:15:00+00:00,147.6,142.25,86.05
2025-10-08 16:30:00+00:00,204.53,195.41,102.2
2025-10-08 16:45:00+00:00,247.56,241.07,168.67
2025-10-08 17:00:00+00:00,235.93,223.55,111.6
2025-10-08 17:15:00+00:00,204.62,199.54,153.51
2025-10-08 17:30:00+00:00,180.46,180.46,180.46
2025-10-08 17:45:00+00:00,175.0,175.0,175.0
2025-10-08 18:00:00+00:00,170.48,169.2,158.93
2025-10-08 18:15:00+00:00,149.96,149.99,150.05
2025-10-08 18:30:00+00:00,128.09,128.21,128.49
2025-10-08 18:45:00+00:00,118.25,118.39,118.73
2025-10-08 19:00:00+00:00,128.88,128.02,120.28
2025-10-08 19:15:00+00:00,117.94,116.99,108.28
2025-10-08 19:30:00+00:00,109.29,106.9,85.89
2025-10-08 19:45:00+00:00,102.85,102.34,97.83
2025-10-08 20:00:00+00:00,114.61,110.69,86.61
2025-10-08 20:15:00+00:00,113.93,109.91,85.26
2025-10-08 20:30:00+00:00,106.49,106.28,105.01
2025-10-08 20:45:00+00:00,97.93,97.93,97.93
2025-10-08 21:00:00+00:00,106.06,101.68,75.78
2025-10-08 21:15:00+00:00,99.79,99.79,99.79
2025-10-08 21:30:00+00:00,95.48,95.48,95.48
2025-10-08 21:45:00+00:00,90.0,90.0,90.0
2025-10-08 22:00:00+00:00,109.22,107.75,101.03
2025-10-08 22:15:00+00:00,100.01,100.01,100.01
2025-10-08 22:30:00+00:00,90.88,90.45,88.0
2025-10-08 22:45:00+00:00,88.75,87.41,80.42
2025-10-08 23:00:00+00:00,91.7,91.03,88.0
2025-10-08 23:15:00+00:00,93.33,91.01,80.42
2025-10-08 23:30:00+00:00,92.32,90.41,80.4
2025-10-08 23:45:00+00:00,92.98,90.11,75.0
2025-10-09 00:00:00+00:00,96.05,94.03,83.41
2025-10-09 00:15:00+00:00,92.32,90.42,80.42
2025-10-09 00:30:00+00:00,92.28,90.22,79.4
2025-10-09 00:45:00+00:00,92.4,89.22,72.55
2025-10-09 01:00:00+00:00,93.36,90.08,75.2
2025-10-09 01:15:00+00:00,89.9,86.31,70.0
2025-10-09 01:30:00+00:00,89.97,86.22,69.22
2025-10-09 01:45:00+00:00,90.04,85.52,65.0
2025-10-09 02:00:00+00:00,86.94,82.94,65.0
2025-10-09 02:15:00+00:00,89.03,84.65,65.0
2025-10-09 02:30:00+00:00,92.49,86.8,65.0
2025-10-09 02:45:00+00:00,102.34,95.06,67.32
2025-10-09 03:00:00+00:00,87.41,83.16,60.5
2025-10-09 03:15:00+00:00,91.81,87.55,64.5
2025-10-09 03:30:00+00:00,104.3,98.88,70.0
2025-10-09 03:45:00+00:00,121.09,114.41,78.88
2025-10-09 04:00:00+00:00,102.35,98.39,75.84
2025-10-09 04:15:00+00:00,121.42,115.36,80.42
2025-10-09 04:30:00+00:00,132.35,126.04,89.83
2025-10-09 04:45:00+00:00,146.2,138.91,97.02
2025-10-09 05:00:00+00:00,125.35,122.92,94.0
2025-10-09 05:15:00+00:00,146.35,142.54,100.01
2025-10-09 05:30:00+00:00,156.11,151.77,105.37
2025-10-09 05:45:00+00:00,152.19,148.47,108.13
2025-10-09 06:00:00+00:00,172.25,168.79,131.04
2025-10-09 06:15:00+00:00,152.98,150.73,126.16
2025-10-09 06:30:00+00:00,143.8,141.19,112.71
2025-10-09 06:45:00+00:00,130.57,129.51,106.36
2025-10-09 07:00:00+00:00,166.46,166.31,165.5
2025-10-09 07:15:00+00:00,134.41,129.77,104.59
2025-10-09 07:30:00+00:00,122.99,119.27,99.05
2025-10-09 07:45:00+00:00,106.09,101.26,75.0
2025-10-09 08:00:00+00:00,131.55,127.63,108.05
2025-10-09 08:15:00+00:00,113.86,108.8,88.82
2025-10-09 08:30:00+00:00,102.3,99.85,87.38
2025-10-09 08:45:00+00:00,91.04,88.39,75.0
2025-10-09 09:00:00+00:00,106.52,106.52,106.52
2025-10-09 09:15:00+00:00,102.13,98.84,81.3
2025-10-09 09:30:00+00:00,91.64,90.1,82.03
2025-10-09 09:45:00+00:00,87.56,83.7,64.96
2025-10-09 10:00:00+00:00,100.33,100.33,100.33
2025-10-09 10:15:00+00:00,92.2,90.96,84.41
2025-10-09 10:30:00+00:00,87.93,85.07,69.94
2025-10-09 10:45:00+00:00,83.63,77.42,45.7
2025-10-09 11:00:00+00:00,89.01,84.83,64.09
2025-10-09 11:15:00+00:00,88.22,83.08,58.19
2025-10-09 11:30:00+00:00,84.65,76.0,32.96
2025-10-09 11:45:00+00:00,71.53,65.74,38.28
2025-10-09 12:00:00+00:00,77.77,77.77,77.77
2025-10-09 12:15:00+00:00,83.77,78.22,49.76
2025-10-09 12:30:00+00:00,84.15,75.17,29.98
2025-10-09 12:45:00+00:00,87.11,78.09,30.96
2025-10-09 13:00:00+00:00,79.61,75.18,21.67
2025-10-09 13:15:00+00:00,84.13,81.86,30.94
2025-10-09 13:30:00+00:00,89.22,89.22,41.1
2025-10-09 13:45:00+00:00,102.35,102.35,71.49
2025-10-09 14:00:00+00:00,87.51,79.69,13.65
2025-10-09 14:15:00+00:00,88.37,79.6,23.47
2025-10-09 14:30:00+00:00,92.11,92.11,60.47
2025-10-09 14:45:00+00:00,100.31,100.31,93.41
2025-10-09 15:00:00+00:00,87.53,76.86,17.19
2025-10-09 15:15:00+00:00,110.57,103.67,64.54
2025-10-09 15:30:00+00:00,112.0,106.5,75.0
2025-10-09 15:45:00+00:00,129.94,127.43,111.82
2025-10-09 16:00:00+00:00,115.48,109.33,75.86
2025-10-09 16:15:00+00:00,124.26,117.3,79.6
2025-10-09 16:30:00+00:00,126.56,126.54,125.61
2025-10-09 16:45:00+00:00,125.33,125.26,123.32
2025-10-09 17:00:00+00:00,125.71,125.67,124.64
2025-10-09 17:15:00+00:00,126.43,127.03,129.11
2025-10-09 17:30:00+00:00,122.58,123.17,125.24
2025-10-09 17:45:00+00:00,117.73,118.29,120.2
2025-10-09 18:00:00+00:00,119.72,119.85,122.29
2025-10-09 18:15:00+00:00,114.76,115.01,117.2
2025-10-09 18:30:00+00:00,110.14,110.47,111.79
2025-10-09 18:45:00+00:00,104.83,105.17,106.55
2025-10-09 19:00:00+00:00,107.15,106.76,109.81
2025-10-09 19:15:00+00:00,101.69,101.2,104.59
2025-10-09 19:30:00+00:00,96.39,96.16,99.54
2025-10-09 19:45:00+00:00,87.14,87.85,90.32
2025-10-09 20:00:00+00:00,113.22,111.49,101.37
2025-10-09 20:15:00+00:00,95.43,95.62,94.94
2025-10-09 20:30:00+00:00,90.93,91.57,93.76
2025-10-09 20:45:00+00:00,87.75,88.31,90.2
2025-10-09 21:00:00+00:00,98.98,100.1,102.72
2025-10-09 21:15:00+00:00,90.55,103.77,97.98
2025-10-09 21:30:00+00:00,87.65,89.02,89.83
2025-10-09 21:45:00+00:00,77.62,79.37,80.42
2025-10-09 22:00:00+00:00,95.72,101.88,98.23
2025-10-09 22:15:00+00:00,89.14,90.78,90.01
2025-10-09 22:30:00+00:00,86.45,86.49,86.63
2025-10-09 22:45:00+00:00,80.73,80.84,81.2
2025-10-09 23:00:00+00:00,90.84,90.86,90.89
2025-10-09 23:15:00+00:00,84.36,84.4,84.5
2025-10-09 23:30:00+00:00,83.5,83.51,83.5
2025-10-09 23:45:00+00:00,81.17,81.19,81.17
2025-10-10 00:00:00+00:00,83.19,83.19,83.18
2025-10-10 00:15:00+00:00,79.99,80.0,79.99
2025-10-10 00:30:00+00:00,78.91,78.91,78.8
2025-10-10 00:45:00+00:00,78.26,78.26,78.0
2025-10-10 01:00:00+00:00,79.77,79.45,75.0
2025-10-10 01:15:00+00:00,78.7,78.18,72.0
2025-10-10 01:30:00+00:00,77.4,76.81,73.9
2025-10-10 01:45:00+00:00,77.27,77.27,70.92
2025-10-10 02:00:00+00:00,78.77,76.53,66.0
2025-10-10 02:15:00+00:00,80.06,77.6,66.0
2025-10-10 02:30:00+00:00,76.81,75.66,70.01
2025-10-10 02:45:00+00:00,81.2,80.53,77.0
2025-10-10 03:00:00+00:00,76.82,75.89,70.92
2025-10-10 03:15:00+00:00,81.28,80.87,77.89
2025-10-10 03:30:00+00:00,84.79,84.47,81.75
2025-10-10 03:45:00+00:00,101.4,98.83,84.92
2025-10-10 04:00:00+00:00,83.53,84.12,86.27
2025-10-10 04:15:00+00:00,105.2,94.17,96.88
2025-10-10 04:30:00+00:00,99.33,98.11,97.0
2025-10-10 04:45:00+00:00,122.49,119.26,99.78
2025-10-10 05:00:00+00:00,102.12,94.52,92.23
2025-10-10 05:15:00+00:00,113.67,111.79,100.53
2025-10-10 05:30:00+00:00,125.29,123.3,111.56
2025-10-10 05:45:00+00:00,136.22,134.17,123.92
2025-10-10 06:00:00+00:00,151.65,151.63,151.18
2025-10-10 06:15:00+00:00,133.39,132.73,129.32
2025-10-10 06:30:00+00:00,109.4,109.4,109.4
2025-10-10 06:45:00+00:00,96.01,96.01,96.01
2025-10-10 07:00:00+00:00,143.83,143.83,143.83
2025-10-10 07:15:00+00:00,112.07,110.24,101.28
2025-10-10 07:30:00+00:00,96.73,96.73,96.73
2025-10-10 07:45:00+00:00,78.43,78.35,78.0
2025-10-10 08:00:00+00:00,123.0,119.77,105.26
2025-10-10 08:15:00+00:00,93.17,92.42,89.05
2025-10-10 08:30:00+00:00,84.55,84.55,84.55
2025-10-10 08:45:00+00:00,71.31,71.31,71.31
2025-10-10 09:00:00+00:00,96.26,96.26,96.26
2025-10-10 09:15:00+00:00,79.29,81.55,66.19
2025-10-10 09:30:00+00:00,79.04,78.23,73.54
2025-10-10 09:45:00+00:00,73.88,73.29,45.0
2025-10-10 10:00:00+00:00,87.88,87.86,87.67
2025-10-10 10:15:00+00:00,79.84,78.65,69.61
2025-10-10 10:30:00+00:00,74.67,74.03,69.18
2025-10-10 10:45:00+00:00,67.74,67.74,67.74
2025-10-10 11:00:00+00:00,76.07,73.24,56.86
2025-10-10 11:15:00+00:00,78.85,73.1,39.77
2025-10-10 11:30:00+00:00,77.26,73.23,34.4
2025-10-10 11:45:00+00:00,70.58,73.24,43.26
2025-10-10 12:00:00+00:00,59.95,68.16,32.5
2025-10-10 12:15:00+00:00,77.39,78.29,30.2
2025-10-10 12:30:00+00:00,80.07,94.98,30.2
2025-10-10 12:45:00+00:00,91.62,107.05,40.0
2025-10-10 13:00:00+00:00,76.48,69.35,31.65
2025-10-10 13:15:00+00:00,85.09,78.69,44.88
2025-10-10 13:30:00+00:00,91.56,85.6,51.31
2025-10-10 13:45:00+00:00,102.45,94.9,55.0
2025-10-10 14:00:00+00:00,77.06,70.62,40.0
2025-10-10 14:15:00+00:00,91.53,84.19,49.0
2025-10-10 14:30:00+00:00,99.84,92.74,59.55
2025-10-10 14:45:00+00:00,123.0,112.06,60.2
2025-10-10 15:00:00+00:00,97.74,91.74,57.0
2025-10-10 15:15:00+00:00,111.9,106.54,75.22
2025-10-10 15:30:00+00:00,123.39,117.9,85.48
2025-10-10 15:45:00+00:00,139.77,134.34,102.23
2025-10-10 16:00:00+00:00,107.18,103.08,78.0
2025-10-10 16:15:00+00:00,117.5,114.09,92.94
2025-10-10 16:30:00+00:00,121.42,118.76,101.76
2025-10-10 16:45:00+00:00,136.32,132.95,111.8
2025-10-10 17:00:00+00:00,124.81,122.19,105.2
2025-10-10 17:15:00+00:00,123.84,122.28,111.8
2025-10-10 17:30:00+00:00,123.87,123.63,121.22
2025-10-10 17:45:00+00:00,120.64,120.92,121.8
2025-10-10 18:00:00+00:00,131.89,130.94,124.39
2025-10-10 18:15:00+00:00,119.32,119.37,119.0
2025-10-10 18:30:00+00:00,110.0,110.07,110.0
2025-10-10 18:45:00+00:00,100.35,100.22,98.84
2025-10-10 19:00:00+00:00,115.53,115.07,111.8
2025-10-10 19:15:00+00:00,110.95,109.31,99.45
2025-10-10 19:30:00+00:00,101.04,99.33,89.11
2025-10-10 19:45:00+00:00,88.14,85.77,71.98
2025-10-10 20:00:00+00:00,104.53,102.58,90.95
2025-10-10 20:15:00+00:00,102.46,100.8,90.89
2025-10-10 20:30:00+00:00,97.94,98.11,98.75
2025-10-10 20:45:00+00:00,86.02,86.27,87.19
2025-10-10 21:00:00+00:00,94.58,94.81,95.6
2025-10-10 21:15:00+00:00,92.97,93.1,93.52
2025-10-10 21:30:00+00:00,96.62,96.68,96.9
2025-10-10 21:45:00+00:00,89.23,89.29,89.48
2025-10-10 22:00:00+00:00,102.78,126.03,109.02
2025-10-10 22:15:00+00:00,97.66,102.36,99.16
2025-10-10 22:30:00+00:00,88.08,88.08,88.08
2025-10-10 22:45:00+00:00,83.35,85.93,84.23
2025-10-10 23:00:00+00:00,91.25,95.51,91.25
2025-10-10 23:15:00+00:00,89.52,89.52,89.52
2025-10-10 23:30:00+00:00,87.4,87.4,87.4
2025-10-10 23:45:00+00:00,87.17,87.17,87.17
2025-10-11 00:00:00+00:00,87.53,90.1,84.94
2025-10-11 00:15:00+00:00,88.63,88.63,88.63
2025-10-11 00:30:00+00:00,87.21,90.1,75.01
2025-10-11 00:45:00+00:00,86.18,86.59,71.12
2025-10-11 01:00:00+00:00,86.26,84.74,78.05
2025-10-11 01:15:00+00:00,84.5,83.32,78.12
2025-10-11 01:30:00+00:00,83.63,80.03,64.17
2025-10-11 01:45:00+00:00,82.31,80.0,69.79
2025-10-11 02:00:00+00:00,82.86,81.83,68.87
2025-10-11 02:15:00+00:00,82.63,80.68,70.45
2025-10-11 02:30:00+00:00,80.79,84.3,68.52
2025-10-11 02:45:00+00:00,81.83,83.74,67.0
2025-10-11 03:00:00+00:00,82.21,81.21,76.77
2025-10-11 03:15:00+00:00,84.55,82.6,73.89
2025-10-11 03:30:00+00:00,85.13,84.18,79.95
2025-10-11 03:45:00+00:00,87.13,85.29,77.07
2025-10-11 04:00:00+00:00,87.87,87.87,87.87
2025-10-11 04:15:00+00:00,88.97,88.97,88.97
2025-10-11 04:30:00+00:00,91.2,91.2,91.2
2025-10-11 04:45:00+00:00,93.02,93.02,93.02
2025-10-11 05:00:00+00:00,96.71,96.71,96.71
2025-10-11 05:15:00+00:00,95.06,95.06,95.06
2025-10-11 05:30:00+00:00,97.62,97.62,97.62
2025-10-11 05:45:00+00:00,97.62,97.62,97.62
2025-10-11 06:00:00+00:00,103.96,103.96,103.96
2025-10-11 06:15:00+00:00,103.22,103.47,103.0
2025-10-11 06:30:00+00:00,101.37,101.37,101.37
2025-10-11 06:45:00+00:00,93.05,97.2,91.93
2025-10-11 07:00:00+00:00,108.11,158.38,106.0
2025-10-11 07:15:00+00:00,100.02,128.25,96.43
2025-10-11 07:30:00+00:00,89.11,102.17,77.23
2025-10-11 07:45:00+00:00,74.6,76.4,63.1
2025-10-11 08:00:00+00:00,97.36,167.47,73.27
2025-10-11 08:15:00+00:00,85.84,111.86,63.88
2025-10-11 08:30:00+00:00,73.26,78.7,55.63
2025-10-11 08:45:00+00:00,73.27,68.35,30.2
2025-10-11 09:00:00+00:00,87.29,134.0,53.12
2025-10-11 09:15:00+00:00,76.86,89.48,31.91
2025-10-11 09:30:00+00:00,71.39,72.87,24.49
2025-10-11 09:45:00+00:00,60.54,60.55,12.55
2025-10-11 10:00:00+00:00,63.44,103.71,33.82
2025-10-11 10:15:00+00:00,60.1,80.0,29.95
2025-10-11 10:30:00+00:00,51.21,80.1,31.16
2025-10-11 10:45:00+00:00,46.92,78.28,26.05
2025-10-11 11:00:00+00:00,51.67,68.05,20.77
2025-10-11 11:15:00+00:00,47.13,60.68,21.51
2025-10-11 11:30:00+00:00,43.17,59.84,11.99
2025-10-11 11:45:00+00:00,45.12,61.83,14.03
2025-10-11 12:00:00+00:00,41.76,62.84,14.12
2025-10-11 12:15:00+00:00,48.54,72.38,17.33
2025-10-11 12:30:00+00:00,52.74,81.09,15.87
2025-10-11 12:45:00+00:00,61.08,92.89,20.67
2025-10-11 13:00:00+00:00,54.55,64.44,8.76
2025-10-11 13:15:00+00:00,75.1,75.12,16.12
2025-10-11 13:30:00+00:00,89.6,87.86,15.59
2025-10-11 13:45:00+00:00,88.52,99.78,21.48
2025-10-11 14:00:00+00:00,62.84,62.84,3.52
2025-10-11 14:15:00+00:00,76.17,75.71,4.31
2025-10-11 14:30:00+00:00,89.61,119.69,11.85
2025-10-11 14:45:00+00:00,105.98,125.77,19.81
2025-10-11 15:00:00+00:00,83.89,75.92,15.88
2025-10-11 15:15:00+00:00,99.22,91.14,30.2
2025-10-11 15:30:00+00:00,126.09,118.07,57.65
2025-10-11 15:45:00+00:00,146.82,137.41,66.52
2025-10-11 16:00:00+00:00,110.81,102.94,63.42
2025-10-11 16:15:00+00:00,122.14,117.06,77.22
2025-10-11 16:30:00+00:00,129.9,125.49,90.61
2025-10-11 16:45:00+00:00,142.9,138.17,101.0
2025-10-11 17:00:00+00:00,130.59,127.16,100.52
2025-10-11 17:15:00+00:00,139.21,135.31,105.1
2025-10-11 17:30:00+00:00,130.31,126.72,109.02
2025-10-11 17:45:00+00:00,120.58,119.57,111.76
2025-10-11 18:00:00+00:00,145.64,141.46,109.02
2025-10-11 18:15:00+00:00,128.34,126.13,109.02
2025-10-11 18:30:00+00:00,108.5,108.27,106.45
2025-10-11 18:45:00+00:00,100.06,99.72,97.99
2025-10-11 19:00:00+00:00,125.8,122.25,104.9
2025-10-11 19:15:00+00:00,114.05,111.5,99.04
2025-10-11 19:30:00+00:00,113.69,109.2,87.25
2025-10-11 19:45:00+00:00,96.64,93.07,75.67
2025-10-11 20:00:00+00:00,122.5,115.27,80.18
2025-10-11 20:15:00+00:00,110.4,105.92,84.16
2025-10-11 20:30:00+00:00,101.57,101.57,101.57
2025-10-11 20:45:00+00:00,93.16,93.16,93.16
2025-10-11 21:00:00+00:00,104.7,104.03,100.74
2025-10-11 21:15:00+00:00,95.41,94.99,92.97
2025-10-11 21:30:00+00:00,93.18,93.18,93.18
2025-10-11 21:45:00+00:00,87.1,87.1,87.1
2025-10-11 22:00:00+00:00,108.73,108.39,106.8
2025-10-11 22:15:00+00:00,105.82,105.82,105.82
2025-10-11 22:30:00+00:00,87.8,85.67,75.85
2025-10-11 22:45:00+00:00,82.36,82.36,82.36
2025-10-11 23:00:00+00:00,101.1,111.83,87.49
2025-10-11 23:15:00+00:00,96.85,94.96,85.96
2025-10-11 23:30:00+00:00,86.2,84.26,75.01
2025-10-11 23:45:00+00:00,84.52,80.72,62.66
2025-10-12 00:00:00+00:00,97.66,95.95,88.13
2025-10-12 00:15:00+00:00,87.85,85.1,72.56
2025-10-12 00:30:00+00:00,84.71,81.51,66.9
2025-10-12 00:45:00+00:00,85.22,80.58,59.47
2025-10-12 01:00:00+00:00,90.23,86.97,72.17
2025-10-12 01:15:00+00:00,85.83,81.6,62.36
2025-10-12 01:30:00+00:00,84.8,79.03,52.8
2025-10-12 01:45:00+00:00,79.66,74.2,49.43
2025-10-12 02:00:00+00:00,79.4,78.26,73.04
2025-10-12 02:15:00+00:00,82.2,77.17,53.97
2025-10-12 02:30:00+00:00,92.22,87.48,65.68
2025-10-12 02:45:00+00:00,91.83,85.94,58.83
2025-10-12 03:00:00+00:00,83.25,77.82,52.88
2025-10-12 03:15:00+00:00,79.83,78.54,58.2
2025-10-12 03:30:00+00:00,92.66,87.82,65.62
2025-10-12 03:45:00+00:00,90.89,83.82,51.36
2025-10-12 04:00:00+00:00,85.56,82.89,69.44
2025-10-12 04:15:00+00:00,87.95,86.15,77.14
2025-10-12 04:30:00+00:00,90.49,88.01,75.54
2025-10-12 04:45:00+00:00,89.2,87.26,77.5
2025-10-12 05:00:00+00:00,97.64,94.0,75.96
2025-10-12 05:15:00+00:00,86.04,85.64,83.66
2025-10-12 05:30:00+00:00,86.65,85.24,78.26
2025-10-12 05:45:00+00:00,86.36,86.36,86.36
2025-10-12 06:00:00+00:00,102.86,101.27,93.32
2025-10-12 06:15:00+00:00,88.47,88.12,86.35
2025-10-12 06:30:00+00:00,86.44,86.09,84.3
2025-10-12 06:45:00+00:00,76.87,76.87,76.87
2025-10-12 07:00:00+00:00,99.35,124.04,83.72
2025-10-12 07:15:00+00:00,85.81,101.17,75.0
2025-10-12 07:30:00+00:00,71.58,76.94,67.82
2025-10-12 07:45:00+00:00,75.51,73.0,35.76
2025-10-12 08:00:00+00:00,86.74,124.82,50.77
2025-10-12 08:15:00+00:00,77.11,105.42,30.2
2025-10-12 08:30:00+00:00,70.73,76.11,23.4
2025-10-12 08:45:00+00:00,70.24,73.25,11.8
2025-10-12 09:00:00+00:00,75.45,80.0,32.7
2025-10-12 09:15:00+00:00,71.19,75.1,19.93
2025-10-12 09:30:00+00:00,71.27,74.58,18.22
2025-10-12 09:45:00+00:00,69.69,81.78,10.48
2025-10-12 10:00:00+00:00,68.94,76.14,25.48
2025-10-12 10:15:00+00:00,67.61,73.2,25.19
2025-10-12 10:30:00+00:00,66.6,68.16,26.98
2025-10-12 10:45:00+00:00,64.4,70.1,18.47
2025-10-12 11:00:00+00:00,55.84,61.61,21.23
2025-10-12 11:15:00+00:00,53.3,61.11,20.02
2025-10-12 11:30:00+00:00,50.65,61.24,11.23
2025-10-12 11:45:00+00:00,48.85,54.63,13.52
2025-10-12 12:00:00+00:00,53.6,73.21,10.48
2025-10-12 12:15:00+00:00,57.06,67.3,10.87
2025-10-12 12:30:00+00:00,65.74,67.02,1.72
2025-10-12 12:45:00+00:00,73.5,73.69,1.72
2025-10-12 13:00:00+00:00,70.21,74.4,0.65
2025-10-12 13:15:00+00:00,72.52,72.52,0.89
2025-10-12 13:30:00+00:00,84.93,84.93,0.92
2025-10-12 13:45:00+00:00,92.28,92.28,4.41
2025-10-12 14:00:00+00:00,72.76,72.76,1.72
2025-10-12 14:15:00+00:00,83.74,83.74,3.52
2025-10-12 14:30:00+00:00,92.94,92.94,7.36
2025-10-12 14:45:00+00:00,102.57,102.57,16.35
2025-10-12 15:00:00+00:00,86.89,75.13,15.11
2025-10-12 15:15:00+00:00,102.71,89.39,21.37
2025-10-12 15:30:00+00:00,113.23,101.42,40.78
2025-10-12 15:45:00+00:00,119.37,109.83,60.41
2025-10-12 16:00:00+00:00,96.75,90.84,61.0
2025-10-12 16:15:00+00:00,105.97,101.1,76.5
2025-10-12 16:30:00+00:00,112.01,110.56,102.79
2025-10-12 16:45:00+00:00,120.87,118.36,105.0
2025-10-12 17:00:00+00:00,114.63,114.06,104.1
2025-10-12 17:15:00+00:00,115.39,115.09,108.72
2025-10-12 17:30:00+00:00,120.92,120.44,111.79
2025-10-12 17:45:00+00:00,115.62,115.63,113.0
2025-10-12 18:00:00+00:00,119.39,119.25,114.78
2025-10-12 18:15:00+00:00,118.91,118.95,116.33
2025-10-12 18:30:00+00:00,112.64,112.64,109.6
2025-10-12 18:45:00+00:00,111.17,110.43,100.01
2025-10-12 19:00:00+00:00,117.97,114.94,99.7
2025-10-12 19:15:00+00:00,114.92,114.35,111.21
2025-10-12 19:30:00+00:00,106.63,106.62,106.52
2025-10-12 19:45:00+00:00,102.27,100.95,94.37
2025-10-12 20:00:00+00:00,118.92,110.66,70.5
2025-10-12 20:15:00+00:00,111.38,104.7,72.22
2025-10-12 20:30:00+00:00,103.65,103.03,100.0
2025-10-12 20:45:00+00:00,97.21,96.98,95.84
2025-10-12 21:00:00+00:00,102.84,101.29,93.72
2025-10-12 21:15:00+00:00,93.59,90.41,74.85
2025-10-12 21:30:00+00:00,91.83,89.56,78.49
2025-10-12 21:45:00+00:00,85.52,83.98,76.46
2025-10-12 22:00:00+00:00,104.05,100.08,85.89
2025-10-12 22:15:00+00:00,93.08,90.64,80.62
2025-10-12 22:30:00+00:00,90.19,87.03,71.32
2025-10-12 22:45:00+00:00,86.49,80.57,51.16
2025-10-12 23:00:00+00:00,91.31,88.88,76.67
2025-10-12 23:15:00+00:00,87.58,83.0,60.01
2025-10-12 23:30:00+00:00,91.61,87.04,64.12
2025-10-12 23:45:00+00:00,90.54,84.38,53.43
2025-10-13 00:00:00+00:00,93.67,91.47,80.86
2025-10-13 00:15:00+00:00,91.92,87.5,66.12
2025-10-13 00:30:00+00:00,89.27,83.67,56.61
2025-10-13 00:45:00+00:00,88.47,79.65,37.08
2025-10-13 01:00:00+00:00,89.67,82.43,47.75
2025-10-13 01:15:00+00:00,89.0,80.92,42.19
2025-10-13 01:30:00+00:00,87.72,77.11,26.3
2025-10-13 01:45:00+00:00,90.1,75.19,3.76
2025-10-13 02:00:00+00:00,93.0,81.34,24.92
2025-10-13 02:15:00+00:00,88.57,75.41,9.67
2025-10-13 02:30:00+00:00,93.4,82.2,27.97
2025-10-13 02:45:00+00:00,98.84,87.09,30.2
2025-10-13 03:00:00+00:00,89.06,78.56,27.32
2025-10-13 03:15:00+00:00,93.71,81.91,32.09
2025-10-13 03:30:00+00:00,96.79,89.24,55.79
2025-10-13 03:45:00+00:00,112.82,104.33,62.69
2025-10-13 04:00:00+00:00,84.71,83.45,80.77
2025-10-13 04:15:00+00:00,114.21,83.47,86.62
2025-10-13 04:30:00+00:00,142.96,130.77,96.37
2025-10-13 04:45:00+00:00,183.76,170.31,86.43
2025-10-13 05:00:00+00:00,144.36,83.4,98.22
2025-10-13 05:15:00+00:00,213.9,158.04,102.35
2025-10-13 05:30:00+00:00,252.53,178.39,115.05
2025-10-13 05:45:00+00:00,263.76,166.57,114.57
2025-10-13 06:00:00+00:00,256.61,209.07,129.29
2025-10-13 06:15:00+00:00,228.95,197.15,130.25
2025-10-13 06:30:00+00:00,175.68,167.02,129.29
2025-10-13 06:45:00+00:00,136.99,134.57,120.82
2025-10-13 07:00:00+00:00,202.36,197.63,140.33
2025-10-13 07:15:00+00:00,153.44,150.79,118.6
2025-10-13 07:30:00+00:00,135.96,131.48,105.02
2025-10-13 07:45:00+00:00,108.98,104.92,80.91
2025-10-13 08:00:00+00:00,141.47,136.64,112.47
2025-10-13 08:15:00+00:00,132.41,127.53,103.09
2025-10-13 08:30:00+00:00,118.19,115.41,101.37
2025-10-13 08:45:00+00:00,108.32,106.13,95.07
2025-10-13 09:00:00+00:00,127.09,122.87,101.37
2025-10-13 09:15:00+00:00,111.15,108.07,92.47
2025-10-13 09:30:00+00:00,103.47,99.82,81.48
2025-10-13 09:45:00+00:00,98.29,94.94,78.12
2025-10-13 10:00:00+00:00,103.56,100.19,78.33
2025-10-13 10:15:00+00:00,95.83,93.01,77.07
2025-10-13 10:30:00+00:00,92.44,90.12,77.07
2025-10-13 10:45:00+00:00,88.57,86.78,76.68
2025-10-13 11:00:00+00:00,95.05,91.8,73.47
2025-10-13 11:15:00+00:00,92.2,88.89,70.2
2025-10-13 11:30:00+00:00,87.57,81.62,48.02
2025-10-13 11:45:00+00:00,84.61,79.16,48.42
2025-10-13 12:00:00+00:00,82.75,79.48,62.15
2025-10-13 12:15:00+00:00,87.75,82.83,56.79
2025-10-13 12:30:00+00:00,95.87,85.81,32.5
2025-10-13 12:45:00+00:00,102.02,91.83,37.88
2025-10-13 13:00:00+00:00,88.3,78.83,30.64
2025-10-13 13:15:00+00:00,95.13,87.17,46.65
2025-10-13 13:30:00+00:00,104.88,94.35,40.79
2025-10-13 13:45:00+00:00,119.06,109.42,62.32
2025-10-13 14:00:00+00:00,92.2,78.81,11.92
2025-10-13 14:15:00+00:00,107.46,96.07,37.4
2025-10-13 14:30:00+00:00,123.29,112.78,57.36
2025-10-13 14:45:00+00:00,148.66,137.21,76.55
2025-10-13 15:00:00+00:00,106.78,100.37,63.54
2025-10-13 15:15:00+00:00,130.89,122.05,71.5
2025-10-13 15:30:00+00:00,198.43,181.4,86.3
2025-10-13 15:45:00+00:00,286.3,259.4,94.25
2025-10-13 16:00:00+00:00,195.22,178.02,85.16
2025-10-13 16:15:00+00:00,260.78,235.79,101.34
2025-10-13 16:30:00+00:00,361.99,321.13,101.37
2025-10-13 16:45:00+00:00,404.97,366.71,111.78
2025-10-13 17:00:00+00:00,396.92,353.5,117.2
2025-10-13 17:15:00+00:00,344.43,309.56,119.24
2025-10-13 17:30:00+00:00,270.65,250.04,137.11
2025-10-13 17:45:00+00:00,214.3,205.12,154.76
2025-10-13 18:00:00+00:00,273.43,252.05,136.97
2025-10-13 18:15:00+00:00,201.95,186.01,98.92
2025-10-13 18:30:00+00:00,143.39,135.61,92.38
2025-10-13 18:45:00+00:00,129.04,124.03,96.49
2025-10-13 19:00:00+00:00,176.2,164.68,105.26
2025-10-13 19:15:00+00:00,139.36,133.67,103.42
2025-10-13 19:30:00+00:00,118.96,113.68,85.51
2025-10-13 19:45:00+00:00,114.18,109.81,86.57
2025-10-13 20:00:00+00:00,134.99,123.66,63.46
2025-10-13 20:15:00+00:00,128.17,119.89,76.16
2025-10-13 20:30:00+00:00,117.3,117.3,117.24
2025-10-13 20:45:00+00:00,107.49,107.15,105.23
2025-10-13 21:00:00+00:00,123.09,118.56,93.97
2025-10-13 21:15:00+00:00,109.69,104.68,77.25
2025-10-13 21:30:00+00:00,107.42,104.8,90.47
2025-10-13 21:45:00+00:00,104.9,97.69,87.96
2025-10-13 22:00:00+00:00,114.93,114.93,114.93
2025-10-13 22:15:00+00:00,116.53,116.53,116.53
2025-10-13 22:30:00+00:00,105.51,101.94,84.88
2025-10-13 22:45:00+00:00,99.76,95.2,73.43
2025-10-13 23:00:00+00:00,107.3,107.04,105.77
2025-10-13 23:15:00+00:00,104.71,103.4,97.88
2025-10-13 23:30:00+00:00,102.65,100.5,91.38
2025-10-13 23:45:00+00:00,97.4,90.93,63.45
2025-10-14 00:00:00+00:00,104.85,104.85,104.85
2025-10-14 00:15:00+00:00,100.36,98.39,90.23
2025-10-14 00:30:00+00:00,98.04,94.32,78.88
2025-10-14 00:45:00+00:00,94.83,88.68,63.1
2025-10-14 01:00:00+00:00,100.87,98.8,88.93
2025-10-14 01:15:00+00:00,99.09,95.17,76.44
2025-10-14 01:30:00+00:00,97.43,92.31,67.88
2025-10-14 01:45:00+00:00,98.08,91.52,60.25
2025-10-14 02:00:00+00:00,97.88,94.07,76.46
2025-10-14 02:15:00+00:00,99.2,94.33,71.82
2025-10-14 02:30:00+00:00,98.71,92.6,64.41
2025-10-14 02:45:00+00:00,104.4,97.5,65.62
2025-10-14 03:00:00+00:00,97.27,92.02,69.58
2025-10-14 03:15:00+00:00,102.82,95.99,66.64
2025-10-14 03:30:00+00:00,101.99,97.83,82.32
2025-10-14 03:45:00+00:00,103.71,98.95,84.36
2025-10-14 04:00:00+00:00,92.59,86.93,92.45
2025-10-14 04:15:00+00:00,121.87,106.42,81.44
2025-10-14 04:30:00+00:00,143.01,136.4,109.99
2025-10-14 04:45:00+00:00,135.7,126.94,102.52
2025-10-14 05:00:00+00:00,130.94,126.04,97.67
2025-10-14 05:15:00+00:00,143.01,135.93,96.72
2025-10-14 05:30:00+00:00,179.03,172.0,133.45
2025-10-14 05:45:00+00:00,187.8,179.35,131.95
2025-10-14 06:00:00+00:00,231.08,220.06,157.78
2025-10-14 06:15:00+00:00,224.0,214.47,160.43
2025-10-14 06:30:00+00:00,167.21,163.15,140.0
2025-10-14 06:45:00+00:00,140.99,136.3,109.52
2025-10-14 07:00:00+00:00,215.71,204.41,157.89
2025-10-14 07:15:00+00:00,153.83,147.22,120.01
2025-10-14 07:30:00+00:00,134.11,129.52,110.78
2025-10-14 07:45:00+00:00,122.13,118.05,101.37
2025-10-14 08:00:00+00:00,180.81,171.35,113.51
2025-10-14 08:15:00+00:00,132.93,128.94,110.82
2025-10-14 08:30:00+00:00,116.51,113.78,101.37
2025-10-14 08:45:00+00:00,108.65,106.36,96.0
2025-10-14 09:00:00+00:00,135.03,129.37,100.5
2025-10-14 09:15:00+00:00,120.93,115.26,86.3
2025-10-14 09:30:00+00:00,116.02,110.82,84.34
2025-10-14 09:45:00+00:00,107.4,103.07,81.01
2025-10-14 10:00:00+00:00,112.9,107.51,79.55
2025-10-14 10:15:00+00:00,111.69,106.48,79.42
2025-10-14 10:30:00+00:00,107.38,102.33,76.1
2025-10-14 10:45:00+00:00,98.62,94.35,72.35
2025-10-14 11:00:00+00:00,104.84,99.29,70.1
2025-10-14 11:15:00+00:00,102.49,97.27,69.93
2025-10-14 11:30:00+00:00,103.49,97.32,65.0
2025-10-14 11:45:00+00:00,101.17,94.85,62.0
2025-10-14 12:00:00+00:00,86.18,82.36,64.0
2025-10-14 12:15:00+00:00,100.81,94.85,66.0
2025-10-14 12:30:00+00:00,108.64,100.78,63.28
2025-10-14 12:45:00+00:00,125.43,114.42,60.7
2025-10-14 13:00:00+00:00,101.87,94.39,56.0
2025-10-14 13:15:00+00:00,112.9,104.39,60.32
2025-10-14 13:30:00+00:00,118.14,108.92,62.0
2025-10-14 13:45:00+00:00,156.19,141.99,68.55
2025-10-14 14:00:00+00:00,91.04,84.25,56.95
2025-10-14 14:15:00+00:00,116.09,106.99,68.0
2025-10-14 14:30:00+00:00,154.95,139.46,72.91
2025-10-14 14:45:00+00:00,224.32,195.34,79.55
2025-10-14 15:00:00+00:00,113.94,107.27,72.17
2025-10-14 15:15:00+00:00,145.1,135.11,80.07
2025-10-14 15:30:00+00:00,238.96,214.15,91.19
2025-10-14 15:45:00+00:00,378.78,290.0,104.36
2025-10-14 16:00:00+00:00,274.81,236.71,107.46
2025-10-14 16:15:00+00:00,361.84,268.65,103.75
2025-10-14 16:30:00+00:00,474.8,375.25,114.03
2025-10-14 16:45:00+00:00,508.38,435.48,117.2
2025-10-14 17:00:00+00:00,493.94,437.97,120.78
2025-10-14 17:15:00+00:00,448.63,407.74,134.0
2025-10-14 17:30:00+00:00,379.98,352.42,160.11
2025-10-14 17:45:00+00:00,306.27,288.78,165.75
2025-10-14 18:00:00+00:00,332.2,307.01,158.18
2025-10-14 18:15:00+00:00,242.83,227.44,135.82
2025-10-14 18:30:00+00:00,181.7,168.74,91.98
2025-10-14 18:45:00+00:00,145.19,135.79,80.63
2025-10-14 19:00:00+00:00,214.2,193.3,71.22
2025-10-14 19:15:00+00:00,165.07,154.27,91.34
2025-10-14 19:30:00+00:00,146.91,144.98,133.15
2025-10-14 19:45:00+00:00,125.98,124.51,115.45
2025-10-14 20:00:00+00:00,146.9,141.96,117.69
2025-10-14 20:15:00+00:00,132.57,130.56,120.62
2025-10-14 20:30:00+00:00,123.09,123.06,122.84
2025-10-14 20:45:00+00:00,116.87,116.94,117.2
2025-10-14 21:00:00+00:00,123.95,120.0,98.34
2025-10-14 21:15:00+00:00,118.01,115.52,101.82
2025-10-14 21:30:00+00:00,110.63,109.59,103.86
2025-10-14 21:45:00+00:00,108.85,108.84,108.7
2025-10-14 22:00:00+00:00,120.26,111.96,71.4
2025-10-14 22:15:00+00:00,116.09,115.73,113.99
2025-10-14 22:30:00+00:00,113.53,107.21,76.37
2025-10-14 22:45:00+00:00,111.97,105.1,71.53
2025-10-14 23:00:00+00:00,117.16,109.61,78.63
2025-10-14 23:15:00+00:00,112.45,105.64,77.74
2025-10-14 23:30:00+00:00,110.16,105.02,83.93
2025-10-14 23:45:00+00:00,107.69,99.3,66.92
2025-10-15 00:00:00+00:00,110.15,104.68,84.64
2025-10-15 00:15:00+00:00,108.38,99.75,68.12
2025-10-15 00:30:00+00:00,106.29,98.87,71.71
2025-10-15 00:45:00+00:00,105.9,100.85,82.35
2025-10-15 01:00:00+00:00,105.98,100.33,78.83
2025-10-15 01:15:00+00:00,104.94,99.56,79.08
2025-10-15 01:30:00+00:00,101.43,92.16,56.84
2025-10-15 01:45:00+00:00,102.12,93.65,61.42
2025-10-15 02:00:00+00:00,102.06,92.69,57.56
2025-10-15 02:15:00+00:00,104.76,96.51,65.58
2025-10-15 02:30:00+00:00,107.21,98.53,65.98
2025-10-15 02:45:00+00:00,111.89,103.13,70.31
2025-10-15 03:00:00+00:00,108.85,100.89,73.05
2025-10-15 03:15:00+00:00,112.74,105.22,73.61
2025-10-15 03:30:00+00:00,116.6,108.94,74.95
2025-10-15 03:45:00+00:00,119.4,104.55,38.12
2025-10-15 04:00:00+00:00,117.12,79.18,84.78
2025-10-15 04:15:00+00:00,131.33,96.81,75.1
2025-10-15 04:30:00+00:00,164.35,125.65,93.38
2025-10-15 04:45:00+00:00,195.04,164.0,82.7
2025-10-15 05:00:00+00:00,211.75,81.42,101.56
2025-10-15 05:15:00+00:00,270.1,106.01,126.95
2025-10-15 05:30:00+00:00,319.58,214.94,99.21
2025-10-15 05:45:00+00:00,313.53,238.65,111.37
2025-10-15 06:00:00+00:00,354.61,293.38,132.95
2025-10-15 06:15:00+00:00,304.77,261.97,149.83
2025-10-15 06:30:00+00:00,247.13,226.84,153.78
2025-10-15 06:45:00+00:00,198.28,190.76,135.84
2025-10-15 07:00:00+00:00,252.11,238.27,153.6
2025-10-15 07:15:00+00:00,197.67,187.51,120.01
2025-10-15 07:30:00+00:00,143.43,138.92,109.0
2025-10-15 07:45:00+00:00,131.0,123.89,99.51
2025-10-15 08:00:00+00:00,184.44,179.08,103.74
2025-10-15 08:15:00+00:00,141.01,135.9,102.94
2025-10-15 08:30:00+00:00,131.88,127.52,99.84
2025-10-15 08:45:00+00:00,112.1,109.39,92.13
2025-10-15 09:00:00+00:00,145.77,136.41,90.0
2025-10-15 09:15:00+00:00,130.42,123.02,86.3
2025-10-15 09:30:00+00:00,117.22,111.4,82.5
2025-10-15 09:45:00+00:00,111.01,105.75,79.68
2025-10-15 10:00:00+00:00,127.91,120.01,78.23
2025-10-15 10:15:00+00:00,124.04,115.64,71.2
2025-10-15 10:30:00+00:00,115.92,108.03,71.46
2025-10-15 10:45:00+00:00,109.83,102.97,71.2
2025-10-15 11:00:00+00:00,118.01,110.3,71.2
2025-10-15 11:15:00+00:00,115.82,108.3,70.21
2025-10-15 11:30:00+00:00,111.0,102.63,60.19
2025-10-15 11:45:00+00:00,106.68,96.58,45.4
2025-10-15 12:00:00+00:00,107.51,99.82,64.05
2025-10-15 12:15:00+00:00,109.68,101.12,61.28
2025-10-15 12:30:00+00:00,116.98,101.21,27.87
2025-10-15 12:45:00+00:00,127.4,110.1,29.68
2025-10-15 13:00:00+00:00,103.7,92.74,42.48
2025-10-15 13:15:00+00:00,107.64,100.1,66.0
2025-10-15 13:30:00+00:00,124.93,113.31,59.98
2025-10-15 13:45:00+00:00,154.3,139.23,70.1
2025-10-15 14:00:00+00:00,101.51,94.72,61.81
2025-10-15 14:15:00+00:00,118.71,111.2,75.1
2025-10-15 14:30:00+00:00,147.98,136.13,79.68
2025-10-15 14:45:00+00:00,174.57,157.29,77.1
2025-10-15 15:00:00+00:00,105.02,102.25,79.68
2025-10-15 15:15:00+00:00,130.3,123.9,83.81
2025-10-15 15:30:00+00:00,183.17,170.37,90.92
2025-10-15 15:45:00+00:00,261.51,239.49,100.0
2025-10-15 16:00:00+00:00,156.76,149.79,105.0
2025-10-15 16:15:00+00:00,189.62,178.92,110.0
2025-10-15 16:30:00+00:00,246.84,229.87,120.1
2025-10-15 16:45:00+00:00,294.29,272.6,132.43
2025-10-15 17:00:00+00:00,293.57,270.66,136.91
2025-10-15 17:15:00+00:00,242.91,230.19,155.43
2025-10-15 17:30:00+00:00,182.93,181.67,172.33
2025-10-15 17:45:00+00:00,160.59,160.81,161.42
2025-10-15 18:00:00+00:00,213.51,204.71,162.67
2025-10-15 18:15:00+00:00,158.01,154.52,136.91
2025-10-15 18:30:00+00:00,124.95,122.62,110.95
2025-10-15 18:45:00+00:00,114.91,112.22,99.09
2025-10-15 19:00:00+00:00,153.28,144.35,94.43
2025-10-15 19:15:00+00:00,131.41,125.3,90.56
2025-10-15 19:30:00+00:00,118.17,115.53,99.6
2025-10-15 19:45:00+00:00,94.51,94.42,95.41
2025-10-15 20:00:00+00:00,114.72,113.42,106.21
2025-10-15 20:15:00+00:00,101.31,98.18,84.31
2025-10-15 20:30:00+00:00,95.35,95.35,97.18
2025-10-15 20:45:00+00:00,81.46,81.46,84.8
2025-10-15 21:00:00+00:00,95.39,94.42,89.0
2025-10-15 21:15:00+00:00,87.17,87.25,88.0
2025-10-15 21:30:00+00:00,87.1,87.1,89.33
2025-10-15 21:45:00+00:00,83.02,81.79,86.8
2025-10-15 22:00:00+00:00,90.22,83.59,52.87
2025-10-15 22:15:00+00:00,91.63,91.47,91.63
2025-10-15 22:30:00+00:00,88.93,87.42,80.84
2025-10-15 22:45:00+00:00,81.88,81.84,81.62
2025-10-15 23:00:00+00:00,90.67,86.33,66.53
2025-10-15 23:15:00+00:00,87.14,83.43,66.66
2025-10-15 23:30:00+00:00,85.09,82.65,71.93
2025-10-15 23:45:00+00:00,80.33,78.08,68.43
2025-10-16 00:00:00+00:00,90.41,87.44,77.34
2025-10-16 00:15:00+00:00,88.7,87.26,83.46
2025-10-16 00:30:00+00:00,87.91,83.38,65.19
2025-10-16 00:45:00+00:00,84.98,80.0,64.44
2025-10-16 01:00:00+00:00,90.01,85.66,71.69
2025-10-16 01:15:00+00:00,88.69,81.91,60.09
2025-10-16 01:30:00+00:00,88.69,80.54,54.77
2025-10-16 01:45:00+00:00,79.23,72.82,56.05
2025-10-16 02:00:00+00:00,86.13,77.26,49.23
2025-10-16 02:15:00+00:00,88.05,76.73,43.23
2025-10-16 02:30:00+00:00,88.49,80.0,62.3
2025-10-16 02:45:00+00:00,90.67,81.6,66.03
2025-10-16 03:00:00+00:00,80.24,75.94,64.17
2025-10-16 03:15:00+00:00,81.25,78.0,74.77
2025-10-16 03:30:00+00:00,85.1,80.0,70.49
2025-10-16 03:45:00+00:00,93.59,84.75,72.71
2025-10-16 04:00:00+00:00,79.19,67.09,75.52
2025-10-16 04:15:00+00:00,89.99,82.2,81.63
2025-10-16 04:30:00+00:00,98.27,93.49,95.96
2025-10-16 04:45:00+00:00,117.32,105.53,93.34
2025-10-16 05:00:00+00:00,101.88,93.04,93.07
2025-10-16 05:15:00+00:00,116.05,105.1,113.86
2025-10-16 05:30:00+00:00,121.06,106.66,105.17
2025-10-16 05:45:00+00:00,125.5,105.97,116.8
2025-10-16 06:00:00+00:00,148.39,140.14,149.36
2025-10-16 06:15:00+00:00,146.12,142.36,146.47
2025-10-16 06:30:00+00:00,132.74,132.19,132.74
2025-10-16 06:45:00+00:00,103.82,103.45,103.5
2025-10-16 07:00:00+00:00,147.5,147.5,147.5
2025-10-16 07:15:00+00:00,132.71,131.58,129.86
2025-10-16 07:30:00+00:00,106.38,106.38,106.38
2025-10-16 07:45:00+00:00,93.13,86.34,65.58
2025-10-16 08:00:00+00:00,118.0,116.84,110.87
2025-10-16 08:15:00+00:00,93.73,92.48,88.14
2025-10-16 08:30:00+00:00,81.21,79.47,73.56
2025-10-16 08:45:00+00:00,76.01,76.01,76.01
2025-10-16 09:00:00+00:00,102.38,99.44,94.63
2025-10-16 09:15:00+00:00,86.71,86.19,85.35
2025-10-16 09:30:00+00:00,85.48,82.72,77.87
2025-10-16 09:45:00+00:00,78.66,75.33,63.39
2025-10-16 10:00:00+00:00,89.01,86.15,77.51
2025-10-16 10:15:00+00:00,82.76,76.42,66.3
2025-10-16 10:30:00+00:00,83.44,80.0,74.6
2025-10-16 10:45:00+00:00,78.4,72.56,60.95
2025-10-16 11:00:00+00:00,84.28,82.82,74.08
2025-10-16 11:15:00+00:00,82.54,80.23,65.31
2025-10-16 11:30:00+00:00,80.68,75.86,44.66
2025-10-16 11:45:00+00:00,78.4,76.31,41.54
2025-10-16 12:00:00+00:00,76.96,76.24,71.75
2025-10-16 12:15:00+00:00,79.25,77.29,65.04
2025-10-16 12:30:00+00:00,81.56,77.36,51.02
2025-10-16 12:45:00+00:00,94.15,90.47,67.38
2025-10-16 13:00:00+00:00,72.1,69.57,55.94
2025-10-16 13:15:00+00:00,82.42,79.35,68.69
2025-10-16 13:30:00+00:00,85.09,79.46,60.01
2025-10-16 13:45:00+00:00,92.5,88.56,74.2
2025-10-16 14:00:00+00:00,68.12,67.08,59.05
2025-10-16 14:15:00+00:00,79.48,79.35,76.98
2025-10-16 14:30:00+00:00,92.41,89.07,75.67
2025-10-16 14:45:00+00:00,116.1,110.77,83.06
2025-10-16 15:00:00+00:00,78.4,75.93,65.19
2025-10-16 15:15:00+00:00,116.06,109.89,76.82
2025-10-16 15:30:00+00:00,132.51,126.46,90.99
2025-10-16 15:45:00+00:00,156.69,149.19,105.0
2025-10-16 16:00:00+00:00,109.6,107.33,96.15
2025-10-16 16:15:00+00:00,128.7,126.1,109.76
2025-10-16 16:30:00+00:00,135.91,134.6,121.94
2025-10-16 16:45:00+00:00,145.79,145.7,139.0
2025-10-16 17:00:00+00:00,137.23,137.89,139.19
2025-10-16 17:15:00+00:00,144.29,144.81,146.25
2025-10-16 17:30:00+00:00,144.65,145.22,146.79
2025-10-16 17:45:00+00:00,136.19,136.4,137.07
2025-10-16 18:00:00+00:00,145.04,145.55,146.51
2025-10-16 18:15:00+00:00,123.38,124.22,125.73
2025-10-16 18:30:00+00:00,128.0,125.34,108.49
2025-10-16 18:45:00+00:00,105.96,103.51,88.05
2025-10-16 19:00:00+00:00,124.53,123.85,120.01
2025-10-16 19:15:00+00:00,106.18,103.56,94.75
2025-10-16 19:30:00+00:00,90.47,89.78,88.97
2025-10-16 19:45:00+00:00,87.75,86.45,82.36
2025-10-16 20:00:00+00:00,96.5,87.79,48.95
2025-10-16 20:15:00+00:00,100.23,98.54,93.93
2025-10-16 20:30:00+00:00,105.99,105.6,106.9
2025-10-16 20:45:00+00:00,96.7,96.12,98.06
2025-10-16 21:00:00+00:00,100.87,100.1,98.72
2025-10-16 21:15:00+00:00,95.47,94.18,89.41
2025-10-16 21:30:00+00:00,93.2,93.19,93.1
2025-10-16 21:45:00+00:00,83.91,83.22,79.59
2025-10-16 22:00:00+00:00,91.4,91.4,91.91
2025-10-16 22:15:00+00:00,88.11,88.11,88.74
2025-10-16 22:30:00+00:00,87.24,87.03,86.62
2025-10-16 22:45:00+00:00,85.84,84.97,81.59
2025-10-16 23:00:00+00:00,87.07,86.0,80.59
2025-10-16 23:15:00+00:00,87.52,84.2,68.23
2025-10-16 23:30:00+00:00,88.38,86.51,77.45
2025-10-16 23:45:00+00:00,90.28,86.8,70.24
2025-10-17 00:00:00+00:00,91.4,91.05,89.24
2025-10-17 00:15:00+00:00,88.2,86.26,76.95
2025-10-17 00:30:00+00:00,88.4,85.66,72.43
2025-10-17 00:45:00+00:00,88.23,86.39,77.43
2025-10-17 01:00:00+00:00,89.71,87.86,79.07
2025-10-17 01:15:00+00:00,87.83,86.82,81.79
2025-10-17 01:30:00+00:00,88.76,88.22,85.55
2025-10-17 01:45:00+00:00,87.53,85.65,76.58
2025-10-17 02:00:00+00:00,87.27,85.29,75.95
2025-10-17 02:15:00+00:00,87.46,84.18,68.59
2025-10-17 02:30:00+00:00,91.4,88.12,72.59
2025-10-17 02:45:00+00:00,96.22,94.14,84.37
2025-10-17 03:00:00+00:00,89.99,88.21,79.49
2025-10-17 03:15:00+00:00,90.13,88.91,84.74
2025-10-17 03:30:00+00:00,98.27,95.49,87.07
2025-10-17 03:45:00+00:00,99.65,96.03,82.28
2025-10-17 04:00:00+00:00,85.77,83.13,85.77
2025-10-17 04:15:00+00:00,95.93,89.84,92.94
2025-10-17 04:30:00+00:00,119.3,109.44,100.68
2025-10-17 04:45:00+00:00,130.64,119.4,88.24
2025-10-17 05:00:00+00:00,119.57,114.17,85.54
2025-10-17 05:15:00+00:00,117.78,116.64,105.92
2025-10-17 05:30:00+00:00,133.01,133.77,134.31
2025-10-17 05:45:00+00:00,147.58,146.88,142.89
2025-10-17 06:00:00+00:00,158.82,158.02,151.73
2025-10-17 06:15:00+00:00,159.99,159.99,159.99
2025-10-17 06:30:00+00:00,140.81,140.79,140.72
2025-10-17 06:45:00+00:00,119.72,118.02,108.57
2025-10-17 07:00:00+00:00,161.02,161.02,161.02
2025-10-17 07:15:00+00:00,133.0,133.0,133.0
2025-10-17 07:30:00+00:00,120.0,120.0,120.0
2025-10-17 07:45:00+00:00,102.06,102.06,102.06
2025-10-17 08:00:00+00:00,129.09,124.91,105.09
2025-10-17 08:15:00+00:00,123.62,120.37,105.04
2025-10-17 08:30:00+00:00,112.61,108.66,90.0
2025-10-17 08:45:00+00:00,103.4,102.34,97.37
2025-10-17 09:00:00+00:00,115.0,111.66,94.94
2025-10-17 09:15:00+00:00,103.56,99.72,83.07
2025-10-17 09:30:00+00:00,91.85,89.94,81.68
2025-10-17 09:45:00+00:00,85.74,84.29,78.0
2025-10-17 10:00:00+00:00,93.83,90.67,80.15
2025-10-17 10:15:00+00:00,87.92,85.31,76.62
2025-10-17 10:30:00+00:00,86.74,84.15,75.5
2025-10-17 10:45:00+00:00,84.07,79.86,74.03
2025-10-17 11:00:00+00:00,88.4,84.31,69.0
2025-10-17 11:15:00+00:00,87.41,80.23,62.41
2025-10-17 11:30:00+00:00,87.4,78.51,55.26
2025-10-17 11:45:00+00:00,83.66,75.82,49.87
2025-10-17 12:00:00+00:00,82.73,75.97,53.0
2025-10-17 12:15:00+00:00,87.09,78.38,50.0
2025-10-17 12:30:00+00:00,89.68,80.23,45.01
2025-10-17 12:45:00+00:00,91.72,81.0,45.55
2025-10-17 13:00:00+00:00,83.9,73.87,31.8
2025-10-17 13:15:00+00:00,87.4,78.84,42.84
2025-10-17 13:30:00+00:00,91.1,83.28,50.26
2025-10-17 13:45:00+00:00,92.17,85.28,55.1
2025-10-17 14:00:00+00:00,84.05,75.85,31.53
2025-10-17 14:15:00+00:00,87.32,82.97,56.15
2025-10-17 14:30:00+00:00,93.76,90.59,67.21
2025-10-17 14:45:00+00:00,114.87,109.64,76.3
2025-10-17 15:00:00+00:00,88.25,87.76,75.1
2025-10-17 15:15:00+00:00,108.23,106.38,82.87
2025-10-17 15:30:00+00:00,122.14,121.52,105.84
2025-10-17 15:45:00+00:00,150.05,146.58,115.01
2025-10-17 16:00:00+00:00,126.4,123.2,104.64
2025-10-17 16:15:00+00:00,129.32,128.08,117.76
2025-10-17 16:30:00+00:00,125.33,126.57,124.8
2025-10-17 16:45:00+00:00,136.19,137.35,135.78
2025-10-17 17:00:00+00:00,127.86,129.52,131.33
2025-10-17 17:15:00+00:00,129.54,131.09,133.7
2025-10-17 17:30:00+00:00,136.45,137.09,138.2
2025-10-17 17:45:00+00:00,128.91,129.52,130.66
2025-10-17 18:00:00+00:00,131.43,132.0,132.85
2025-10-17 18:15:00+00:00,111.15,112.46,114.14
2025-10-17 18:30:00+00:00,119.44,119.4,117.39
2025-10-17 18:45:00+00:00,105.93,105.53,101.89
2025-10-17 19:00:00+00:00,114.7,115.7,117.06
2025-10-17 19:15:00+00:00,101.44,100.84,102.34
2025-10-17 19:30:00+00:00,101.45,101.45,102.58
2025-10-17 19:45:00+00:00,98.63,98.51,99.74
2025-10-17 20:00:00+00:00,108.12,108.46,109.54
2025-10-17 20:15:00+00:00,102.81,102.81,104.07
2025-10-17 20:30:00+00:00,101.98,102.13,102.94
2025-10-17 20:45:00+00:00,95.82,95.91,96.78
2025-10-17 21:00:00+00:00,105.45,105.46,105.97
2025-10-17 21:15:00+00:00,95.3,95.29,96.0
2025-10-17 21:30:00+00:00,87.85,87.77,88.52
2025-10-17 21:45:00+00:00,81.39,81.47,81.91
2025-10-17 22:00:00+00:00,93.61,93.53,92.54
2025-10-17 22:15:00+00:00,103.62,103.71,103.6
2025-10-17 22:30:00+00:00,93.4,93.31,92.14
2025-10-17 22:45:00+00:00,87.83,87.81,87.12
2025-10-17 23:00:00+00:00,96.35,96.84,98.56
2025-10-17 23:15:00+00:00,89.71,90.25,92.03
2025-10-17 23:30:00+00:00,86.82,87.24,88.69
2025-10-17 23:45:00+00:00,86.56,86.72,87.07
2025-10-18 00:00:00+00:00,97.2,97.36,97.66
2025-10-18 00:15:00+00:00,89.8,90.12,91.01
2025-10-18 00:30:00+00:00,86.87,86.95,86.87
2025-10-18 00:45:00+00:00,85.38,85.46,85.38
2025-10-18 01:00:00+00:00,86.51,86.44,85.71
2025-10-18 01:15:00+00:00,86.83,86.26,83.45
2025-10-18 01:30:00+00:00,89.62,87.61,78.79
2025-10-18 01:45:00+00:00,90.38,88.92,82.6
2025-10-18 02:00:00+00:00,85.41,83.62,75.91
2025-10-18 02:15:00+00:00,86.07,84.3,76.67
2025-10-18 02:30:00+00:00,89.29,86.37,73.9
2025-10-18 02:45:00+00:00,92.63,88.89,73.04
2025-10-18 03:00:00+00:00,82.36,81.28,76.41
2025-10-18 03:15:00+00:00,85.06,83.2,74.74
2025-10-18 03:30:00+00:00,93.41,91.16,81.11
2025-10-18 03:45:00+00:00,92.43,90.82,83.21
2025-10-18 04:00:00+00:00,80.22,78.44,69.98
2025-10-18 04:15:00+00:00,85.4,83.71,76.26
2025-10-18 04:30:00+00:00,95.7,93.4,83.37
2025-10-18 04:45:00+00:00,106.5,104.29,93.76
2025-10-18 05:00:00+00:00,93.19,93.19,94.14
2025-10-18 05:15:00+00:00,108.74,108.74,107.34
2025-10-18 05:30:00+00:00,115.87,112.69,95.27
2025-10-18 05:45:00+00:00,120.09,116.27,95.58
2025-10-18 06:00:00+00:00,121.19,121.19,119.11
2025-10-18 06:15:00+00:00,117.52,117.37,114.31
2025-10-18 06:30:00+00:00,116.5,116.82,117.56
2025-10-18 06:45:00+00:00,102.97,102.26,98.91
2025-10-18 07:00:00+00:00,124.99,123.75,117.85
2025-10-18 07:15:00+00:00,115.67,115.32,113.34
2025-10-18 07:30:00+00:00,92.87,92.87,92.87
2025-10-18 07:45:00+00:00,75.44,75.45,75.51
2025-10-18 08:00:00+00:00,114.91,113.43,106.07
2025-10-18 08:15:00+00:00,91.69,89.76,80.5
2025-10-18 08:30:00+00:00,82.88,79.56,63.5
2025-10-18 08:45:00+00:00,76.39,72.1,51.42
2025-10-18 09:00:00+00:00,87.99,85.47,73.91
2025-10-18 09:15:00+00:00,82.61,75.93,45.0
2025-10-18 09:30:00+00:00,79.79,70.38,26.45
2025-10-18 09:45:00+00:00,72.76,62.21,12.71
2025-10-18 10:00:00+00:00,78.44,73.46,50.42
2025-10-18 10:15:00+00:00,75.85,67.4,28.33
2025-10-18 10:30:00+00:00,73.78,69.35,48.91
2025-10-18 10:45:00+00:00,67.69,60.88,29.4
2025-10-18 11:00:00+00:00,68.67,62.45,33.42
2025-10-18 11:15:00+00:00,65.6,57.62,20.33
2025-10-18 11:30:00+00:00,67.53,59.7,21.78
2025-10-18 11:45:00+00:00,68.33,60.24,21.43
2025-10-18 12:00:00+00:00,64.41,54.84,9.36
2025-10-18 12:15:00+00:00,70.4,61.15,17.07
2025-10-18 12:30:00+00:00,75.14,64.14,10.91
2025-10-18 12:45:00+00:00,79.24,72.83,42.66
2025-10-18 13:00:00+00:00,71.22,58.7,0.65
2025-10-18 13:15:00+00:00,78.41,67.48,17.26
2025-10-18 13:30:00+00:00,86.27,75.06,23.23
2025-10-18 13:45:00+00:00,98.1,88.06,41.35
2025-10-18 14:00:00+00:00,66.9,54.32,0.3
2025-10-18 14:15:00+00:00,84.65,72.98,23.01
2025-10-18 14:30:00+00:00,106.15,91.02,25.84
2025-10-18 14:45:00+00:00,128.5,117.79,71.06
2025-10-18 15:00:00+00:00,87.28,74.76,16.9
2025-10-18 15:15:00+00:00,110.94,103.3,67.72
2025-10-18 15:30:00+00:00,122.23,114.8,80.2
2025-10-18 15:45:00+00:00,162.11,152.38,107.7
2025-10-18 16:00:00+00:00,126.18,114.14,53.5
2025-10-18 16:15:00+00:00,132.02,124.99,89.25
2025-10-18 16:30:00+00:00,138.52,134.55,113.83
2025-10-18 16:45:00+00:00,136.22,135.09,128.24
2025-10-18 17:00:00+00:00,138.39,134.87,116.18
2025-10-18 17:15:00+00:00,127.22,125.85,117.85
2025-10-18 17:30:00+00:00,118.06,118.52,120.01
2025-10-18 17:45:00+00:00,115.62,116.01,117.85
2025-10-18 18:00:00+00:00,133.0,131.92,126.23
2025-10-18 18:15:00+00:00,115.38,113.92,105.62
2025-10-18 18:30:00+00:00,105.98,104.07,93.03
2025-10-18 18:45:00+00:00,97.62,95.68,85.52
2025-10-18 19:00:00+00:00,99.16,99.16,101.04
2025-10-18 19:15:00+00:00,97.02,97.02,98.0
2025-10-18 19:30:00+00:00,89.14,89.14,89.85
2025-10-18 19:45:00+00:00,84.89,85.07,85.45
2025-10-18 20:00:00+00:00,104.16,103.96,104.16
2025-10-18 20:15:00+00:00,95.86,95.67,96.66
2025-10-18 20:30:00+00:00,96.88,96.81,97.2
2025-10-18 20:45:00+00:00,85.41,85.34,85.89
2025-10-18 21:00:00+00:00,105.87,105.75,105.95
2025-10-18 21:15:00+00:00,96.35,96.35,96.35
2025-10-18 21:30:00+00:00,89.31,89.31,89.31
2025-10-18 21:45:00+00:00,85.89,85.89,85.89
2025-10-18 22:00:00+00:00,103.22,102.02,96.4
2025-10-18 22:15:00+00:00,92.0,92.0,92.0
2025-10-18 22:30:00+00:00,87.58,86.57,81.85
2025-10-18 22:45:00+00:00,86.57,83.26,67.79
2025-10-18 23:00:00+00:00,95.65,92.44,77.07
2025-10-18 23:15:00+00:00,89.43,86.89,74.76
2025-10-18 23:30:00+00:00,84.92,82.26,69.62
2025-10-18 23:45:00+00:00,80.34,77.48,63.97
2025-10-19 00:00:00+00:00,86.43,84.06,73.16
2025-10-19 00:15:00+00:00,81.5,77.79,61.0
2025-10-19 00:30:00+00:00,81.72,76.23,51.01
2025-10-19 00:45:00+00:00,79.52,72.43,39.89
2025-10-19 01:00:00+00:00,83.07,76.24,44.0
2025-10-19 01:15:00+00:00,80.58,72.15,32.33
2025-10-19 01:30:00+00:00,81.52,72.57,30.2
2025-10-19 01:45:00+00:00,83.39,74.1,30.0
2025-10-19 02:00:00+00:00,83.59,74.24,31.87
2025-10-19 02:15:00+00:00,82.35,72.89,30.07
2025-10-19 02:30:00+00:00,84.09,74.3,30.0
2025-10-19 02:45:00+00:00,82.82,73.25,29.94
2025-10-19 03:00:00+00:00,82.37,72.28,28.01
2025-10-19 03:15:00+00:00,81.29,70.34,22.57
2025-10-19 03:30:00+00:00,85.62,73.97,23.16
2025-10-19 03:45:00+00:00,84.71,72.9,21.43
2025-10-19 04:00:00+00:00,82.5,73.26,29.68
2025-10-19 04:15:00+00:00,82.34,73.11,29.94
2025-10-19 04:30:00+00:00,85.14,75.2,29.03
2025-10-19 04:45:00+00:00,91.02,79.0,23.03
2025-10-19 05:00:00+00:00,85.55,75.32,30.2
2025-10-19 05:15:00+00:00,87.77,76.43,26.57
2025-10-19 05:30:00+00:00,83.49,73.58,30.2
2025-10-19 05:45:00+00:00,84.21,74.6,31.87
2025-10-19 06:00:00+00:00,98.73,86.46,32.33
2025-10-19 06:15:00+00:00,95.56,83.88,31.87
2025-10-19 06:30:00+00:00,81.87,72.65,31.01
2025-10-19 06:45:00+00:00,72.47,64.84,30.2
2025-10-19 07:00:00+00:00,96.86,85.95,35.01
2025-10-19 07:15:00+00:00,82.82,73.54,30.02
2025-10-19 07:30:00+00:00,74.43,66.29,28.15
2025-10-19 07:45:00+00:00,59.62,53.41,6.0
2025-10-19 08:00:00+00:00,81.51,70.32,16.79
2025-10-19 08:15:00+00:00,69.96,65.79,4.31
2025-10-19 08:30:00+00:00,67.72,58.17,12.42
2025-10-19 08:45:00+00:00,59.36,49.1,0.01
2025-10-19 09:00:00+00:00,74.05,67.1,8.54
2025-10-19 09:15:00+00:00,66.2,54.99,1.52
2025-10-19 09:30:00+00:00,60.03,53.63,23.09
2025-10-19 09:45:00+00:00,40.92,36.44,15.1
2025-10-19 10:00:00+00:00,54.36,49.5,26.21
2025-10-19 10:15:00+00:00,40.05,39.41,36.34
2025-10-19 10:30:00+00:00,28.0,28.0,28.0
2025-10-19 10:45:00+00:00,15.86,15.86,15.86
2025-10-19 11:00:00+00:00,24.08,24.08,24.08
2025-10-19 11:15:00+00:00,21.25,19.29,10.34
2025-10-19 11:30:00+00:00,19.78,16.89,3.71
2025-10-19 11:45:00+00:00,16.07,14.99,10.03
2025-10-19 12:00:00+00:00,11.68,10.86,6.86
2025-10-19 12:15:00+00:00,22.67,20.75,11.36
2025-10-19 12:30:00+00:00,44.71,39.05,11.43
2025-10-19 12:45:00+00:00,65.81,58.65,23.72
2025-10-19 13:00:00+00:00,40.06,34.56,8.38
2025-10-19 13:15:00+00:00,68.89,67.04,10.96
2025-10-19 13:30:00+00:00,73.1,73.1,5.29
2025-10-19 13:45:00+00:00,85.04,85.04,6.06
2025-10-19 14:00:00+00:00,59.06,50.68,12.21
2025-10-19 14:15:00+00:00,79.39,70.01,6.6
2025-10-19 14:30:00+00:00,100.59,84.99,13.34
2025-10-19 14:45:00+00:00,120.68,101.02,10.39
2025-10-19 15:00:00+00:00,86.07,73.38,14.0
2025-10-19 15:15:00+00:00,100.01,83.3,3.66
2025-10-19 15:30:00+00:00,113.61,104.1,25.76
2025-10-19 15:45:00+00:00,124.6,164.16,7.96
2025-10-19 16:00:00+00:00,121.05,104.74,15.86
2025-10-19 16:15:00+00:00,118.14,102.68,25.2
2025-10-19 16:30:00+00:00,99.57,90.6,41.4
2025-10-19 16:45:00+00:00,91.99,89.98,71.63
2025-10-19 17:00:00+00:00,102.07,125.01,56.23
2025-10-19 17:15:00+00:00,87.49,86.95,64.5
2025-10-19 17:30:00+00:00,83.0,83.44,70.0
2025-10-19 17:45:00+00:00,69.92,72.59,75.85
2025-10-19 18:00:00+00:00,87.08,86.91,70.0
2025-10-19 18:15:00+00:00,72.06,73.36,74.04
2025-10-19 18:30:00+00:00,73.99,75.14,75.0
2025-10-19 18:45:00+00:00,68.88,69.67,69.5
2025-10-19 19:00:00+00:00,86.81,85.59,75.92
2025-10-19 19:15:00+00:00,71.66,71.19,67.66
2025-10-19 19:30:00+00:00,69.48,66.06,46.54
2025-10-19 19:45:00+00:00,64.65,56.71,5.88
2025-10-19 20:00:00+00:00,95.0,84.84,34.82
2025-10-19 20:15:00+00:00,77.96,69.73,30.72
2025-10-19 20:30:00+00:00,68.75,66.37,55.0
2025-10-19 20:45:00+00:00,57.26,56.9,54.96
2025-10-19 21:00:00+00:00,71.43,64.28,33.02
2025-10-19 21:15:00+00:00,58.78,55.12,41.02
2025-10-19 21:30:00+00:00,59.53,51.52,15.6
2025-10-19 21:45:00+00:00,53.68,51.33,40.0
2025-10-19 22:00:00+00:00,82.95,72.58,20.21
2025-10-19 22:15:00+00:00,69.03,65.62,50.0
2025-10-19 22:30:00+00:00,70.04,59.42,5.31
2025-10-19 22:45:00+00:00,58.13,49.39,4.46
2025-10-19 23:00:00+00:00,70.3,59.38,10.28
2025-10-19 23:15:00+00:00,66.48,56.21,10.06
2025-10-19 23:30:00+00:00,60.52,51.54,11.01
2025-10-19 23:45:00+00:00,58.6,50.5,15.0
2025-10-20 00:00:00+00:00,66.31,57.66,12.6
2025-10-20 00:15:00+00:00,60.07,53.16,18.11
2025-10-20 00:30:00+00:00,59.89,52.09,12.12
2025-10-20 00:45:00+00:00,57.65,50.59,13.84
2025-10-20 01:00:00+00:00,61.87,53.3,6.03
2025-10-20 01:15:00+00:00,59.37,51.59,8.81
2025-10-20 01:30:00+00:00,58.65,50.71,6.85
2025-10-20 01:45:00+00:00,60.12,52.71,12.01
2025-10-20 02:00:00+00:00,55.86,47.44,4.11
2025-10-20 02:15:00+00:00,58.61,50.22,8.41
2025-10-20 02:30:00+00:00,59.02,51.4,13.76
2025-10-20 02:45:00+00:00,68.92,59.74,13.27
2025-10-20 03:00:00+00:00,57.19,49.76,17.37
2025-10-20 03:15:00+00:00,75.29,64.31,10.26
2025-10-20 03:30:00+00:00,80.53,69.59,17.06
2025-10-20 03:45:00+00:00,86.23,72.27,2.85
2025-10-20 04:00:00+00:00,55.14,52.77,35.84
2025-10-20 04:15:00+00:00,86.43,80.52,43.0
2025-10-20 04:30:00+00:00,88.68,84.94,55.12
2025-10-20 04:45:00+00:00,74.76,77.29,70.42
2025-10-20 05:00:00+00:00,79.96,75.88,57.56
2025-10-20 05:15:00+00:00,85.34,82.58,73.41
2025-10-20 05:30:00+00:00,94.69,91.93,82.31
2025-10-20 05:45:00+00:00,107.48,103.67,88.0
2025-10-20 06:00:00+00:00,150.53,138.82,87.79
2025-10-20 06:15:00+00:00,138.82,129.59,93.53
2025-10-20 06:30:00+00:00,115.82,112.31,95.73
2025-10-20 06:45:00+00:00,95.22,95.22,94.33
2025-10-20 07:00:00+00:00,117.97,188.45,106.03
2025-10-20 07:15:00+00:00,101.76,125.26,95.5
2025-10-20 07:30:00+00:00,78.04,89.07,80.0
2025-10-20 07:45:00+00:00,70.97,73.37,55.12
2025-10-20 08:00:00+00:00,86.4,167.42,58.23
2025-10-20 08:15:00+00:00,77.35,92.1,47.7
2025-10-20 08:30:00+00:00,66.47,70.1,32.91
2025-10-20 08:45:00+00:00,62.38,62.38,15.01
2025-10-20 09:00:00+00:00,77.19,80.33,32.96
2025-10-20 09:15:00+00:00,70.31,72.12,15.01
2025-10-20 09:30:00+00:00,69.92,62.27,15.23
2025-10-20 09:45:00+00:00,62.32,60.9,3.52
2025-10-20 10:00:00+00:00,62.63,61.9,28.3
2025-10-20 10:15:00+00:00,60.09,57.28,15.7
2025-10-20 10:30:00+00:00,57.95,54.46,3.52
2025-10-20 10:45:00+00:00,60.48,57.34,35.49
2025-10-20 11:00:00+00:00,60.18,59.13,11.11
2025-10-20 11:15:00+00:00,61.91,60.55,16.27
2025-10-20 11:30:00+00:00,68.66,59.95,1.72
2025-10-20 11:45:00+00:00,70.34,61.48,2.4
2025-10-20 12:00:00+00:00,65.71,57.04,3.88
2025-10-20 12:15:00+00:00,72.04,62.01,0.79
2025-10-20 12:30:00+00:00,75.68,65.11,0.65
2025-10-20 12:45:00+00:00,90.91,78.05,0.05
2025-10-20 13:00:00+00:00,74.77,64.46,0.16
2025-10-20 13:15:00+00:00,85.39,73.6,0.16
2025-10-20 13:30:00+00:00,106.98,92.24,0.16
2025-10-20 13:45:00+00:00,121.42,104.72,0.65
2025-10-20 14:00:00+00:00,86.63,73.36,0.65
2025-10-20 14:15:00+00:00,105.01,88.96,0.65
2025-10-20 14:30:00+00:00,130.11,110.1,6.2
2025-10-20 14:45:00+00:00,156.29,132.92,16.73
2025-10-20 15:00:00+00:00,108.95,90.72,3.52
2025-10-20 15:15:00+00:00,130.19,108.53,4.96
2025-10-20 15:30:00+00:00,138.29,116.7,13.48
2025-10-20 15:45:00+00:00,147.06,126.06,25.11
2025-10-20 16:00:00+00:00,130.04,116.86,10.0
2025-10-20 16:15:00+00:00,130.48,119.44,28.33
2025-10-20 16:30:00+00:00,128.39,121.05,49.24
2025-10-20 16:45:00+00:00,111.45,108.88,73.0
2025-10-20 17:00:00+00:00,127.0,120.33,56.53
2025-10-20 17:15:00+00:00,105.96,104.75,80.87
2025-10-20 17:30:00+00:00,94.84,95.75,87.8
2025-10-20 17:45:00+00:00,84.2,86.59,91.0
2025-10-20 18:00:00+00:00,105.09,103.15,89.31
2025-10-20 18:15:00+00:00,80.51,80.39,71.96
2025-10-20 18:30:00+00:00,72.23,70.1,55.34
2025-10-20 18:45:00+00:00,71.33,67.22,39.9
2025-10-20 19:00:00+00:00,86.28,91.55,66.84
2025-10-20 19:15:00+00:00,95.07,86.92,39.06
2025-10-20 19:30:00+00:00,69.32,69.32,9.08
2025-10-20 19:45:00+00:00,54.34,54.34,0.02
2025-10-20 20:00:00+00:00,86.37,78.18,40.04
2025-10-20 20:15:00+00:00,72.68,64.57,31.22
2025-10-20 20:30:00+00:00,62.62,60.56,60.1
2025-10-20 20:45:00+00:00,51.84,50.18,52.96
2025-10-20 21:00:00+00:00,53.35,53.35,55.0
2025-10-20 21:15:00+00:00,56.81,56.81,42.63
2025-10-20 21:30:00+00:00,54.2,54.2,48.52
2025-10-20 21:45:00+00:00,39.64,39.64,40.4
2025-10-20 22:00:00+00:00,80.9,68.24,12.75
2025-10-20 22:15:00+00:00,65.7,54.7,11.51
2025-10-20 22:30:00+00:00,53.65,44.8,10.42
2025-10-20 22:45:00+00:00,45.67,37.62,10.08
2025-10-20 23:00:00+00:00,55.53,49.22,14.92
2025-10-20 23:15:00+00:00,49.85,42.08,8.3
2025-10-20 23:30:00+00:00,42.57,37.0,15.2
2025-10-20 23:45:00+00:00,27.38,23.07,12.01
2025-10-21 00:00:00+00:00,46.5,39.38,17.16
2025-10-21 00:15:00+00:00,34.76,28.23,10.84
2025-10-21 00:30:00+00:00,31.05,24.81,11.17
2025-10-21 00:45:00+00:00,19.98,15.0,10.0
2025-10-21 01:00:00+00:00,32.18,25.22,7.96
2025-10-21 01:15:00+00:00,22.4,17.52,14.0
2025-10-21 01:30:00+00:00,17.5,12.89,12.23
2025-10-21 01:45:00+00:00,17.03,12.37,10.0
2025-10-21 02:00:00+00:00,20.27,15.77,12.92
2025-10-21 02:15:00+00:00,20.96,16.49,14.0
2025-10-21 02:30:00+00:00,30.62,25.04,15.0
2025-10-21 02:45:00+00:00,31.8,25.23,14.0
2025-10-21 03:00:00+00:00,26.05,21.04,12.75
2025-10-21 03:15:00+00:00,46.22,38.03,15.0
2025-10-21 03:30:00+00:00,52.87,41.58,4.97
2025-10-21 03:45:00+00:00,64.7,54.49,19.28
2025-10-21 04:00:00+00:00,39.86,36.41,24.94
2025-10-21 04:15:00+00:00,77.51,68.19,26.87
2025-10-21 04:30:00+00:00,91.01,82.91,42.0
2025-10-21 04:45:00+00:00,92.0,83.1,47.27
2025-10-21 05:00:00+00:00,70.28,62.31,46.76
2025-10-21 05:15:00+00:00,95.0,83.79,54.08
2025-10-21 05:30:00+00:00,100.04,91.85,70.15
2025-10-21 05:45:00+00:00,87.17,83.76,80.87
2025-10-21 06:00:00+00:00,89.07,85.56,90.05
2025-10-21 06:15:00+00:00,91.4,91.4,93.65
2025-10-21 06:30:00+00:00,94.85,100.03,96.5
2025-10-21 06:45:00+00:00,91.01,95.41,93.43
2025-10-21 07:00:00+00:00,101.03,105.22,104.49
2025-10-21 07:15:00+00:00,86.22,88.78,85.59
2025-10-21 07:30:00+00:00,82.21,84.59,83.08
2025-10-21 07:45:00+00:00,69.41,69.41,57.37
2025-10-21 08:00:00+00:00,92.0,92.0,96.14
2025-10-21 08:15:00+00:00,84.06,84.06,87.67
2025-10-21 08:30:00+00:00,66.35,66.35,71.2
2025-10-21 08:45:00+00:00,54.67,54.67,59.16
2025-10-21 09:00:00+00:00,85.0,85.0,87.56
2025-10-21 09:15:00+00:00,72.91,72.91,76.58
2025-10-21 09:30:00+00:00,58.4,58.4,63.25
2025-10-21 09:45:00+00:00,44.14,44.14,49.18
2025-10-21 10:00:00+00:00,57.65,57.65,62.39
2025-10-21 10:15:00+00:00,52.32,52.32,57.42
2025-10-21 10:30:00+00:00,49.83,49.83,55.15
2025-10-21 10:45:00+00:00,30.02,30.02,38.15
2025-10-21 11:00:00+00:00,44.22,44.22,50.74
2025-10-21 11:15:00+00:00,36.31,35.42,43.0
2025-10-21 11:30:00+00:00,25.21,23.32,30.5
2025-10-21 11:45:00+00:00,20.59,18.73,26.24
2025-10-21 12:00:00+00:00,16.49,15.11,22.95
2025-10-21 12:15:00+00:00,28.18,26.61,34.32
2025-10-21 12:30:00+00:00,35.48,34.15,40.61
2025-10-21 12:45:00+00:00,52.09,51.52,58.36
2025-10-21 13:00:00+00:00,23.39,19.13,12.51
2025-10-21 13:15:00+00:00,47.69,44.4,38.46
2025-10-21 13:30:00+00:00,78.83,71.62,36.04
2025-10-21 13:45:00+00:00,91.01,87.41,67.35
2025-10-21 14:00:00+00:00,35.44,35.44,9.83
2025-10-21 14:15:00+00:00,53.42,53.42,46.94
2025-10-21 14:30:00+00:00,85.69,83.3,75.89
2025-10-21 14:45:00+00:00,98.26,98.95,103.32
2025-10-21 15:00:00+00:00,51.97,49.34,49.34
2025-10-21 15:15:00+00:00,90.22,87.45,66.61
2025-10-21 15:30:00+00:00,120.26,115.31,73.22
2025-10-21 15:45:00+00:00,137.55,135.3,114.48
2025-10-21 16:00:00+00:00,87.11,86.63,78.25
2025-10-21 16:15:00+00:00,112.75,110.62,90.68
2025-10-21 16:30:00+00:00,144.12,137.94,101.33
2025-10-21 16:45:00+00:00,143.22,142.43,135.12
2025-10-21 17:00:00+00:00,122.3,123.59,125.62
2025-10-21 17:15:00+00:00,128.35,129.36,131.12
2025-10-21 17:30:00+00:00,111.32,112.73,114.95
2025-10-21 17:45:00+00:00,99.57,100.96,103.28
2025-10-21 18:00:00+00:00,114.37,114.91,112.77
2025-10-21 18:15:00+00:00,101.75,102.69,104.99
2025-10-21 18:30:00+00:00,95.0,94.91,97.75
2025-10-21 18:45:00+00:00,87.57,87.5,90.0
2025-10-21 19:00:00+00:00,88.73,88.25,92.22
2025-10-21 19:15:00+00:00,79.44,78.76,83.02
2025-10-21 19:30:00+00:00,85.79,85.1,86.37
2025-10-21 19:45:00+00:00,70.26,69.27,70.26
2025-10-21 20:00:00+00:00,92.79,91.03,92.79
2025-10-21 20:15:00+00:00,82.38,80.51,82.38
2025-10-21 20:30:00+00:00,79.59,78.4,80.04
2025-10-21 20:45:00+00:00,71.96,71.11,72.4
2025-10-21 21:00:00+00:00,83.78,81.94,82.66
2025-10-21 21:15:00+00:00,76.9,75.79,76.23
2025-10-21 21:30:00+00:00,73.95,73.34,74.09
2025-10-21 21:45:00+00:00,62.69,61.74,62.91
2025-10-21 22:00:00+00:00,92.09,83.19,46.87
2025-10-21 22:15:00+00:00,91.64,82.26,41.6
2025-10-21 22:30:00+00:00,84.94,75.42,32.73
2025-10-21 22:45:00+00:00,82.68,72.83,29.19
2025-10-21 23:00:00+00:00,88.87,77.97,33.18
2025-10-21 23:15:00+00:00,88.38,77.21,30.22
2025-10-21 23:30:00+00:00,88.1,77.07,29.57
2025-10-21 23:45:00+00:00,84.62,74.22,29.19
2025-10-22 00:00:00+00:00,83.63,73.15,29.19
2025-10-22 00:15:00+00:00,83.62,72.88,27.27
2025-10-22 00:30:00+00:00,86.63,75.69,27.14
2025-10-22 00:45:00+00:00,87.74,76.8,26.88
2025-10-22 01:00:00+00:00,89.28,79.51,26.49
2025-10-22 01:15:00+00:00,90.26,78.47,25.17
2025-10-22 01:30:00+00:00,90.56,78.43,23.59
2025-10-22 01:45:00+00:00,87.29,75.46,21.96
2025-10-22 02:00:00+00:00,85.31,76.36,24.99
2025-10-22 02:15:00+00:00,87.73,78.12,22.96
2025-10-22 02:30:00+00:00,92.15,82.03,24.0
2025-10-22 02:45:00+00:00,92.82,82.78,25.17
2025-10-22 03:00:00+00:00,81.24,72.75,26.75
2025-10-22 03:15:00+00:00,86.8,77.59,26.88
2025-10-22 03:30:00+00:00,95.34,88.47,49.89
2025-10-22 03:45:00+00:00,97.32,87.35,36.52
2025-10-22 04:00:00+00:00,91.65,86.18,54.5
2025-10-22 04:15:00+00:00,96.25,87.71,65.15
2025-10-22 04:30:00+00:00,96.62,88.21,66.91
2025-10-22 04:45:00+00:00,113.05,91.08,81.01
2025-10-22 05:00:00+00:00,97.01,92.91,76.32
2025-10-22 05:15:00+00:00,100.07,98.68,100.07
2025-10-22 05:30:00+00:00,98.56,96.93,98.56
2025-10-22 05:45:00+00:00,105.09,85.62,105.09
2025-10-22 06:00:00+00:00,94.19,91.75,92.87
2025-10-22 06:15:00+00:00,123.0,120.41,113.0
2025-10-22 06:30:00+00:00,128.13,124.7,108.77
2025-10-22 06:45:00+00:00,109.71,107.71,96.79
2025-10-22 07:00:00+00:00,148.0,148.0,148.0
2025-10-22 07:15:00+00:00,138.53,137.38,131.72
2025-10-22 07:30:00+00:00,115.64,115.64,115.64
2025-10-22 07:45:00+00:00,100.7,97.16,77.79
2025-10-22 08:00:00+00:00,130.54,130.54,130.54
2025-10-22 08:15:00+00:00,105.99,97.3,102.28
2025-10-22 08:30:00+00:00,96.57,86.86,96.34
2025-10-22 08:45:00+00:00,89.81,85.73,79.96
2025-10-22 09:00:00+00:00,98.4,89.66,98.4
2025-10-22 09:15:00+00:00,94.88,85.84,93.48
2025-10-22 09:30:00+00:00,89.62,78.77,89.62
2025-10-22 09:45:00+00:00,81.96,73.92,81.96
2025-10-22 10:00:00+00:00,94.43,86.15,94.43
2025-10-22 10:15:00+00:00,83.83,77.74,83.83
2025-10-22 10:30:00+00:00,84.54,76.55,84.54
2025-10-22 10:45:00+00:00,85.6,73.99,85.6
2025-10-22 11:00:00+00:00,92.73,85.02,92.73
2025-10-22 11:15:00+00:00,87.8,76.79,81.67
2025-10-22 11:30:00+00:00,83.76,77.31,76.89
2025-10-22 11:45:00+00:00,79.71,75.13,78.16
2025-10-22 12:00:00+00:00,80.78,77.74,80.78
2025-10-22 12:15:00+00:00,92.17,83.36,87.06
2025-10-22 12:30:00+00:00,95.87,81.57,82.33
2025-10-22 12:45:00+00:00,105.02,93.72,85.53
2025-10-22 13:00:00+00:00,83.4,82.56,83.68
2025-10-22 13:15:00+00:00,98.77,91.83,78.99
2025-10-22 13:30:00+00:00,123.0,113.84,56.95
2025-10-22 13:45:00+00:00,137.45,129.97,83.34
2025-10-22 14:00:00+00:00,80.16,77.77,65.89
2025-10-22 14:15:00+00:00,108.09,101.46,66.05
2025-10-22 14:30:00+00:00,144.23,130.78,57.82
2025-10-22 14:45:00+00:00,207.52,184.73,57.83
2025-10-22 15:00:00+00:00,132.71,121.85,50.57
2025-10-22 15:15:00+00:00,161.82,147.52,56.12
2025-10-22 15:30:00+00:00,220.03,201.32,82.25
2025-10-22 15:45:00+00:00,277.65,258.92,112.37
2025-10-22 16:00:00+00:00,221.88,207.96,46.75
2025-10-22 16:15:00+00:00,270.09,253.13,52.33
2025-10-22 16:30:00+00:00,340.7,338.04,129.96
2025-10-22 16:45:00+00:00,353.26,353.26,135.0
2025-10-22 17:00:00+00:00,330.32,330.32,162.06
2025-10-22 17:15:00+00:00,305.02,305.02,148.43
2025-10-22 17:30:00+00:00,258.34,257.88,151.34
2025-10-22 17:45:00+00:00,225.36,219.0,83.51
2025-10-22 18:00:00+00:00,259.2,237.02,87.87
2025-10-22 18:15:00+00:00,194.85,178.93,71.43
2025-10-22 18:30:00+00:00,150.57,139.6,65.0
2025-10-22 18:45:00+00:00,136.62,126.72,59.5
2025-10-22 19:00:00+00:00,175.97,157.24,51.93
2025-10-22 19:15:00+00:00,139.36,125.61,48.31
2025-10-22 19:30:00+00:00,117.86,106.55,42.95
2025-10-22 19:45:00+00:00,102.6,91.58,29.57
2025-10-22 20:00:00+00:00,141.33,124.8,31.1
2025-10-22 20:15:00+00:00,127.01,111.79,25.5
2025-10-22 20:30:00+00:00,113.63,100.93,28.94
2025-10-22 20:45:00+00:00,106.29,93.28,19.5
2025-10-22 21:00:00+00:00,114.5,101.98,34.58
2025-10-22 21:15:00+00:00,111.36,97.05,20.0
2025-10-22 21:30:00+00:00,107.41,93.46,18.36
2025-10-22 21:45:00+00:00,99.1,84.68,7.05
2025-10-22 22:00:00+00:00,110.17,96.45,14.0
2025-10-22 22:15:00+00:00,105.55,97.24,10.0
2025-10-22 22:30:00+00:00,97.2,86.24,2.47
2025-10-22 22:45:00+00:00,92.58,77.16,2.4
2025-10-22 23:00:00+00:00,106.1,88.32,3.52
2025-10-22 23:15:00+00:00,103.85,86.19,1.99
2025-10-22 23:30:00+00:00,94.45,78.11,0.16
2025-10-22 23:45:00+00:00,90.58,74.91,0.16
2025-10-23 00:00:00+00:00,107.08,88.98,0.66
2025-10-23 00:15:00+00:00,98.4,81.9,0.16
2025-10-23 00:30:00+00:00,89.07,74.48,0.05
2025-10-23 00:45:00+00:00,85.72,71.7,0.01
2025-10-23 01:00:00+00:00,93.18,77.82,0.0
2025-10-23 01:15:00+00:00,87.13,72.77,0.0
2025-10-23 01:30:00+00:00,74.38,61.41,0.0
2025-10-23 01:45:00+00:00,65.0,52.86,-0.01
2025-10-23 02:00:00+00:00,75.27,73.27,-0.01
2025-10-23 02:15:00+00:00,70.77,66.32,-0.01
2025-10-23 02:30:00+00:00,69.81,62.55,-0.01
2025-10-23 02:45:00+00:00,68.14,59.53,0.0
2025-10-23 03:00:00+00:00,67.31,58.43,0.0
2025-10-23 03:15:00+00:00,67.31,58.99,0.0
2025-10-23 03:30:00+00:00,67.55,60.1,0.0
2025-10-23 03:45:00+00:00,67.91,63.65,0.01
2025-10-23 04:00:00+00:00,64.54,64.54,0.16
2025-10-23 04:15:00+00:00,74.02,74.02,0.79
2025-10-23 04:30:00+00:00,72.08,72.08,3.52
2025-10-23 04:45:00+00:00,78.36,78.36,6.0
2025-10-23 05:00:00+00:00,78.97,78.97,6.0
2025-10-23 05:15:00+00:00,84.38,84.38,14.0
2025-10-23 05:30:00+00:00,86.89,86.89,20.46
2025-10-23 05:45:00+00:00,78.89,89.76,25.5
2025-10-23 06:00:00+00:00,100.1,108.19,21.25
2025-10-23 06:15:00+00:00,100.01,110.67,25.1
2025-10-23 06:30:00+00:00,85.01,95.94,25.1
2025-10-23 06:45:00+00:00,74.88,114.36,22.5
2025-10-23 07:00:00+00:00,91.98,138.67,25.33
2025-10-23 07:15:00+00:00,87.53,95.7,20.49
2025-10-23 07:30:00+00:00,82.98,82.98,32.58
2025-10-23 07:45:00+00:00,69.58,69.58,21.32
2025-10-23 08:00:00+00:00,95.34,96.46,19.99
2025-10-23 08:15:00+00:00,84.9,84.9,14.97
2025-10-23 08:30:00+00:00,72.65,72.65,5.37
2025-10-23 08:45:00+00:00,65.92,65.92,0.0
2025-10-23 09:00:00+00:00,73.08,73.08,20.31
2025-10-23 09:15:00+00:00,70.28,68.65,6.72
2025-10-23 09:30:00+00:00,68.38,64.15,7.03
2025-10-23 09:45:00+00:00,66.66,62.51,3.61
2025-10-23 10:00:00+00:00,68.05,63.84,2.89
2025-10-23 10:15:00+00:00,66.12,62.01,0.05
2025-10-23 10:30:00+00:00,65.68,61.99,2.76
2025-10-23 10:45:00+00:00,64.54,57.21,5.92
2025-10-23 11:00:00+00:00,65.93,65.93,0.01
2025-10-23 11:15:00+00:00,63.99,63.99,0.0
2025-10-23 11:30:00+00:00,63.56,63.56,0.0
2025-10-23 11:45:00+00:00,62.94,62.94,0.0
2025-10-23 12:00:00+00:00,58.78,58.78,0.0
2025-10-23 12:15:00+00:00,63.02,63.02,0.0
2025-10-23 12:30:00+00:00,65.04,65.7,-0.01
2025-10-23 12:45:00+00:00,67.3,68.28,-0.01
2025-10-23 13:00:00+00:00,64.56,64.56,-0.01
2025-10-23 13:15:00+00:00,68.73,68.74,0.0
2025-10-23 13:30:00+00:00,80.7,80.7,0.0
2025-10-23 13:45:00+00:00,88.43,123.0,0.0
2025-10-23 14:00:00+00:00,70.79,70.79,0.0
2025-10-23 14:15:00+00:00,76.45,75.76,-0.01
2025-10-23 14:30:00+00:00,95.0,89.42,0.0
2025-10-23 14:45:00+00:00,99.75,121.79,0.0
2025-10-23 15:00:00+00:00,79.15,75.1,0.0
2025-10-23 15:15:00+00:00,98.92,86.0,0.09
2025-10-23 15:30:00+00:00,105.94,107.24,3.52
2025-10-23 15:45:00+00:00,108.46,174.94,4.39
2025-10-23 16:00:00+00:00,106.94,109.11,2.4
2025-10-23 16:15:00+00:00,114.54,109.11,10.01
2025-10-23 16:30:00+00:00,126.89,115.13,28.46
2025-10-23 16:45:00+00:00,111.35,136.51,35.02
2025-10-23 17:00:00+00:00,129.17,135.19,54.14
2025-10-23 17:15:00+00:00,109.06,133.36,61.28
2025-10-23 17:30:00+00:00,100.95,108.97,60.12
2025-10-23 17:45:00+00:00,92.47,108.97,7.69
2025-10-23 18:00:00+00:00,97.0,154.15,41.97
2025-10-23 18:15:00+00:00,89.49,89.49,27.96
2025-10-23 18:30:00+00:00,86.85,86.85,27.47
2025-10-23 18:45:00+00:00,77.51,77.51,5.26
2025-10-23 19:00:00+00:00,92.31,92.91,31.72
2025-10-23 19:15:00+00:00,85.56,90.1,30.09
2025-10-23 19:30:00+00:00,79.64,91.25,8.53
2025-10-23 19:45:00+00:00,73.74,80.51,0.0
2025-10-23 20:00:00+00:00,97.98,103.01,10.83
2025-10-23 20:15:00+00:00,76.69,84.53,20.88
2025-10-23 20:30:00+00:00,73.36,80.0,35.41
2025-10-23 20:45:00+00:00,62.59,80.1,31.0
2025-10-23 21:00:00+00:00,68.34,68.34,21.92
2025-10-23 21:15:00+00:00,61.36,61.36,10.99
2025-10-23 21:30:00+00:00,58.83,58.83,19.36
2025-10-23 21:45:00+00:00,51.78,51.78,17.59
2025-10-23 22:00:00+00:00,15.96,15.2,16.32
2025-10-23 22:15:00+00:00,19.4,19.4,22.39
2025-10-23 22:30:00+00:00,12.93,12.93,13.26
2025-10-23 22:45:00+00:00,9.05,9.05,11.62
2025-10-23 23:00:00+00:00,13.98,10.06,12.33
2025-10-23 23:15:00+00:00,10.02,6.76,12.47
2025-10-23 23:30:00+00:00,8.99,6.41,11.0
2025-10-23 23:45:00+00:00,6.35,4.38,7.89
2025-10-24 00:00:00+00:00,10.03,7.17,12.31
2025-10-24 00:15:00+00:00,6.88,3.93,9.23
2025-10-24 00:30:00+00:00,5.06,3.03,6.68
2025-10-24 00:45:00+00:00,4.13,2.41,5.5
2025-10-24 01:00:00+00:00,3.8,3.8,5.3
2025-10-24 01:15:00+00:00,0.1,0.1,3.95
2025-10-24 01:30:00+00:00,0.1,0.1,2.38
2025-10-24 01:45:00+00:00,0.1,0.1,2.38
2025-10-24 02:00:00+00:00,2.52,2.5,2.86
2025-10-24 02:15:00+00:00,1.34,1.34,4.75
2025-10-24 02:30:00+00:00,2.33,2.27,5.36
2025-10-24 02:45:00+00:00,2.57,2.52,6.67
2025-10-24 03:00:00+00:00,4.13,3.88,4.13
2025-10-24 03:15:00+00:00,4.66,4.41,5.84
2025-10-24 03:30:00+00:00,7.35,7.0,11.34
2025-10-24 03:45:00+00:00,13.96,11.88,14.4
2025-10-24 04:00:00+00:00,7.31,7.31,9.74
2025-10-24 04:15:00+00:00,17.08,17.08,20.74
2025-10-24 04:30:00+00:00,28.18,28.18,15.43
2025-10-24 04:45:00+00:00,40.54,40.54,24.5
2025-10-24 05:00:00+00:00,50.6,50.6,26.9
2025-10-24 05:15:00+00:00,58.61,58.24,66.84
2025-10-24 05:30:00+00:00,72.7,73.21,81.26
2025-10-24 05:45:00+00:00,78.03,79.63,87.9
2025-10-24 06:00:00+00:00,85.7,88.39,97.73
2025-10-24 06:15:00+00:00,88.96,91.69,100.97
2025-10-24 06:30:00+00:00,85.87,90.1,97.82
2025-10-24 06:45:00+00:00,78.95,85.2,91.3
2025-10-24 07:00:00+00:00,88.37,93.52,101.73
2025-10-24 07:15:00+00:00,81.15,84.49,94.07
2025-10-24 07:30:00+00:00,71.86,75.42,85.9
2025-10-24 07:45:00+00:00,64.81,66.17,71.64
2025-10-24 08:00:00+00:00,75.8,79.0,88.46
2025-10-24 08:15:00+00:00,63.27,66.31,75.02
2025-10-24 08:30:00+00:00,52.97,54.1,59.22
2025-10-24 08:45:00+00:00,41.17,41.52,45.62
2025-10-24 09:00:00+00:00,56.08,56.88,63.58
2025-10-24 09:15:00+00:00,44.28,46.13,53.99
2025-10-24 09:30:00+00:00,26.58,27.79,37.67
2025-10-24 09:45:00+00:00,5.06,23.36,24.88
2025-10-24 10:00:00+00:00,5.02,39.39,27.57
2025-10-24 10:15:00+00:00,0.0,17.68,19.58
2025-10-24 10:30:00+00:00,0.0,8.51,17.62
2025-10-24 10:45:00+00:00,-0.01,2.92,14.73
2025-10-24 11:00:00+00:00,0.0,2.93,15.66
2025-10-24 11:15:00+00:00,-0.01,1.9,13.57
2025-10-24 11:30:00+00:00,-0.01,-0.04,8.02
2025-10-24 11:45:00+00:00,-0.02,-0.36,7.24
2025-10-24 12:00:00+00:00,-0.02,0.39,9.65
2025-10-24 12:15:00+00:00,-0.01,0.35,10.12
2025-10-24 12:30:00+00:00,-0.01,-0.01,10.03
2025-10-24 12:45:00+00:00,0.0,4.74,11.39
2025-10-24 13:00:00+00:00,-0.01,0.01,9.22
2025-10-24 13:15:00+00:00,0.0,13.11,12.6
2025-10-24 13:30:00+00:00,2.24,24.64,16.59
2025-10-24 13:45:00+00:00,5.01,34.01,22.2
2025-10-24 14:00:00+00:00,5.03,10.41,11.84
2025-10-24 14:15:00+00:00,26.67,31.82,25.0
2025-10-24 14:30:00+00:00,50.22,50.22,40.03
2025-10-24 14:45:00+00:00,67.36,67.36,45.94
2025-10-24 15:00:00+00:00,49.82,49.82,47.7
2025-10-24 15:15:00+00:00,62.25,62.25,55.81
2025-10-24 15:30:00+00:00,70.18,71.24,41.83
2025-10-24 15:45:00+00:00,82.79,100.1,64.13
2025-10-24 16:00:00+00:00,68.51,73.93,73.82
2025-10-24 16:15:00+00:00,70.88,86.01,82.97
2025-10-24 16:30:00+00:00,78.44,90.77,89.56
2025-10-24 16:45:00+00:00,80.61,109.28,97.12
2025-10-24 17:00:00+00:00,85.15,100.32,98.55
2025-10-24 17:15:00+00:00,72.73,84.22,87.97
2025-10-24 17:30:00+00:00,70.56,79.56,83.57
2025-10-24 17:45:00+00:00,70.01,75.5,78.63
2025-10-24 18:00:00+00:00,70.01,78.97,84.58
2025-10-24 18:15:00+00:00,62.38,66.4,71.49
2025-10-24 18:30:00+00:00,49.01,52.53,54.23
2025-10-24 18:45:00+00:00,46.8,50.1,51.3
2025-10-24 19:00:00+00:00,60.52,63.81,69.29
2025-10-24 19:15:00+00:00,51.5,51.5,51.66
2025-10-24 19:30:00+00:00,36.69,36.69,37.17
2025-10-24 19:45:00+00:00,17.32,28.0,15.56
2025-10-24 20:00:00+00:00,36.41,36.41,34.65
2025-10-24 20:15:00+00:00,28.45,28.45,24.56
2025-10-24 20:30:00+00:00,30.82,30.82,34.45
2025-10-24 20:45:00+00:00,20.01,20.0,23.73
2025-10-24 21:00:00+00:00,23.19,23.2,27.27
2025-10-24 21:15:00+00:00,7.52,7.52,11.69
2025-10-24 21:30:00+00:00,5.27,5.27,9.75
2025-10-24 21:45:00+00:00,3.89,4.01,7.71
2025-10-24 22:00:00+00:00,3.26,3.26,7.58
2025-10-24 22:15:00+00:00,4.21,4.21,8.41
2025-10-24 22:30:00+00:00,3.84,2.73,7.59
2025-10-24 22:45:00+00:00,2.79,1.83,6.42
2025-10-24 23:00:00+00:00,2.34,0.89,6.13
2025-10-24 23:15:00+00:00,2.11,0.71,5.82
2025-10-24 23:30:00+00:00,0.78,-0.46,4.54
2025-10-24 23:45:00+00:00,0.05,-1.18,3.87
2025-10-25 00:00:00+00:00,2.28,2.28,6.2
2025-10-25 00:15:00+00:00,1.32,0.1,5.0
2025-10-25 00:30:00+00:00,0.1,-1.17,3.8
2025-10-25 00:45:00+00:00,0.0,-1.26,3.59
2025-10-25 01:00:00+00:00,0.0,0.0,4.16
2025-10-25 01:15:00+00:00,0.0,0.0,4.13
2025-10-25 01:30:00+00:00,0.0,-0.01,4.1
2025-10-25 01:45:00+00:00,-0.01,-0.8,3.91
2025-10-25 02:00:00+00:00,-0.01,-0.29,4.15
2025-10-25 02:15:00+00:00,-0.01,-0.77,4.06
2025-10-25 02:30:00+00:00,0.0,-0.72,4.06
2025-10-25 02:45:00+00:00,-0.01,-0.26,4.21
2025-10-25 03:00:00+00:00,0.0,-1.1,3.95
2025-10-25 03:15:00+00:00,0.0,-0.66,4.22
2025-10-25 03:30:00+00:00,0.37,-0.14,4.89
2025-10-25 03:45:00+00:00,0.29,-0.1,5.54
2025-10-25 04:00:00+00:00,-0.01,-0.56,4.03
2025-10-25 04:15:00+00:00,0.0,-0.86,5.0
2025-10-25 04:30:00+00:00,0.52,0.21,6.11
2025-10-25 04:45:00+00:00,1.58,1.17,8.18
2025-10-25 05:00:00+00:00,1.6,2.02,10.93
2025-10-25 05:15:00+00:00,1.93,2.18,11.8
2025-10-25 05:30:00+00:00,0.45,1.07,12.91
2025-10-25 05:45:00+00:00,-0.02,0.53,11.1
2025-10-25 06:00:00+00:00,3.87,3.92,13.62
2025-10-25 06:15:00+00:00,3.23,3.91,13.86
2025-10-25 06:30:00+00:00,4.24,4.91,13.7
2025-10-25 06:45:00+00:00,4.64,5.71,13.56
2025-10-25 07:00:00+00:00,8.46,9.1,19.21
2025-10-25 07:15:00+00:00,7.32,8.83,16.09
2025-10-25 07:30:00+00:00,7.08,8.83,13.96
2025-10-25 07:45:00+00:00,7.47,8.8,9.83
2025-10-25 08:00:00+00:00,7.79,8.86,15.9
2025-10-25 08:15:00+00:00,7.45,8.81,14.12
2025-10-25 08:30:00+00:00,6.24,8.13,12.64
2025-10-25 08:45:00+00:00,5.43,6.39,8.73
2025-10-25 09:00:00+00:00,5.45,8.61,12.28
2025-10-25 09:15:00+00:00,3.58,4.51,8.47
2025-10-25 09:30:00+00:00,5.05,5.98,9.84
2025-10-25 09:45:00+00:00,4.98,5.76,6.27
2025-10-25 10:00:00+00:00,5.03,5.36,7.67
2025-10-25 10:15:00+00:00,5.87,6.02,7.03
2025-10-25 10:30:00+00:00,7.48,7.57,8.22
2025-10-25 10:45:00+00:00,6.0,6.1,6.77
2025-10-25 11:00:00+00:00,5.09,5.47,8.01
2025-10-25 11:15:00+00:00,4.07,4.8,6.85
2025-10-25 11:30:00+00:00,3.77,4.3,6.34
2025-10-25 11:45:00+00:00,4.55,5.0,6.98
2025-10-25 12:00:00+00:00,1.62,1.64,3.91
2025-10-25 12:15:00+00:00,2.5,2.92,6.71
2025-10-25 12:30:00+00:00,5.04,5.24,8.35
2025-10-25 12:45:00+00:00,6.96,7.04,12.67
2025-10-25 13:00:00+00:00,1.39,1.93,5.94
2025-10-25 13:15:00+00:00,4.96,5.08,10.76
2025-10-25 13:30:00+00:00,5.06,5.33,12.2
2025-10-25 13:45:00+00:00,4.37,4.7,12.26
2025-10-25 14:00:00+00:00,3.88,4.27,7.32
2025-10-25 14:15:00+00:00,5.05,5.51,11.21
2025-10-25 14:30:00+00:00,4.46,5.14,10.94
2025-10-25 14:45:00+00:00,8.84,9.46,19.87
2025-10-25 15:00:00+00:00,10.09,12.32,13.19
2025-10-25 15:15:00+00:00,23.77,27.36,23.06
2025-10-25 15:30:00+00:00,31.55,33.95,20.07
2025-10-25 15:45:00+00:00,35.82,76.3,41.66
2025-10-25 16:00:00+00:00,48.75,52.0,43.92
2025-10-25 16:15:00+00:00,52.25,55.73,63.32
2025-10-25 16:30:00+00:00,60.0,64.27,73.6
2025-10-25 16:45:00+00:00,60.01,80.0,79.3
2025-10-25 17:00:00+00:00,66.19,78.29,79.93
2025-10-25 17:15:00+00:00,64.41,79.11,78.09
2025-10-25 17:30:00+00:00,60.0,70.1,73.13
2025-10-25 17:45:00+00:00,54.46,60.1,67.7
2025-10-25 18:00:00+00:00,58.09,77.2,72.72
2025-10-25 18:15:00+00:00,39.16,60.1,54.01
2025-10-25 18:30:00+00:00,30.87,46.55,40.8
2025-10-25 18:45:00+00:00,7.86,34.95,17.12
2025-10-25 19:00:00+00:00,32.53,51.97,43.63
2025-10-25 19:15:00+00:00,16.06,47.26,28.7
2025-10-25 19:30:00+00:00,5.07,40.1,17.27
2025-10-25 19:45:00+00:00,2.77,33.07,12.23
2025-10-25 20:00:00+00:00,21.83,32.96,29.44
2025-10-25 20:15:00+00:00,13.02,30.13,21.27
2025-10-25 20:30:00+00:00,17.65,31.31,24.07
2025-10-25 20:45:00+00:00,14.23,29.07,20.43
2025-10-25 21:00:00+00:00,13.2,20.0,19.27
2025-10-25 21:15:00+00:00,8.18,8.72,12.76
2025-10-25 21:30:00+00:00,7.01,7.47,11.31
2025-10-25 21:45:00+00:00,4.29,4.57,8.19
2025-10-25 22:00:00+00:00,7.17,36.37,19.33
2025-10-25 22:15:00+00:00,6.57,14.57,16.04
2025-10-25 22:30:00+00:00,4.29,4.62,11.48
2025-10-25 22:45:00+00:00,4.26,4.43,7.97
2025-10-25 23:00:00+00:00,4.01,4.24,13.22
2025-10-25 23:15:00+00:00,3.76,3.98,12.67
2025-10-25 23:30:00+00:00,3.75,3.75,12.75
2025-10-25 23:45:00+00:00,3.27,3.27,10.36
2025-10-26 00:00:00+00:00,3.99,3.99,43.68
2025-10-26 00:15:00+00:00,3.33,3.33,10.88
2025-10-26 00:30:00+00:00,3.04,3.04,5.15
2025-10-26 00:45:00+00:00,2.4,2.4,4.29
2025-10-26 01:00:00+00:00,2.89,2.89,18.13
2025-10-26 01:15:00+00:00,2.5,2.5,4.88
2025-10-26 01:30:00+00:00,2.12,2.14,4.4
2025-10-26 01:45:00+00:00,0.55,0.64,2.72
2025-10-26 02:00:00+00:00,1.23,1.23,3.4
2025-10-26 02:15:00+00:00,0.04,0.1,2.18
2025-10-26 02:30:00+00:00,0.1,0.2,2.36
2025-10-26 02:45:00+00:00,0.0,0.14,2.45
2025-10-26 03:00:00+00:00,0.2,0.23,2.68
2025-10-26 03:15:00+00:00,0.1,0.13,2.74
2025-10-26 03:30:00+00:00,0.1,0.1,2.56
2025-10-26 03:45:00+00:00,0.01,0.01,3.65
2025-10-26 04:00:00+00:00,0.12,0.12,2.48
2025-10-26 04:15:00+00:00,0.1,0.1,2.52
2025-10-26 04:30:00+00:00,0.1,0.1,3.73
2025-10-26 04:45:00+00:00,0.1,0.1,4.78
2025-10-26 05:00:00+00:00,0.0,0.04,5.0
2025-10-26 05:15:00+00:00,0.03,0.07,7.49
2025-10-26 05:30:00+00:00,0.3,0.34,8.79
2025-10-26 05:45:00+00:00,0.1,0.15,8.6
2025-10-26 06:00:00+00:00,0.32,2.38,15.13
2025-10-26 06:15:00+00:00,0.1,2.3,7.16
2025-10-26 06:30:00+00:00,0.0,2.38,7.26
2025-10-26 06:45:00+00:00,-0.01,2.51,4.78
2025-10-26 07:00:00+00:00,0.01,4.3,18.81
2025-10-26 07:15:00+00:00,0.0,4.42,14.05
2025-10-26 07:30:00+00:00,-0.01,4.44,15.84
2025-10-26 07:45:00+00:00,-0.04,4.17,8.11
2025-10-26 08:00:00+00:00,-0.04,4.56,19.85
2025-10-26 08:15:00+00:00,-0.07,4.05,16.05
2025-10-26 08:30:00+00:00,-0.09,3.7,11.86
2025-10-26 08:45:00+00:00,-1.05,3.3,8.93
2025-10-26 09:00:00+00:00,-0.07,2.97,9.98
2025-10-26 09:15:00+00:00,-0.07,1.0,6.29
2025-10-26 09:30:00+00:00,-0.06,0.94,3.52
2025-10-26 09:45:00+00:00,-0.06,1.81,1.23
2025-10-26 10:00:00+00:00,-0.09,0.54,3.52
2025-10-26 10:15:00+00:00,-0.08,0.43,2.8
2025-10-26 10:30:00+00:00,-0.07,0.24,1.71
2025-10-26 10:45:00+00:00,-0.08,0.11,0.99
2025-10-26 11:00:00+00:00,-0.08,0.39,1.93
2025-10-26 11:15:00+00:00,-0.07,0.32,1.58
2025-10-26 11:30:00+00:00,-0.05,0.33,1.59
2025-10-26 11:45:00+00:00,-0.06,0.33,1.58
2025-10-26 12:00:00+00:00,-0.06,0.25,1.44
2025-10-26 12:15:00+00:00,-0.07,0.3,1.72
2025-10-26 12:30:00+00:00,-1.0,-0.17,3.0
2025-10-26 12:45:00+00:00,-1.05,-0.1,3.52
2025-10-26 13:00:00+00:00,-0.32,-0.06,3.52
2025-10-26 13:15:00+00:00,-1.03,-1.03,4.81
2025-10-26 13:30:00+00:00,-1.04,-1.04,5.38
2025-10-26 13:45:00+00:00,-0.54,2.09,6.2
2025-10-26 14:00:00+00:00,-1.02,-0.73,4.09
2025-10-26 14:15:00+00:00,-0.07,0.31,6.53
2025-10-26 14:30:00+00:00,0.0,1.09,9.86
2025-10-26 14:45:00+00:00,1.05,12.33,18.39
2025-10-26 15:00:00+00:00,-0.04,9.99,8.71
2025-10-26 15:15:00+00:00,0.1,20.01,14.81
2025-10-26 15:30:00+00:00,0.0,34.54,20.0
2025-10-26 15:45:00+00:00,12.09,47.33,35.01
2025-10-26 16:00:00+00:00,3.83,33.18,21.83
2025-10-26 16:15:00+00:00,27.51,44.29,31.47
2025-10-26 16:30:00+00:00,42.19,56.63,58.07
2025-10-26 16:45:00+00:00,46.48,85.14,69.68
2025-10-26 17:00:00+00:00,47.82,70.1,63.48
2025-10-26 17:15:00+00:00,43.86,95.03,68.71
2025-10-26 17:30:00+00:00,49.34,103.57,75.61
2025-10-26 17:45:00+00:00,27.07,89.68,58.84
2025-10-26 18:00:00+00:00,41.4,104.07,71.79
2025-10-26 18:15:00+00:00,39.7,71.81,62.69
2025-10-26 18:30:00+00:00,30.0,70.1,53.37
2025-10-26 18:45:00+00:00,27.82,54.15,45.34
2025-10-26 19:00:00+00:00,43.49,61.05,63.56
2025-10-26 19:15:00+00:00,17.91,47.96,42.97
2025-10-26 19:30:00+00:00,2.57,42.72,27.85
2025-10-26 19:45:00+00:00,2.6,37.12,14.82
2025-10-26 20:00:00+00:00,3.88,54.93,28.75
2025-10-26 20:15:00+00:00,2.66,50.04,16.4
2025-10-26 20:30:00+00:00,3.17,34.63,12.95
2025-10-26 20:45:00+00:00,2.55,20.0,9.04
2025-10-26 21:00:00+00:00,14.06,22.79,20.9
2025-10-26 21:15:00+00:00,11.43,19.59,15.9
2025-10-26 21:30:00+00:00,22.63,24.46,24.87
2025-10-26 21:45:00+00:00,11.51,12.76,12.5
2025-10-26 22:00:00+00:00,2.56,7.07,20.58
2025-10-26 22:15:00+00:00,9.13,9.13,10.26
2025-10-26 22:30:00+00:00,5.39,5.84,5.84
2025-10-26 22:45:00+00:00,3.16,3.7,3.32
2025-10-26 23:00:00+00:00,2.82,2.83,7.49
2025-10-26 23:15:00+00:00,2.55,1.77,6.54
2025-10-26 23:30:00+00:00,0.0,-0.35,3.41
2025-10-26 23:45:00+00:00,0.0,-0.38,1.73
2025-10-27 00:00:00+00:00,2.83,2.85,4.92
2025-10-27 00:15:00+00:00,2.49,0.29,3.66
2025-10-27 00:30:00+00:00,1.19,0.24,2.34
2025-10-27 00:45:00+00:00,0.79,0.26,2.03
2025-10-27 01:00:00+00:00,2.81,1.1,3.8
2025-10-27 01:15:00+00:00,1.38,1.43,2.79
2025-10-27 01:30:00+00:00,0.72,-0.57,2.0
2025-10-27 01:45:00+00:00,0.09,-2.0,1.39
2025-10-27 02:00:00+00:00,0.0,-0.37,1.92
2025-10-27 02:15:00+00:00,0.0,-0.43,2.22
2025-10-27 02:30:00+00:00,0.0,-0.45,2.28
2025-10-27 02:45:00+00:00,-0.01,-0.45,2.27
2025-10-27 03:00:00+00:00,-0.1,-0.48,1.89
2025-10-27 03:15:00+00:00,0.0,-1.49,1.43
2025-10-27 03:30:00+00:00,1.07,-0.6,3.89
2025-10-27 03:45:00+00:00,4.26,-0.7,6.81
2025-10-27 04:00:00+00:00,3.82,3.67,6.35
2025-10-27 04:15:00+00:00,4.27,0.61,7.05
2025-10-27 04:30:00+00:00,10.77,5.49,10.26
2025-10-27 04:45:00+00:00,24.27,17.47,16.3
2025-10-27 05:00:00+00:00,15.5,11.65,10.99
2025-10-27 05:15:00+00:00,36.2,30.58,19.05
2025-10-27 05:30:00+00:00,68.27,61.34,33.47
2025-10-27 05:45:00+00:00,100.03,91.79,38.35
2025-10-27 06:00:00+00:00,74.1,70.63,58.99
2025-10-27 06:15:00+00:00,89.68,85.5,63.37
2025-10-27 06:30:00+00:00,89.99,84.49,54.23
2025-10-27 06:45:00+00:00,90.49,83.22,32.1
2025-10-27 07:00:00+00:00,101.98,94.68,64.77
2025-10-27 07:15:00+00:00,101.7,94.39,63.5
2025-10-27 07:30:00+00:00,101.87,97.14,75.45
2025-10-27 07:45:00+00:00,95.04,90.29,65.99
2025-10-27 08:00:00+00:00,109.35,102.27,70.48
2025-10-27 08:15:00+00:00,105.01,100.38,77.8
2025-10-27 08:30:00+00:00,100.97,96.08,71.47
2025-10-27 08:45:00+00:00,92.11,80.79,23.86
2025-10-27 09:00:00+00:00,105.0,98.84,70.0
2025-10-27 09:15:00+00:00,99.63,91.77,55.0
2025-10-27 09:30:00+00:00,95.01,85.35,40.19
2025-10-27 09:45:00+00:00,87.31,78.46,37.01
2025-10-27 10:00:00+00:00,99.21,88.68,32.48
2025-10-27 10:15:00+00:00,97.53,86.4,27.02
2025-10-27 10:30:00+00:00,93.01,82.05,23.58
2025-10-27 10:45:00+00:00,88.78,78.27,22.2
2025-10-27 11:00:00+00:00,88.05,79.65,40.0
2025-10-27 11:15:00+00:00,80.05,70.72,28.0
2025-10-27 11:30:00+00:00,81.15,71.61,27.06
2025-10-27 11:45:00+00:00,81.54,71.2,24.02
2025-10-27 12:00:00+00:00,82.55,71.71,23.0
2025-10-27 12:15:00+00:00,82.17,70.85,22.05
2025-10-27 12:30:00+00:00,81.34,69.23,21.02
2025-10-27 12:45:00+00:00,78.43,68.21,21.02
2025-10-27 13:00:00+00:00,75.34,67.65,20.0
2025-10-27 13:15:00+00:00,80.39,67.69,18.02
2025-10-27 13:30:00+00:00,84.72,71.67,20.0
2025-10-27 13:45:00+00:00,92.94,78.99,22.08
2025-10-27 14:00:00+00:00,73.92,66.61,24.07
2025-10-27 14:15:00+00:00,73.99,68.18,38.35
2025-10-27 14:30:00+00:00,87.3,81.59,47.91
2025-10-27 14:45:00+00:00,99.45,93.52,60.88
2025-10-27 15:00:00+00:00,87.3,81.47,39.09
2025-10-27 15:15:00+00:00,94.73,90.05,57.88
2025-10-27 15:30:00+00:00,103.89,100.1,65.88
2025-10-27 15:45:00+00:00,111.01,129.11,81.66
2025-10-27 16:00:00+00:00,100.52,93.71,23.36
2025-10-27 16:15:00+00:00,106.68,103.71,57.25
2025-10-27 16:30:00+00:00,113.06,116.28,120.0
2025-10-27 16:45:00+00:00,122.58,125.58,129.87
2025-10-27 17:00:00+00:00,114.27,115.24,118.01
2025-10-27 17:15:00+00:00,119.64,120.57,123.37
2025-10-27 17:30:00+00:00,136.43,136.89,137.7
2025-10-27 17:45:00+00:00,135.81,136.28,137.18
2025-10-27 18:00:00+00:00,136.77,137.16,138.08
2025-10-27 18:15:00+00:00,123.88,124.95,127.0
2025-10-27 18:30:00+00:00,102.93,112.32,111.25
2025-10-27 18:45:00+00:00,90.41,104.33,97.29
2025-10-27 19:00:00+00:00,104.98,106.94,111.99
2025-10-27 19:15:00+00:00,107.92,108.95,111.28
2025-10-27 19:30:00+00:00,92.68,92.98,95.1
2025-10-27 19:45:00+00:00,74.56,75.46,78.5
2025-10-27 20:00:00+00:00,88.9,116.2,99.25
2025-10-27 20:15:00+00:00,87.33,88.27,90.57
2025-10-27 20:30:00+00:00,72.52,76.97,75.8
2025-10-27 20:45:00+00:00,63.01,78.57,68.64
2025-10-27 21:00:00+00:00,83.93,113.0,92.5
2025-10-27 21:15:00+00:00,76.05,86.16,80.09
2025-10-27 21:30:00+00:00,76.19,85.38,79.41
2025-10-27 21:45:00+00:00,61.75,73.11,65.17
2025-10-27 22:00:00+00:00,80.0,80.1,81.24
2025-10-27 22:15:00+00:00,68.02,76.03,71.2
2025-10-27 22:30:00+00:00,55.61,80.0,62.26
2025-10-27 22:45:00+00:00,46.07,80.0,54.34
2025-10-27 23:00:00+00:00,54.94,77.0,61.24
2025-10-27 23:15:00+00:00,51.65,55.1,54.14
2025-10-27 23:30:00+00:00,41.12,51.82,45.14
2025-10-27 23:45:00+00:00,28.73,42.6,33.52
2025-10-28 00:00:00+00:00,39.94,42.59,42.55
2025-10-28 00:15:00+00:00,28.49,29.0,31.05
2025-10-28 00:30:00+00:00,26.73,26.18,29.15
2025-10-28 00:45:00+00:00,20.37,19.75,23.0
2025-10-28 01:00:00+00:00,21.79,25.0,25.21
2025-10-28 01:15:00+00:00,18.07,18.31,20.97
2025-10-28 01:30:00+00:00,17.4,17.68,20.32
2025-10-28 01:45:00+00:00,16.91,16.23,19.67
2025-10-28 02:00:00+00:00,13.19,12.6,16.01
2025-10-28 02:15:00+00:00,10.03,9.7,13.11
2025-10-28 02:30:00+00:00,8.85,8.4,12.1
2025-10-28 02:45:00+00:00,8.82,8.85,12.21
2025-10-28 03:00:00+00:00,5.02,4.38,8.16
2025-10-28 03:15:00+00:00,6.43,5.68,9.74
2025-10-28 03:30:00+00:00,12.33,11.45,15.53
2025-10-28 03:45:00+00:00,20.03,19.11,21.78
2025-10-28 04:00:00+00:00,12.9,12.9,14.64
2025-10-28 04:15:00+00:00,15.49,14.65,17.57
2025-10-28 04:30:00+00:00,39.93,37.85,27.51
2025-10-28 04:45:00+00:00,53.31,50.09,30.99
2025-10-28 05:00:00+00:00,23.63,22.72,20.97
2025-10-28 05:15:00+00:00,56.05,54.32,45.75
2025-10-28 05:30:00+00:00,74.52,72.22,58.53
2025-10-28 05:45:00+00:00,83.89,79.43,48.62
2025-10-28 06:00:00+00:00,85.93,79.32,49.64
2025-10-28 06:15:00+00:00,83.78,78.15,55.82
2025-10-28 06:30:00+00:00,77.07,75.17,70.2
2025-10-28 06:45:00+00:00,74.75,69.06,36.33
2025-10-28 07:00:00+00:00,99.59,98.46,95.77
2025-10-28 07:15:00+00:00,90.63,88.11,74.35
2025-10-28 07:30:00+00:00,84.76,83.08,73.93
2025-10-28 07:45:00+00:00,82.6,76.38,42.46
2025-10-28 08:00:00+00:00,98.48,98.48,98.48
2025-10-28 08:15:00+00:00,89.91,87.7,74.16
2025-10-28 08:30:00+00:00,84.17,82.04,68.98
2025-10-28 08:45:00+00:00,76.9,72.63,46.47
2025-10-28 09:00:00+00:00,92.91,88.79,68.0
2025-10-28 09:15:00+00:00,81.7,76.26,48.83
2025-10-28 09:30:00+00:00,77.58,73.16,50.84
2025-10-28 09:45:00+00:00,71.82,66.52,39.8
2025-10-28 10:00:00+00:00,78.61,74.14,51.83
2025-10-28 10:15:00+00:00,75.21,70.37,46.25
2025-10-28 10:30:00+00:00,74.04,67.8,36.7
2025-10-28 10:45:00+00:00,73.8,65.22,22.42
2025-10-28 11:00:00+00:00,73.34,67.49,37.95
2025-10-28 11:15:00+00:00,68.04,60.24,22.73
2025-10-28 11:30:00+00:00,65.81,61.57,42.34
2025-10-28 11:45:00+00:00,63.05,57.38,31.3
2025-10-28 12:00:00+00:00,65.17,59.7,36.1
2025-10-28 12:15:00+00:00,62.75,57.03,32.01
2025-10-28 12:30:00+00:00,61.25,50.91,4.57
2025-10-28 12:45:00+00:00,60.04,53.07,28.5
2025-10-28 13:00:00+00:00,56.8,47.19,5.96
2025-10-28 13:15:00+00:00,61.87,55.75,32.0
2025-10-28 13:30:00+00:00,68.4,62.52,41.11
2025-10-28 13:45:00+00:00,70.61,67.63,64.28
2025-10-28 14:00:00+00:00,46.06,42.83,36.51
2025-10-28 14:15:00+00:00,79.71,75.0,47.61
2025-10-28 14:30:00+00:00,84.94,80.0,32.46
2025-10-28 14:45:00+00:00,81.68,81.68,61.47
2025-10-28 15:00:00+00:00,68.12,68.12,40.12
2025-10-28 15:15:00+00:00,84.21,84.21,66.79
2025-10-28 15:30:00+00:00,79.22,79.43,68.57
2025-10-28 15:45:00+00:00,88.74,112.8,96.64
2025-10-28 16:00:00+00:00,81.39,79.94,76.01
2025-10-28 16:15:00+00:00,90.07,89.48,93.35
2025-10-28 16:30:00+00:00,99.84,105.5,105.62
2025-10-28 16:45:00+00:00,104.03,136.84,116.14
2025-10-28 17:00:00+00:00,106.56,108.82,111.24
2025-10-28 17:15:00+00:00,107.74,108.82,112.24
2025-10-28 17:30:00+00:00,115.35,118.55,119.34
2025-10-28 17:45:00+00:00,111.27,150.53,122.6
2025-10-28 18:00:00+00:00,112.79,143.91,121.75
2025-10-28 18:15:00+00:00,109.01,108.95,111.69
2025-10-28 18:30:00+00:00,104.73,105.49,108.29
2025-10-28 18:45:00+00:00,101.12,101.25,104.11
2025-10-28 19:00:00+00:00,100.3,100.3,103.31
2025-10-28 19:15:00+00:00,92.97,92.97,96.01
2025-10-28 19:30:00+00:00,87.91,87.91,89.66
2025-10-28 19:45:00+00:00,86.52,86.35,87.47
2025-10-28 20:00:00+00:00,89.67,89.24,91.65
2025-10-28 20:15:00+00:00,85.88,85.88,87.58
2025-10-28 20:30:00+00:00,78.36,81.29,79.81
2025-10-28 20:45:00+00:00,69.44,75.39,71.54
2025-10-28 21:00:00+00:00,87.36,86.33,88.64
2025-10-28 21:15:00+00:00,77.27,79.4,78.74
2025-10-28 21:30:00+00:00,77.04,86.28,79.83
2025-10-28 21:45:00+00:00,76.65,84.09,78.9
2025-10-28 22:00:00+00:00,78.01,78.11,79.46
2025-10-28 22:15:00+00:00,73.46,73.49,74.6
2025-10-28 22:30:00+00:00,74.59,74.75,75.48
2025-10-28 22:45:00+00:00,66.83,67.18,67.7
2025-10-28 23:00:00+00:00,65.83,65.91,66.61
2025-10-28 23:15:00+00:00,62.1,64.26,63.3
2025-10-28 23:30:00+00:00,55.9,59.61,57.55
2025-10-28 23:45:00+00:00,51.38,54.82,52.87
2025-10-29 00:00:00+00:00,57.96,58.74,57.96
2025-10-29 00:15:00+00:00,53.66,56.79,53.66
2025-10-29 00:30:00+00:00,53.02,56.36,54.46
2025-10-29 00:45:00+00:00,51.5,54.91,52.96
2025-10-29 01:00:00+00:00,53.21,56.41,54.17
2025-10-29 01:15:00+00:00,52.59,55.91,52.79
2025-10-29 01:30:00+00:00,55.54,56.44,55.54
2025-10-29 01:45:00+00:00,55.28,56.01,50.66
2025-10-29 02:00:00+00:00,57.35,57.42,58.35
2025-10-29 02:15:00+00:00,57.6,57.67,58.35
2025-10-29 02:30:00+00:00,56.18,56.18,56.98
2025-10-29 02:45:00+00:00,54.26,51.96,51.43
2025-10-29 03:00:00+00:00,48.64,48.2,48.73
2025-10-29 03:15:00+00:00,53.06,50.59,49.42
2025-10-29 03:30:00+00:00,56.34,53.92,53.92
2025-10-29 03:45:00+00:00,60.86,57.67,54.46
2025-10-29 04:00:00+00:00,51.67,50.72,53.29
2025-10-29 04:15:00+00:00,58.77,56.93,58.84
2025-10-29 04:30:00+00:00,73.29,68.0,52.74
2025-10-29 04:45:00+00:00,82.74,77.98,64.56
2025-10-29 05:00:00+00:00,64.35,63.15,64.35
2025-10-29 05:15:00+00:00,87.11,86.34,87.04
2025-10-29 05:30:00+00:00,99.76,97.55,89.29
2025-10-29 05:45:00+00:00,130.51,125.73,99.0
2025-10-29 06:00:00+00:00,104.81,103.28,94.4
2025-10-29 06:15:00+00:00,110.95,110.33,106.0
2025-10-29 06:30:00+00:00,110.41,110.41,110.41
2025-10-29 06:45:00+00:00,103.96,103.96,103.96
2025-10-29 07:00:00+00:00,120.34,119.81,116.49
2025-10-29 07:15:00+00:00,108.57,108.57,108.57
2025-10-29 07:30:00+00:00,97.15,97.15,97.15
2025-10-29 07:45:00+00:00,75.0,75.0,75.0
2025-10-29 08:00:00+00:00,108.09,111.5,108.78
2025-10-29 08:15:00+00:00,91.25,91.25,91.25
2025-10-29 08:30:00+00:00,75.1,83.24,76.75
2025-10-29 08:45:00+00:00,68.78,76.77,70.17
2025-10-29 09:00:00+00:00,82.13,95.0,84.47
2025-10-29 09:15:00+00:00,71.67,83.02,73.65
2025-10-29 09:30:00+00:00,68.57,83.02,71.2
2025-10-29 09:45:00+00:00,65.44,78.4,67.78
2025-10-29 10:00:00+00:00,70.94,97.18,76.26
2025-10-29 10:15:00+00:00,69.51,80.99,71.64
2025-10-29 10:30:00+00:00,70.05,79.58,71.77
2025-10-29 10:45:00+00:00,70.35,78.29,71.72
2025-10-29 11:00:00+00:00,64.7,92.29,70.93
2025-10-29 11:15:00+00:00,68.9,87.94,73.3
2025-10-29 11:30:00+00:00,71.57,83.22,76.02
2025-10-29 11:45:00+00:00,78.18,95.96,82.87
2025-10-29 12:00:00+00:00,70.07,76.62,73.31
2025-10-29 12:15:00+00:00,74.88,79.89,77.39
2025-10-29 12:30:00+00:00,75.64,75.64,75.64
2025-10-29 12:45:00+00:00,87.86,87.86,87.86
2025-10-29 13:00:00+00:00,60.03,60.03,60.03
2025-10-29 13:15:00+00:00,80.0,80.0,80.0
2025-10-29 13:30:00+00:00,100.2,100.2,100.2
2025-10-29 13:45:00+00:00,115.18,113.77,106.12
2025-10-29 14:00:00+00:00,94.81,94.89,95.0
2025-10-29 14:15:00+00:00,106.55,106.1,103.77
2025-10-29 14:30:00+00:00,125.06,122.36,106.09
2025-10-29 14:45:00+00:00,139.01,134.06,107.2
2025-10-29 15:00:00+00:00,115.55,112.99,101.97
2025-10-29 15:15:00+00:00,122.58,118.67,102.19
2025-10-29 15:30:00+00:00,124.91,120.1,98.93
2025-10-29 15:45:00+00:00,141.89,134.64,104.12
2025-10-29 16:00:00+00:00,128.83,123.94,82.76
2025-10-29 16:15:00+00:00,121.9,120.5,98.0
2025-10-29 16:30:00+00:00,128.45,130.3,132.0
2025-10-29 16:45:00+00:00,128.72,130.21,131.73
2025-10-29 17:00:00+00:00,122.68,123.28,124.02
2025-10-29 17:15:00+00:00,124.55,125.12,126.0
2025-10-29 17:30:00+00:00,132.45,132.92,133.63
2025-10-29 17:45:00+00:00,135.29,135.59,136.06
2025-10-29 18:00:00+00:00,128.24,129.0,130.16
2025-10-29 18:15:00+00:00,114.92,116.1,117.52
2025-10-29 18:30:00+00:00,111.55,112.66,114.13
2025-10-29 18:45:00+00:00,99.46,100.35,101.47
2025-10-29 19:00:00+00:00,108.09,109.68,111.53
2025-10-29 19:15:00+00:00,102.57,103.67,103.95
2025-10-29 19:30:00+00:00,101.0,99.29,87.57
2025-10-29 19:45:00+00:00,98.94,98.26,93.16
2025-10-29 20:00:00+00:00,101.96,102.2,101.74
2025-10-29 20:15:00+00:00,101.92,100.82,93.93
2025-10-29 20:30:00+00:00,98.32,95.14,76.01
2025-10-29 20:45:00+00:00,83.81,82.46,74.43
2025-10-29 21:00:00+00:00,105.43,100.86,73.93
2025-10-29 21:15:00+00:00,102.16,101.93,100.47
2025-10-29 21:30:00+00:00,89.64,87.72,76.4
2025-10-29 21:45:00+00:00,80.46,80.19,78.56
2025-10-29 22:00:00+00:00,94.64,93.62,87.44
2025-10-29 22:15:00+00:00,87.36,84.87,69.8
2025-10-29 22:30:00+00:00,85.13,84.53,80.86
2025-10-29 22:45:00+00:00,81.44,79.24,65.94
2025-10-29 23:00:00+00:00,90.0,82.46,34.38
2025-10-29 23:15:00+00:00,77.0,71.65,37.48
2025-10-29 23:30:00+00:00,72.12,64.73,19.68
2025-10-29 23:45:00+00:00,61.86,57.87,11.02
2025-10-30 00:00:00+00:00,78.78,73.24,38.85
2025-10-30 00:15:00+00:00,68.01,62.47,29.71
2025-10-30 00:30:00+00:00,68.38,63.49,32.61
2025-10-30 00:45:00+00:00,65.25,59.49,22.83
2025-10-30 01:00:00+00:00,67.45,63.45,39.88
2025-10-30 01:15:00+00:00,64.23,59.91,34.56
2025-10-30 01:30:00+00:00,66.79,61.23,26.22
2025-10-30 01:45:00+00:00,63.63,56.96,14.8
2025-10-30 02:00:00+00:00,67.07,61.99,28.74
2025-10-30 02:15:00+00:00,64.47,58.37,20.37
2025-10-30 02:30:00+00:00,59.36,54.75,28.62
2025-10-30 02:45:00+00:00,50.77,46.54,24.01
2025-10-30 03:00:00+00:00,63.06,55.58,6.86
2025-10-30 03:15:00+00:00,55.8,50.69,19.71
2025-10-30 03:30:00+00:00,54.65,52.64,43.39
2025-10-30 03:45:00+00:00,55.1,55.03,57.47
2025-10-30 04:00:00+00:00,53.17,52.89,52.32
2025-10-30 04:15:00+00:00,59.1,58.9,61.42
2025-10-30 04:30:00+00:00,61.65,60.02,56.85
2025-10-30 04:45:00+00:00,66.13,64.1,65.93
2025-10-30 05:00:00+00:00,60.6,58.57,60.9
2025-10-30 05:15:00+00:00,67.56,66.5,70.08
2025-10-30 05:30:00+00:00,72.35,72.19,76.67
2025-10-30 05:45:00+00:00,76.2,76.23,76.94
2025-10-30 06:00:00+00:00,70.39,70.49,74.46
2025-10-30 06:15:00+00:00,81.57,83.13,84.81
2025-10-30 06:30:00+00:00,85.2,90.54,90.97
2025-10-30 06:45:00+00:00,82.59,87.23,87.23
2025-10-30 07:00:00+00:00,98.84,132.58,117.13
2025-10-30 07:15:00+00:00,86.35,92.29,92.17
2025-10-30 07:30:00+00:00,88.33,90.1,90.1
2025-10-30 07:45:00+00:00,67.67,67.75,67.71
2025-10-30 08:00:00+00:00,87.82,109.62,95.8
2025-10-30 08:15:00+00:00,74.6,75.33,76.59
2025-10-30 08:30:00+00:00,58.72,60.1,60.28
2025-10-30 08:45:00+00:00,45.75,45.75,45.75
2025-10-30 09:00:00+00:00,77.57,77.57,77.57
2025-10-30 09:15:00+00:00,58.85,62.7,60.4
2025-10-30 09:30:00+00:00,30.15,39.95,35.33
2025-10-30 09:45:00+00:00,5.04,56.67,20.18
2025-10-30 10:00:00+00:00,13.6,53.11,25.67
2025-10-30 10:15:00+00:00,13.39,52.47,26.03
2025-10-30 10:30:00+00:00,1.34,51.31,23.98
2025-10-30 10:45:00+00:00,0.0,48.3,18.59
2025-10-30 11:00:00+00:00,0.0,48.1,16.55
2025-10-30 11:15:00+00:00,0.0,44.11,16.15
2025-10-30 11:30:00+00:00,-0.01,43.16,16.46
2025-10-30 11:45:00+00:00,0.0,42.2,17.16
2025-10-30 12:00:00+00:00,-0.04,43.1,17.94
2025-10-30 12:15:00+00:00,-0.03,45.52,18.1
2025-10-30 12:30:00+00:00,-0.01,40.67,17.1
2025-10-30 12:45:00+00:00,0.09,77.02,25.92
2025-10-30 13:00:00+00:00,0.1,37.28,16.04
2025-10-30 13:15:00+00:00,16.07,30.7,19.66
2025-10-30 13:30:00+00:00,47.13,80.97,21.38
2025-10-30 13:45:00+00:00,61.87,171.05,45.94
2025-10-30 14:00:00+00:00,20.18,22.72,27.4
2025-10-30 14:15:00+00:00,52.45,72.78,34.01
2025-10-30 14:30:00+00:00,88.59,129.0,27.74
2025-10-30 14:45:00+00:00,117.98,166.31,65.65
2025-10-30 15:00:00+00:00,43.76,45.65,43.76
2025-10-30 15:15:00+00:00,72.47,77.1,52.1
2025-10-30 15:30:00+00:00,97.76,122.69,70.0
2025-10-30 15:45:00+00:00,127.19,206.22,90.94
2025-10-30 16:00:00+00:00,105.58,103.38,90.5
2025-10-30 16:15:00+00:00,112.78,111.58,104.31
2025-10-30 16:30:00+00:00,121.01,120.9,119.8
2025-10-30 16:45:00+00:00,132.35,130.73,121.64
2025-10-30 17:00:00+00:00,116.29,115.89,113.24
2025-10-30 17:15:00+00:00,116.86,117.19,118.55
2025-10-30 17:30:00+00:00,118.74,119.13,120.69
2025-10-30 17:45:00+00:00,118.9,119.34,121.16
2025-10-30 18:00:00+00:00,121.27,121.32,121.16
2025-10-30 18:15:00+00:00,118.5,118.89,120.45
2025-10-30 18:30:00+00:00,118.47,113.39,85.37
2025-10-30 18:45:00+00:00,112.45,102.36,47.29
2025-10-30 19:00:00+00:00,118.31,118.19,116.9
2025-10-30 19:15:00+00:00,106.71,100.09,62.88
2025-10-30 19:30:00+00:00,105.19,102.27,85.4
2025-10-30 19:45:00+00:00,90.94,85.43,54.79
2025-10-30 20:00:00+00:00,108.04,102.32,71.24
2025-10-30 20:15:00+00:00,103.71,95.83,53.0
2025-10-30 20:30:00+00:00,97.97,89.04,40.71
2025-10-30 20:45:00+00:00,82.42,74.99,34.75
2025-10-30 21:00:00+00:00,106.91,96.19,37.18
2025-10-30 21:15:00+00:00,100.16,90.63,38.0
2025-10-30 21:30:00+00:00,100.54,94.5,61.08
2025-10-30 21:45:00+00:00,86.15,80.24,47.31
2025-10-30 22:00:00+00:00,105.03,94.67,35.53
2025-10-30 22:15:00+00:00,91.48,80.43,17.37
2025-10-30 22:30:00+00:00,79.75,71.91,27.13
2025-10-30 22:45:00+00:00,63.07,57.0,22.3
2025-10-30 23:00:00+00:00,102.81,92.09,33.05
2025-10-30 23:15:00+00:00,89.76,79.11,20.51
2025-10-30 23:30:00+00:00,81.66,71.17,13.44
2025-10-30 23:45:00+00:00,76.73,66.04,7.16
2025-10-31 00:00:00+00:00,87.49,77.21,21.21
2025-10-31 00:15:00+00:00,82.05,71.98,17.18
2025-10-31 00:30:00+00:00,74.0,65.31,18.03
2025-10-31 00:45:00+00:00,69.09,60.46,13.53
2025-10-31 01:00:00+00:00,80.93,71.71,19.41
2025-10-31 01:15:00+00:00,73.07,65.03,19.43
2025-10-31 01:30:00+00:00,73.0,64.58,16.8
2025-10-31 01:45:00+00:00,71.96,63.59,16.09
2025-10-31 02:00:00+00:00,71.05,63.08,17.91
2025-10-31 02:15:00+00:00,72.7,64.41,17.31
2025-10-31 02:30:00+00:00,78.15,68.28,11.99
2025-10-31 02:45:00+00:00,80.8,69.63,5.76
2025-10-31 03:00:00+00:00,72.26,63.1,10.8
2025-10-31 03:15:00+00:00,74.82,65.55,12.57
2025-10-31 03:30:00+00:00,87.36,75.78,9.54
2025-10-31 03:45:00+00:00,84.61,73.98,13.29
2025-10-31 04:00:00+00:00,83.15,72.55,16.77
2025-10-31 04:15:00+00:00,85.12,74.36,17.78
2025-10-31 04:30:00+00:00,98.06,85.6,19.95
2025-10-31 04:45:00+00:00,100.97,87.48,16.34
2025-10-31 05:00:00+00:00,101.23,90.64,23.18
2025-10-31 05:15:00+00:00,120.92,107.18,20.53
2025-10-31 05:30:00+00:00,129.3,115.13,28.54
2025-10-31 05:45:00+00:00,130.09,113.22,15.09
2025-10-31 06:00:00+00:00,124.3,115.51,59.87
2025-10-31 06:15:00+00:00,129.62,115.33,29.39
2025-10-31 06:30:00+00:00,117.5,104.33,33.1
2025-10-31 06:45:00+00:00,106.87,92.02,10.06
2025-10-31 07:00:00+00:00,135.99,121.24,40.33
2025-10-31 07:15:00+00:00,117.05,105.19,40.16
2025-10-31 07:30:00+00:00,98.37,87.95,30.83
2025-10-31 07:45:00+00:00,83.65,76.2,35.39
2025-10-31 08:00:00+00:00,108.21,96.77,33.6
2025-10-31 08:15:00+00:00,86.27,81.81,35.09
2025-10-31 08:30:00+00:00,71.42,80.1,33.72
2025-10-31 08:45:00+00:00,66.15,66.23,20.57
2025-10-31 09:00:00+00:00,79.45,87.25,29.65
2025-10-31 09:15:00+00:00,76.26,77.75,31.48
2025-10-31 09:30:00+00:00,75.02,72.39,22.06
2025-10-31 09:45:00+00:00,71.95,70.08,14.02
2025-10-31 10:00:00+00:00,75.08,74.17,20.1
2025-10-31 10:15:00+00:00,73.87,70.34,19.01
2025-10-31 10:30:00+00:00,73.0,70.09,16.46
2025-10-31 10:45:00+00:00,74.4,70.01,16.9
2025-10-31 11:00:00+00:00,71.47,69.4,14.37
2025-10-31 11:15:00+00:00,71.89,70.76,12.6
2025-10-31 11:30:00+00:00,78.92,72.65,37.69
2025-10-31 11:45:00+00:00,81.68,77.48,20.0
2025-10-31 12:00:00+00:00,75.2,69.28,16.62
2025-10-31 12:15:00+00:00,79.99,70.31,16.79
2025-10-31 12:30:00+00:00,85.35,74.51,14.54
2025-10-31 12:45:00+00:00,96.29,83.94,15.71
2025-10-31 13:00:00+00:00,79.49,69.4,15.0
2025-10-31 13:15:00+00:00,99.75,86.49,15.0
2025-10-31 13:30:00+00:00,115.58,100.0,16.01
2025-10-31 13:45:00+00:00,131.98,113.96,16.79
2025-10-31 14:00:00+00:00,107.25,94.52,16.47
2025-10-31 14:15:00+00:00,123.17,109.18,21.25
2025-10-31 14:30:00+00:00,138.94,122.88,20.0
2025-10-31 14:45:00+00:00,138.95,124.39,29.27
2025-10-31 15:00:00+00:00,133.9,115.95,21.01
2025-10-31 15:15:00+00:00,132.72,117.2,30.4
2025-10-31 15:30:00+00:00,133.9,117.43,19.73
2025-10-31 15:45:00+00:00,127.67,114.6,27.69
2025-10-31 16:00:00+00:00,134.49,120.1,26.09
2025-10-31 16:15:00+00:00,126.51,113.54,20.81
2025-10-31 16:30:00+00:00,122.64,112.27,27.33
2025-10-31 16:45:00+00:00,105.06,95.49,18.35
2025-10-31 17:00:00+00:00,127.01,116.14,40.77
2025-10-31 17:15:00+00:00,116.51,102.95,11.52
2025-10-31 17:30:00+00:00,100.98,94.1,42.31
2025-10-31 17:45:00+00:00,84.62,82.06,55.17
2025-10-31 18:00:00+00:00,97.25,90.1,41.66
2025-10-31 18:15:00+00:00,84.65,76.43,21.24
2025-10-31 18:30:00+00:00,93.63,87.0,44.7
2025-10-31 18:45:00+00:00,84.49,78.54,41.6
2025-10-31 19:00:00+00:00,99.41,87.61,20.35
2025-10-31 19:15:00+00:00,91.24,82.42,31.35
2025-10-31 19:30:00+00:00,80.88,72.63,24.86
2025-10-31 19:45:00+00:00,72.66,64.18,17.34
2025-10-31 20:00:00+00:00,97.81,86.37,22.6
2025-10-31 20:15:00+00:00,90.15,80.99,29.89
2025-10-31 20:30:00+00:00,85.87,73.31,6.63
2025-10-31 20:45:00+00:00,76.03,65.79,10.4
2025-10-31 21:00:00+00:00,94.91,81.82,8.92
2025-10-31 21:15:00+00:00,84.16,74.0,16.05
2025-10-31 21:30:00+00:00,79.78,72.57,34.11
2025-10-31 21:45:00+00:00,68.53,63.72,34.76
2025-10-31 22:00:00+00:00,97.16,84.11,18.0
2025-10-31 22:15:00+00:00,75.23,63.83,8.38
2025-10-31 22:30:00+00:00,55.65,49.97,20.59
2025-10-31 22:45:00+00:00,42.37,36.1,3.71
2025-10-31 23:00:00+00:00,63.5,59.51,24.79
2025-10-31 23:15:00+00:00,53.67,50.26,33.12
2025-10-31 23:30:00+00:00,52.37,47.66,14.96
2025-10-31 23:45:00+00:00,49.29,43.74,5.75
2025-11-01 00:00:00+00:00,52.32,46.58,20.62
2025-11-01 00:15:00+00:00,44.57,38.66,15.58
2025-11-01 00:30:00+00:00,32.23,26.75,16.47
2025-11-01 00:45:00+00:00,23.34,18.35,9.09
2025-11-01 01:00:00+00:00,29.31,22.61,18.45
2025-11-01 01:15:00+00:00,24.13,18.0,11.75
2025-11-01 01:30:00+00:00,33.96,27.2,10.42
2025-11-01 01:45:00+00:00,25.69,20.0,10.77
2025-11-01 02:00:00+00:00,50.25,26.9,14.47
2025-11-01 02:15:00+00:00,31.33,18.56,12.07
2025-11-01 02:30:00+00:00,20.09,15.03,10.58
2025-11-01 02:45:00+00:00,18.16,12.66,7.68
2025-11-01 03:00:00+00:00,21.17,17.09,12.68
2025-11-01 03:15:00+00:00,22.48,15.98,6.65
2025-11-01 03:30:00+00:00,20.44,14.2,6.21
2025-11-01 03:45:00+00:00,15.52,11.85,10.25
2025-11-01 04:00:00+00:00,15.61,7.58,11.83
2025-11-01 04:15:00+00:00,24.04,10.13,9.91
2025-11-01 04:30:00+00:00,11.41,5.66,10.43
2025-11-01 04:45:00+00:00,10.25,5.7,11.3
2025-11-01 05:00:00+00:00,14.96,10.33,14.01
2025-11-01 05:15:00+00:00,11.44,7.17,12.77
2025-11-01 05:30:00+00:00,11.17,7.81,13.01
2025-11-01 05:45:00+00:00,8.94,6.73,12.51
2025-11-01 06:00:00+00:00,21.14,13.5,14.92
2025-11-01 06:15:00+00:00,16.17,11.12,14.63
2025-11-01 06:30:00+00:00,13.01,12.99,14.77
2025-11-01 06:45:00+00:00,20.1,18.99,10.67
2025-11-01 07:00:00+00:00,45.58,41.14,16.22
2025-11-01 07:15:00+00:00,37.76,34.19,16.67
2025-11-01 07:30:00+00:00,22.06,20.34,16.32
2025-11-01 07:45:00+00:00,14.4,14.4,14.4
2025-11-01 08:00:00+00:00,45.74,43.65,36.11
2025-11-01 08:15:00+00:00,30.08,28.52,25.29
2025-11-01 08:30:00+00:00,19.44,19.59,20.1
2025-11-01 08:45:00+00:00,12.92,13.04,13.48
2025-11-01 09:00:00+00:00,23.72,23.72,23.72
2025-11-01 09:15:00+00:00,18.08,18.08,18.08
2025-11-01 09:30:00+00:00,16.4,16.4,16.4
2025-11-01 09:45:00+00:00,15.0,15.0,15.0
2025-11-01 10:00:00+00:00,15.0,15.0,15.0
2025-11-01 10:15:00+00:00,15.06,15.06,15.06
2025-11-01 10:30:00+00:00,15.0,15.0,15.0
2025-11-01 10:45:00+00:00,17.97,17.97,17.97
2025-11-01 11:00:00+00:00,14.85,14.85,14.85
2025-11-01 11:15:00+00:00,18.0,18.0,18.0
2025-11-01 11:30:00+00:00,24.78,24.78,24.78
2025-11-01 11:45:00+00:00,26.43,26.43,26.43
2025-11-01 12:00:00+00:00,20.25,20.25,20.25
2025-11-01 12:15:00+00:00,25.51,25.49,18.22
2025-11-01 12:30:00+00:00,39.36,39.01,15.75
2025-11-01 12:45:00+00:00,41.84,39.78,16.09
2025-11-01 13:00:00+00:00,43.47,40.13,15.0
2025-11-01 13:15:00+00:00,56.26,50.0,14.74
2025-11-01 13:30:00+00:00,57.32,51.02,15.36
2025-11-01 13:45:00+00:00,58.96,52.48,15.75
2025-11-01 14:00:00+00:00,47.19,44.11,16.39
2025-11-01 14:15:00+00:00,57.23,52.95,17.62
2025-11-01 14:30:00+00:00,63.51,59.08,20.1
2025-11-01 14:45:00+00:00,68.36,64.6,29.92
2025-11-01 15:00:00+00:00,59.8,57.76,16.9
2025-11-01 15:15:00+00:00,74.87,69.08,36.0
2025-11-01 15:30:00+00:00,84.76,78.04,41.3
2025-11-01 15:45:00+00:00,86.91,81.03,50.68
2025-11-01 16:00:00+00:00,86.94,77.81,25.29
2025-11-01 16:15:00+00:00,89.24,82.99,46.64
2025-11-01 16:30:00+00:00,89.72,87.19,71.92
2025-11-01 16:45:00+00:00,89.26,87.48,76.56
2025-11-01 17:00:00+00:00,87.21,86.04,78.75
2025-11-01 17:15:00+00:00,91.0,89.44,79.96
2025-11-01 17:30:00+00:00,91.92,90.95,85.0
2025-11-01 17:45:00+00:00,86.09,86.11,85.88
2025-11-01 18:00:00+00:00,85.29,85.42,85.71
2025-11-01 18:15:00+00:00,88.22,88.2,87.59
2025-11-01 18:30:00+00:00,86.06,84.38,74.48
2025-11-01 18:45:00+00:00,86.03,80.64,49.1
2025-11-01 19:00:00+00:00,90.11,83.92,45.5
2025-11-01 19:15:00+00:00,91.0,85.34,50.0
2025-11-01 19:30:00+00:00,86.93,78.59,26.7
2025-11-01 19:45:00+00:00,76.75,69.03,21.17
2025-11-01 20:00:00+00:00,86.94,79.0,29.27
2025-11-01 20:15:00+00:00,85.1,77.3,28.41
2025-11-01 20:30:00+00:00,81.19,73.07,22.25
2025-11-01 20:45:00+00:00,79.9,70.96,15.22
2025-11-01 21:00:00+00:00,87.04,77.45,19.48
2025-11-01 21:15:00+00:00,89.5,80.0,23.77
2025-11-01 21:30:00+00:00,82.49,80.52,68.56
2025-11-01 21:45:00+00:00,72.69,71.23,62.23
2025-11-01 22:00:00+00:00,85.73,80.59,52.73
2025-11-01 22:15:00+00:00,81.82,75.15,35.28
2025-11-01 22:30:00+00:00,72.29,70.12,57.02
2025-11-01 22:45:00+00:00,70.19,65.43,36.94
2025-11-01 23:00:00+00:00,58.1,52.12,24.71
2025-11-01 23:15:00+00:00,67.03,61.9,34.65
2025-11-01 23:30:00+00:00,65.7,56.67,12.85
2025-11-01 23:45:00+00:00,66.31,55.08,0.0
2025-11-02 00:00:00+00:00,62.34,56.58,29.74
2025-11-02 00:15:00+00:00,61.91,53.66,13.86
2025-11-02 00:30:00+00:00,57.42,53.07,32.55
2025-11-02 00:45:00+00:00,59.64,51.98,11.43
2025-11-02 01:00:00+00:00,60.82,55.2,30.0
2025-11-02 01:15:00+00:00,61.64,53.12,13.59
2025-11-02 01:30:00+00:00,60.11,53.51,22.96
2025-11-02 01:45:00+00:00,61.34,52.42,10.37
2025-11-02 02:00:00+00:00,61.98,55.28,23.27
2025-11-02 02:15:00+00:00,62.59,54.09,13.29
2025-11-02 02:30:00+00:00,64.15,56.11,16.62
2025-11-02 02:45:00+00:00,62.21,53.73,11.93
2025-11-02 03:00:00+00:00,62.64,54.46,14.3
2025-11-02 03:15:00+00:00,64.62,55.88,12.08
2025-11-02 03:30:00+00:00,66.55,56.92,8.82
2025-11-02 03:45:00+00:00,74.26,64.51,15.55
2025-11-02 04:00:00+00:00,66.09,58.6,20.58
2025-11-02 04:15:00+00:00,73.98,64.24,15.26
2025-11-02 04:30:00+00:00,64.93,55.94,11.87
2025-11-02 04:45:00+00:00,70.24,60.61,13.7
2025-11-02 05:00:00+00:00,61.28,54.83,22.08
2025-11-02 05:15:00+00:00,69.49,60.95,16.87
2025-11-02 05:30:00+00:00,73.3,64.37,19.53
2025-11-02 05:45:00+00:00,77.32,67.86,18.77
2025-11-02 06:00:00+00:00,77.17,67.57,20.83
2025-11-02 06:15:00+00:00,74.59,64.43,14.98
2025-11-02 06:30:00+00:00,74.93,64.7,14.91
2025-11-02 06:45:00+00:00,75.43,64.8,13.01
2025-11-02 07:00:00+00:00,81.48,73.97,38.1
2025-11-02 07:15:00+00:00,80.07,70.79,26.45
2025-11-02 07:30:00+00:00,73.77,63.9,16.79
2025-11-02 07:45:00+00:00,73.16,63.02,14.0
2025-11-02 08:00:00+00:00,91.61,78.97,17.87
2025-11-02 08:15:00+00:00,77.57,66.7,14.19
2025-11-02 08:30:00+00:00,75.62,65.31,15.57
2025-11-02 08:45:00+00:00,69.03,58.61,8.3
2025-11-02 09:00:00+00:00,81.6,72.61,23.78
2025-11-02 09:15:00+00:00,76.07,66.62,15.3
2025-11-02 09:30:00+00:00,72.26,62.95,12.43
2025-11-02 09:45:00+00:00,70.03,60.21,6.92
2025-11-02 10:00:00+00:00,75.39,66.0,15.41
2025-11-02 10:15:00+00:00,75.6,64.8,6.6
2025-11-02 10:30:00+00:00,75.07,63.99,4.31
2025-11-02 10:45:00+00:00,73.86,63.54,7.95
2025-11-02 11:00:00+00:00,73.94,63.99,9.69
2025-11-02 11:15:00+00:00,73.49,63.75,10.54
2025-11-02 11:30:00+00:00,73.3,65.45,22.55
2025-11-02 11:45:00+00:00,80.12,69.5,11.57
2025-11-02 12:00:00+00:00,76.4,65.22,19.62
2025-11-02 12:15:00+00:00,79.64,66.0,10.0
2025-11-02 12:30:00+00:00,85.57,70.21,7.09
2025-11-02 12:45:00+00:00,91.04,74.16,4.78
2025-11-02 13:00:00+00:00,82.83,67.78,6.46
2025-11-02 13:15:00+00:00,88.8,72.01,3.52
2025-11-02 13:30:00+00:00,96.4,79.02,8.13
2025-11-02 13:45:00+00:00,102.17,84.6,12.96
2025-11-02 14:00:00+00:00,95.98,78.0,3.84
2025-11-02 14:15:00+00:00,106.51,87.48,8.99
2025-11-02 14:30:00+00:00,112.42,92.82,11.97
2025-11-02 14:45:00+00:00,127.7,106.91,21.14
2025-11-02 15:00:00+00:00,101.92,85.62,5.59
2025-11-02 15:15:00+00:00,110.99,93.82,9.54
2025-11-02 15:30:00+00:00,119.03,100.54,9.76
2025-11-02 15:45:00+00:00,134.07,113.92,15.0
2025-11-02 16:00:00+00:00,118.0,100.99,10.38
2025-11-02 16:15:00+00:00,131.39,113.87,20.24
2025-11-02 16:30:00+00:00,138.83,125.51,51.93
2025-11-02 16:45:00+00:00,140.07,129.74,71.92
2025-11-02 17:00:00+00:00,137.52,127.74,72.4
2025-11-02 17:15:00+00:00,135.71,127.34,80.0
2025-11-02 17:30:00+00:00,130.5,120.98,70.21
2025-11-02 17:45:00+00:00,117.9,112.92,85.64
2025-11-02 18:00:00+00:00,127.2,119.2,81.02
2025-11-02 18:15:00+00:00,125.14,115.37,68.74
2025-11-02 18:30:00+00:00,108.0,100.72,65.76
2025-11-02 18:45:00+00:00,94.09,87.13,52.77
2025-11-02 19:00:00+00:00,110.97,98.49,37.12
2025-11-02 19:15:00+00:00,104.42,101.0,81.39
2025-11-02 19:30:00+00:00,92.1,85.06,47.81
2025-11-02 19:45:00+00:00,86.91,76.49,25.65
2025-11-02 20:00:00+00:00,100.06,90.63,44.78
2025-11-02 20:15:00+00:00,94.08,83.5,31.73
2025-11-02 20:30:00+00:00,95.1,83.58,26.34
2025-11-02 20:45:00+00:00,92.08,82.29,33.62
2025-11-02 21:00:00+00:00,97.54,85.68,25.23
2025-11-02 21:15:00+00:00,95.91,85.97,35.53
2025-11-02 21:30:00+00:00,95.9,88.51,51.2
2025-11-02 21:45:00+00:00,83.36,77.98,49.94
2025-11-02 22:00:00+00:00,99.08,92.46,59.44
2025-11-02 22:15:00+00:00,85.47,76.94,33.97
2025-11-02 22:30:00+00:00,83.02,78.55,56.23
2025-11-02 22:45:00+00:00,72.6,64.91,26.54
2025-11-02 23:00:00+00:00,85.52,83.49,69.32
2025-11-02 23:15:00+00:00,82.41,81.78,75.8
2025-11-02 23:30:00+00:00,86.91,79.63,29.89
2025-11-02 23:45:00+00:00,74.92,67.63,16.37
2025-11-03 00:00:00+00:00,85.73,80.0,45.75
2025-11-03 00:15:00+00:00,83.86,76.72,33.99
2025-11-03 00:30:00+00:00,78.12,70.51,25.27
2025-11-03 00:45:00+00:00,72.71,67.65,37.75
2025-11-03 01:00:00+00:00,85.12,80.77,52.53
2025-11-03 01:15:00+00:00,74.74,69.99,39.14
2025-11-03 01:30:00+00:00,72.91,66.99,28.59
2025-11-03 01:45:00+00:00,67.22,61.52,24.5
2025-11-03 02:00:00+00:00,74.43,67.56,23.0
2025-11-03 02:15:00+00:00,72.06,65.37,21.92
2025-11-03 02:30:00+00:00,72.91,65.96,20.86
2025-11-03 02:45:00+00:00,73.16,66.68,22.11
2025-11-03 03:00:00+00:00,72.91,67.0,26.58
2025-11-03 03:15:00+00:00,73.58,65.84,13.41
2025-11-03 03:30:00+00:00,77.18,68.38,9.15
2025-11-03 03:45:00+00:00,76.22,69.11,20.43
2025-11-03 04:00:00+00:00,72.75,65.93,12.13
2025-11-03 04:15:00+00:00,74.93,69.15,22.7
2025-11-03 04:30:00+00:00,80.33,73.56,23.15
2025-11-03 04:45:00+00:00,71.99,67.8,33.71
2025-11-03 05:00:00+00:00,72.42,66.45,17.08
2025-11-03 05:15:00+00:00,89.31,83.15,33.28
2025-11-03 05:30:00+00:00,112.68,102.26,22.56
2025-11-03 05:45:00+00:00,106.91,101.29,49.49
2025-11-03 06:00:00+00:00,113.67,108.49,69.04
2025-11-03 06:15:00+00:00,120.45,113.38,59.48
2025-11-03 06:30:00+00:00,119.79,113.58,63.98
2025-11-03 06:45:00+00:00,115.11,107.42,48.35
2025-11-03 07:00:00+00:00,139.25,139.73,140.14
2025-11-03 07:15:00+00:00,110.0,110.51,102.31
2025-11-03 07:30:00+00:00,90.08,89.73,73.9
2025-11-03 07:45:00+00:00,80.67,79.1,53.03
2025-11-03 08:00:00+00:00,103.89,103.0,90.51
2025-11-03 08:15:00+00:00,92.57,90.41,69.01
2025-11-03 08:30:00+00:00,79.73,78.95,65.0
2025-11-03 08:45:00+00:00,66.86,65.11,45.37
2025-11-03 09:00:00+00:00,95.04,88.98,50.0
2025-11-03 09:15:00+00:00,73.67,73.05,37.77
2025-11-03 09:30:00+00:00,68.59,68.59,30.05
2025-11-03 09:45:00+00:00,64.48,64.47,18.74
2025-11-03 10:00:00+00:00,73.35,71.05,28.54
2025-11-03 10:15:00+00:00,74.49,67.79,19.14
2025-11-03 10:30:00+00:00,67.03,66.0,16.68
2025-11-03 10:45:00+00:00,71.83,66.73,15.52
2025-11-03 11:00:00+00:00,69.95,63.87,16.79
2025-11-03 11:15:00+00:00,66.39,62.29,16.65
2025-11-03 11:30:00+00:00,67.17,62.21,16.79
2025-11-03 11:45:00+00:00,68.45,62.3,15.73
2025-11-03 12:00:00+00:00,66.23,64.98,15.16
2025-11-03 12:15:00+00:00,73.16,66.21,12.86
2025-11-03 12:30:00+00:00,74.84,67.67,12.87
2025-11-03 12:45:00+00:00,73.47,66.77,14.0
2025-11-03 13:00:00+00:00,64.13,60.13,14.25
2025-11-03 13:15:00+00:00,66.63,62.52,16.68
2025-11-03 13:30:00+00:00,74.77,69.24,19.71
2025-11-03 13:45:00+00:00,94.37,85.88,23.84
2025-11-03 14:00:00+00:00,68.07,62.2,18.99
2025-11-03 14:15:00+00:00,85.11,78.28,25.33
2025-11-03 14:30:00+00:00,84.38,80.0,39.72
2025-11-03 14:45:00+00:00,92.86,88.77,50.55
2025-11-03 15:00:00+00:00,85.06,80.71,45.0
2025-11-03 15:15:00+00:00,92.1,88.21,51.07
2025-11-03 15:30:00+00:00,90.09,88.21,61.27
2025-11-03 15:45:00+00:00,103.69,102.87,82.82
2025-11-03 16:00:00+00:00,96.21,91.83,48.43
2025-11-03 16:15:00+00:00,94.53,94.74,80.73
2025-11-03 16:30:00+00:00,87.4,90.86,93.84
2025-11-03 16:45:00+00:00,91.94,94.58,96.89
2025-11-03 17:00:00+00:00,92.37,93.77,96.22
2025-11-03 17:15:00+00:00,88.6,90.29,93.4
2025-11-03 17:30:00+00:00,91.25,92.87,95.86
2025-11-03 17:45:00+00:00,90.0,91.72,94.89
2025-11-03 18:00:00+00:00,90.71,93.64,98.17
2025-11-03 18:15:00+00:00,86.8,88.87,92.32
2025-11-03 18:30:00+00:00,82.08,83.61,86.31
2025-11-03 18:45:00+00:00,66.71,68.01,70.54
2025-11-03 19:00:00+00:00,90.04,92.68,96.53
2025-11-03 19:15:00+00:00,70.52,72.78,75.56
2025-11-03 19:30:00+00:00,68.34,69.53,71.09
2025-11-03 19:45:00+00:00,57.63,58.96,60.47
2025-11-03 20:00:00+00:00,63.76,66.1,69.77
2025-11-03 20:15:00+00:00,56.73,58.1,60.04
2025-11-03 20:30:00+00:00,65.24,64.61,55.41
2025-11-03 20:45:00+00:00,54.3,54.14,46.63
2025-11-03 21:00:00+00:00,66.41,63.88,44.76
2025-11-03 21:15:00+00:00,54.42,55.3,57.96
2025-11-03 21:30:00+00:00,47.99,48.93,51.36
2025-11-03 21:45:00+00:00,42.03,43.16,44.6
2025-11-03 22:00:00+00:00,50.65,52.99,57.33
2025-11-03 22:15:00+00:00,26.03,27.59,31.68
2025-11-03 22:30:00+00:00,28.98,29.71,33.94
2025-11-03 22:45:00+00:00,9.2,8.98,12.35
2025-11-03 23:00:00+00:00,35.1,32.44,15.35
2025-11-03 23:15:00+00:00,15.07,14.8,8.93
2025-11-03 23:30:00+00:00,9.95,8.96,1.73
2025-11-03 23:45:00+00:00,6.0,5.75,-0.01
2025-11-04 00:00:00+00:00,9.0,10.45,14.34
2025-11-04 00:15:00+00:00,6.72,7.19,4.31
2025-11-04 00:30:00+00:00,7.42,8.76,11.24
2025-11-04 00:45:00+00:00,5.89,6.47,1.74
2025-11-04 01:00:00+00:00,5.14,7.74,15.51
2025-11-04 01:15:00+00:00,4.35,5.58,3.7
2025-11-04 01:30:00+00:00,5.05,6.55,7.05
2025-11-04 01:45:00+00:00,5.16,5.67,0.0
2025-11-04 02:00:00+00:00,5.11,5.12,9.54
2025-11-04 02:15:00+00:00,5.16,5.82,11.18
2025-11-04 02:30:00+00:00,5.76,5.76,5.33
2025-11-04 02:45:00+00:00,9.22,6.7,0.04
2025-11-04 03:00:00+00:00,5.19,7.12,13.36
2025-11-04 03:15:00+00:00,5.17,5.97,10.37
2025-11-04 03:30:00+00:00,39.5,21.25,2.12
2025-11-04 03:45:00+00:00,34.93,20.92,5.64
2025-11-04 04:00:00+00:00,18.77,11.72,5.47
2025-11-04 04:15:00+00:00,56.16,39.51,23.98
2025-11-04 04:30:00+00:00,69.89,42.57,19.6
2025-11-04 04:45:00+00:00,88.91,75.94,21.46
2025-11-04 05:00:00+00:00,33.92,32.23,22.7
2025-11-04 05:15:00+00:00,79.62,70.75,25.64
2025-11-04 05:30:00+00:00,99.44,83.44,7.02
2025-11-04 05:45:00+00:00,111.17,98.13,36.48
2025-11-04 06:00:00+00:00,106.88,98.81,34.8
2025-11-04 06:15:00+00:00,124.53,116.85,59.53
2025-11-04 06:30:00+00:00,118.01,112.16,68.47
2025-11-04 06:45:00+00:00,107.81,98.81,33.2
2025-11-04 07:00:00+00:00,130.78,125.4,87.79
2025-11-04 07:15:00+00:00,121.44,116.13,78.96
2025-11-04 07:30:00+00:00,102.96,99.11,72.2
2025-11-04 07:45:00+00:00,84.82,77.71,27.95
2025-11-04 08:00:00+00:00,98.0,108.2,68.68
2025-11-04 08:15:00+00:00,96.04,87.9,42.0
2025-11-04 08:30:00+00:00,72.95,77.52,20.3
2025-11-04 08:45:00+00:00,56.4,62.4,1.55
2025-11-04 09:00:00+00:00,73.02,136.03,19.81
2025-11-04 09:15:00+00:00,60.64,93.47,14.71
2025-11-04 09:30:00+00:00,57.45,77.0,10.05
2025-11-04 09:45:00+00:00,51.48,70.1,10.05
2025-11-04 10:00:00+00:00,57.79,90.02,5.79
2025-11-04 10:15:00+00:00,54.47,83.07,5.0
2025-11-04 10:30:00+00:00,50.23,71.98,3.83
2025-11-04 10:45:00+00:00,48.99,66.61,3.52
2025-11-04 11:00:00+00:00,47.13,69.31,5.99
2025-11-04 11:15:00+00:00,47.95,67.54,8.84
2025-11-04 11:30:00+00:00,50.1,67.54,14.02
2025-11-04 11:45:00+00:00,55.43,76.23,11.53
2025-11-04 12:00:00+00:00,44.99,60.38,3.52
2025-11-04 12:15:00+00:00,62.8,69.29,3.52
2025-11-04 12:30:00+00:00,75.52,76.55,3.52
2025-11-04 12:45:00+00:00,84.44,92.46,3.52
2025-11-04 13:00:00+00:00,52.89,52.89,3.52
2025-11-04 13:15:00+00:00,70.41,70.41,3.52
2025-11-04 13:30:00+00:00,86.89,81.9,4.31
2025-11-04 13:45:00+00:00,114.01,101.64,16.09
2025-11-04 14:00:00+00:00,84.19,69.69,5.11
2025-11-04 14:15:00+00:00,100.25,82.51,10.0
2025-11-04 14:30:00+00:00,114.35,94.3,13.15
2025-11-04 14:45:00+00:00,166.27,136.26,20.95
2025-11-04 15:00:00+00:00,92.23,78.71,8.84
2025-11-04 15:15:00+00:00,114.0,97.89,16.71
2025-11-04 15:30:00+00:00,131.29,114.79,31.81
2025-11-04 15:45:00+00:00,172.38,145.12,20.18
2025-11-04 16:00:00+00:00,132.0,107.69,1.93
2025-11-04 16:15:00+00:00,129.25,108.87,16.83
2025-11-04 16:30:00+00:00,131.85,109.13,7.15
2025-11-04 16:45:00+00:00,123.3,108.04,36.5
2025-11-04 17:00:00+00:00,153.06,127.98,16.79
2025-11-04 17:15:00+00:00,127.01,113.55,49.05
2025-11-04 17:30:00+00:00,118.0,102.89,32.1
2025-11-04 17:45:00+00:00,92.98,87.86,58.7
2025-11-04 18:00:00+00:00,132.3,121.65,78.35
2025-11-04 18:15:00+00:00,114.0,99.45,35.71
2025-11-04 18:30:00+00:00,95.0,88.08,47.14
2025-11-04 18:45:00+00:00,85.49,73.3,4.52
2025-11-04 19:00:00+00:00,106.01,99.84,60.12
2025-11-04 19:15:00+00:00,98.41,89.86,40.26
2025-11-04 19:30:00+00:00,87.68,77.46,20.58
2025-11-04 19:45:00+00:00,94.91,79.24,1.94
2025-11-04 20:00:00+00:00,105.76,95.85,45.24
2025-11-04 20:15:00+00:00,91.27,80.1,24.96
2025-11-04 20:30:00+00:00,88.9,76.62,16.01
2025-11-04 20:45:00+00:00,79.53,66.63,2.57
2025-11-04 21:00:00+00:00,91.06,79.63,17.5
2025-11-04 21:15:00+00:00,88.73,78.86,25.75
2025-11-04 21:30:00+00:00,86.82,80.1,43.3
2025-11-04 21:45:00+00:00,78.34,72.91,42.55
2025-11-04 22:00:00+00:00,80.65,73.77,30.84
2025-11-04 22:15:00+00:00,75.07,67.51,21.42
2025-11-04 22:30:00+00:00,79.53,73.04,36.24
2025-11-04 22:45:00+00:00,69.24,61.37,16.1
2025-11-04 23:00:00+00:00,80.4,71.79,18.61
2025-11-04 23:15:00+00:00,73.61,67.35,27.22
2025-11-04 23:30:00+00:00,78.24,69.12,12.37
2025-11-04 23:45:00+00:00,77.07,67.11,3.91
2025-11-05 00:00:00+00:00,76.25,68.52,24.74
2025-11-05 00:15:00+00:00,75.14,66.4,17.63
2025-11-05 00:30:00+00:00,75.98,66.96,16.08
2025-11-05 00:45:00+00:00,75.92,65.85,9.14
2025-11-05 01:00:00+00:00,70.46,63.3,20.1
2025-11-05 01:15:00+00:00,73.3,65.12,15.45
2025-11-05 01:30:00+00:00,75.42,66.83,14.45
2025-11-05 01:45:00+00:00,78.24,68.71,10.06
2025-11-05 02:00:00+00:00,73.31,65.14,16.46
2025-11-05 02:15:00+00:00,72.44,64.61,16.46
2025-11-05 02:30:00+00:00,78.0,68.92,12.57
2025-11-05 02:45:00+00:00,74.98,65.56,6.59
2025-11-05 03:00:00+00:00,73.3,61.91,2.08
2025-11-05 03:15:00+00:00,73.48,62.14,2.14
2025-11-05 03:30:00+00:00,82.79,66.91,0.06
2025-11-05 03:45:00+00:00,85.97,69.45,0.1
2025-11-05 04:00:00+00:00,71.43,62.56,8.07
2025-11-05 04:15:00+00:00,81.88,71.72,14.0
2025-11-05 04:30:00+00:00,90.84,78.62,16.68
2025-11-05 04:45:00+00:00,95.85,80.36,12.05
2025-11-05 05:00:00+00:00,82.31,70.99,22.12
2025-11-05 05:15:00+00:00,84.62,73.58,28.55
2025-11-05 05:30:00+00:00,90.38,76.45,29.72
2025-11-05 05:45:00+00:00,108.14,89.71,22.78
2025-11-05 06:00:00+00:00,108.8,94.82,23.93
2025-11-05 06:15:00+00:00,127.01,111.83,35.01
2025-11-05 06:30:00+00:00,122.25,108.24,31.74
2025-11-05 06:45:00+00:00,105.54,94.16,31.59
2025-11-05 07:00:00+00:00,140.29,125.54,39.86
2025-11-05 07:15:00+00:00,117.27,102.74,18.37
2025-11-05 07:30:00+00:00,103.44,96.29,27.63
2025-11-05 07:45:00+00:00,67.46,75.1,21.57
2025-11-05 08:00:00+00:00,89.48,136.64,29.21
2025-11-05 08:15:00+00:00,76.34,101.78,28.81
2025-11-05 08:30:00+00:00,67.65,88.49,16.9
2025-11-05 08:45:00+00:00,64.69,75.89,10.21
2025-11-05 09:00:00+00:00,70.15,88.81,14.87
2025-11-05 09:15:00+00:00,60.04,76.77,10.65
2025-11-05 09:30:00+00:00,61.69,70.1,5.11
2025-11-05 09:45:00+00:00,59.65,63.92,3.6
2025-11-05 10:00:00+00:00,61.31,68.35,4.31
2025-11-05 10:15:00+00:00,59.99,59.99,3.52
2025-11-05 10:30:00+00:00,61.03,61.03,3.52
2025-11-05 10:45:00+00:00,65.7,65.7,3.52
2025-11-05 11:00:00+00:00,50.89,50.89,4.39
2025-11-05 11:15:00+00:00,61.08,61.08,5.11
2025-11-05 11:30:00+00:00,65.41,63.41,5.79
2025-11-05 11:45:00+00:00,70.9,66.66,6.0
2025-11-05 12:00:00+00:00,60.79,56.87,5.0
2025-11-05 12:15:00+00:00,71.09,63.3,5.0
2025-11-05 12:30:00+00:00,83.15,72.02,5.05
2025-11-05 12:45:00+00:00,94.3,81.86,6.0
2025-11-05 13:00:00+00:00,73.28,63.57,5.79
2025-11-05 13:15:00+00:00,91.24,80.05,9.3
2025-11-05 13:30:00+00:00,102.7,89.94,10.14
2025-11-05 13:45:00+00:00,117.55,103.28,13.79
2025-11-05 14:00:00+00:00,81.02,70.67,14.65
2025-11-05 14:15:00+00:00,110.64,96.36,15.83
2025-11-05 14:30:00+00:00,125.9,109.4,16.35
2025-11-05 14:45:00+00:00,144.02,125.44,20.06
2025-11-05 15:00:00+00:00,123.07,103.23,20.0
2025-11-05 15:15:00+00:00,130.88,111.3,28.24
2025-11-05 15:30:00+00:00,144.55,122.5,28.68
2025-11-05 15:45:00+00:00,167.03,138.11,29.72
2025-11-05 16:00:00+00:00,148.13,127.03,29.2
2025-11-05 16:15:00+00:00,153.09,129.98,33.15
2025-11-05 16:30:00+00:00,151.44,129.02,35.02
2025-11-05 16:45:00+00:00,137.01,117.67,36.25
2025-11-05 17:00:00+00:00,148.22,124.44,24.3
2025-11-05 17:15:00+00:00,134.77,114.67,30.0
2025-11-05 17:30:00+00:00,119.21,106.02,50.0
2025-11-05 17:45:00+00:00,108.12,99.03,60.0
2025-11-05 18:00:00+00:00,128.48,115.1,59.52
2025-11-05 18:15:00+00:00,116.72,105.07,56.44
2025-11-05 18:30:00+00:00,109.73,99.38,56.29
2025-11-05 18:45:00+00:00,104.09,88.21,22.52
2025-11-05 19:00:00+00:00,110.93,99.27,51.27
2025-11-05 19:15:00+00:00,103.37,91.95,45.2
2025-11-05 19:30:00+00:00,103.02,91.15,42.83
2025-11-05 19:45:00+00:00,101.84,86.79,25.62
2025-11-05 20:00:00+00:00,108.39,95.95,43.7
2025-11-05 20:15:00+00:00,102.83,89.65,34.23
2025-11-05 20:30:00+00:00,99.02,83.1,16.5
2025-11-05 20:45:00+00:00,85.43,69.21,1.16
2025-11-05 21:00:00+00:00,102.48,90.0,37.92
2025-11-05 21:15:00+00:00,89.89,78.23,30.96
2025-11-05 21:30:00+00:00,85.49,77.3,44.19
2025-11-05 21:45:00+00:00,77.53,69.99,39.58
2025-11-05 22:00:00+00:00,91.32,81.32,39.78
2025-11-05 22:15:00+00:00,91.86,81.38,34.26
2025-11-05 22:30:00+00:00,89.37,80.02,35.01
2025-11-05 22:45:00+00:00,78.25,69.44,26.82
2025-11-05 23:00:00+00:00,96.78,84.42,20.81
2025-11-05 23:15:00+00:00,93.11,81.31,20.55
2025-11-05 23:30:00+00:00,93.43,81.66,21.07
2025-11-05 23:45:00+00:00,90.17,78.92,20.94
2025-11-06 00:00:00+00:00,93.38,81.46,20.0
2025-11-06 00:15:00+00:00,91.08,78.95,16.36
2025-11-06 00:30:00+00:00,90.26,77.83,13.71
2025-11-06 00:45:00+00:00,88.6,75.89,10.28
2025-11-06 01:00:00+00:00,93.02,80.1,20.0
2025-11-06 01:15:00+00:00,90.54,78.34,15.24
2025-11-06 01:30:00+00:00,91.75,78.46,14.0
2025-11-06 01:45:00+00:00,90.28,78.47,12.22
2025-11-06 02:00:00+00:00,91.67,78.14,14.0
2025-11-06 02:15:00+00:00,91.09,77.5,13.08
2025-11-06 02:30:00+00:00,89.12,75.33,10.0
2025-11-06 02:45:00+00:00,90.14,76.06,9.33
2025-11-06 03:00:00+00:00,91.61,77.6,9.49
2025-11-06 03:15:00+00:00,91.08,77.03,8.71
2025-11-06 03:30:00+00:00,91.53,76.9,5.73
2025-11-06 03:45:00+00:00,93.38,78.73,7.5
2025-11-06 04:00:00+00:00,86.11,73.55,13.73
2025-11-06 04:15:00+00:00,88.76,75.34,11.42
2025-11-06 04:30:00+00:00,94.6,81.55,19.33
2025-11-06 04:45:00+00:00,99.21,85.68,20.81
2025-11-06 05:00:00+00:00,93.88,82.53,24.29
2025-11-06 05:15:00+00:00,113.52,99.82,30.87
2025-11-06 05:30:00+00:00,121.99,109.19,44.65
2025-11-06 05:45:00+00:00,144.01,129.54,56.92
2025-11-06 06:00:00+00:00,127.72,114.95,62.76
2025-11-06 06:15:00+00:00,136.0,121.62,66.03
2025-11-06 06:30:00+00:00,136.0,120.58,72.26
2025-11-06 06:45:00+00:00,121.21,110.86,78.59
2025-11-06 07:00:00+00:00,144.97,128.05,75.0
2025-11-06 07:15:00+00:00,129.01,120.81,95.03
2025-11-06 07:30:00+00:00,111.68,103.52,78.0
2025-11-06 07:45:00+00:00,93.06,90.7,83.31
2025-11-06 08:00:00+00:00,110.73,110.73,68.91
2025-11-06 08:15:00+00:00,100.6,100.6,75.67
2025-11-06 08:30:00+00:00,86.29,86.29,63.85
2025-11-06 08:45:00+00:00,75.23,75.23,61.85
2025-11-06 09:00:00+00:00,94.8,94.8,54.13
2025-11-06 09:15:00+00:00,87.55,87.55,58.02
2025-11-06 09:30:00+00:00,80.34,80.34,55.0
2025-11-06 09:45:00+00:00,77.94,77.94,50.99
2025-11-06 10:00:00+00:00,86.9,86.9,47.67
2025-11-06 10:15:00+00:00,84.97,84.97,63.38
2025-11-06 10:30:00+00:00,82.93,82.93,45.7
2025-11-06 10:45:00+00:00,80.0,80.0,75.51
2025-11-06 11:00:00+00:00,81.13,81.13,42.03
2025-11-06 11:15:00+00:00,78.76,78.76,63.19
2025-11-06 11:30:00+00:00,86.64,86.56,86.06
2025-11-06 11:45:00+00:00,89.44,85.49,62.36
2025-11-06 12:00:00+00:00,80.8,78.42,64.78
2025-11-06 12:15:00+00:00,86.58,81.32,51.27
2025-11-06 12:30:00+00:00,87.6,83.47,59.82
2025-11-06 12:45:00+00:00,93.74,89.81,67.37
2025-11-06 13:00:00+00:00,78.51,78.26,76.85
2025-11-06 13:15:00+00:00,94.53,92.35,79.98
2025-11-06 13:30:00+00:00,102.9,94.22,45.08
2025-11-06 13:45:00+00:00,122.0,112.61,59.29
2025-11-06 14:00:00+00:00,101.31,92.64,52.45
2025-11-06 14:15:00+00:00,109.16,101.91,67.73
2025-11-06 14:30:00+00:00,135.32,123.4,65.42
2025-11-06 14:45:00+00:00,167.17,163.67,78.03
2025-11-06 15:00:00+00:00,123.1,123.1,67.83
2025-11-06 15:15:00+00:00,137.01,141.95,75.65
2025-11-06 15:30:00+00:00,156.79,163.56,70.45
2025-11-06 15:45:00+00:00,173.08,179.98,88.54
2025-11-06 16:00:00+00:00,165.46,171.9,89.08
2025-11-06 16:15:00+00:00,162.87,169.2,90.08
2025-11-06 16:30:00+00:00,150.19,156.44,79.73
2025-11-06 16:45:00+00:00,138.5,142.23,101.56
2025-11-06 17:00:00+00:00,149.09,153.24,96.28
2025-11-06 17:15:00+00:00,139.04,140.55,121.87
2025-11-06 17:30:00+00:00,134.82,135.18,136.14
2025-11-06 17:45:00+00:00,126.84,127.3,128.51
2025-11-06 18:00:00+00:00,138.15,138.42,139.13
2025-11-06 18:15:00+00:00,129.36,129.24,127.39
2025-11-06 18:30:00+00:00,119.71,119.3,115.75
2025-11-06 18:45:00+00:00,118.63,118.86,119.44
2025-11-06 19:00:00+00:00,123.02,122.6,119.44
2025-11-06 19:15:00+00:00,119.85,119.21,114.97
2025-11-06 19:30:00+00:00,112.48,111.18,103.23
2025-11-06 19:45:00+00:00,104.53,104.03,100.83
2025-11-06 20:00:00+00:00,109.64,107.73,96.52
2025-11-06 20:15:00+00:00,103.66,102.15,93.0
2025-11-06 20:30:00+00:00,101.51,100.33,93.0
2025-11-06 20:45:00+00:00,89.11,89.11,88.83
2025-11-06 21:00:00+00:00,100.1,98.56,89.12
2025-11-06 21:15:00+00:00,93.67,92.69,86.57
2025-11-06 21:30:00+00:00,101.05,99.25,89.12
2025-11-06 21:45:00+00:00,95.12,93.65,85.42
2025-11-06 22:00:00+00:00,99.89,98.72,91.64
2025-11-06 22:15:00+00:00,95.0,93.29,83.49
2025-11-06 22:30:00+00:00,87.84,85.87,74.54
2025-11-06 22:45:00+00:00,79.48,77.34,65.0
2025-11-06 23:00:00+00:00,90.9,86.65,65.55
2025-11-06 23:15:00+00:00,88.27,83.97,62.52
2025-11-06 23:30:00+00:00,92.99,87.0,57.26
2025-11-06 23:45:00+00:00,88.55,82.51,52.52
2025-11-07 00:00:00+00:00,90.53,84.32,55.01
2025-11-07 00:15:00+00:00,88.44,82.44,54.1
2025-11-07 00:30:00+00:00,88.45,82.23,52.86
2025-11-07 00:45:00+00:00,87.87,81.2,49.66
2025-11-07 01:00:00+00:00,90.59,84.41,54.1
2025-11-07 01:15:00+00:00,88.98,82.39,50.0
2025-11-07 01:30:00+00:00,89.89,83.08,49.66
2025-11-07 01:45:00+00:00,88.94,81.5,45.0
2025-11-07 02:00:00+00:00,89.9,81.61,42.0
2025-11-07 02:15:00+00:00,89.54,80.65,38.17
2025-11-07 02:30:00+00:00,89.08,79.88,35.91
2025-11-07 02:45:00+00:00,89.93,80.38,34.73
2025-11-07 03:00:00+00:00,87.07,78.15,34.56
2025-11-07 03:15:00+00:00,89.4,79.82,33.0
2025-11-07 03:30:00+00:00,92.39,82.3,33.0
2025-11-07 03:45:00+00:00,92.78,82.87,34.46
2025-11-07 04:00:00+00:00,85.06,77.45,38.0
2025-11-07 04:15:00+00:00,90.29,82.27,40.67
2025-11-07 04:30:00+00:00,97.89,89.35,45.01
2025-11-07 04:45:00+00:00,103.6,94.93,49.66
2025-11-07 05:00:00+00:00,89.47,85.42,58.98
2025-11-07 05:15:00+00:00,102.11,96.22,61.08
2025-11-07 05:30:00+00:00,113.11,106.0,63.55
2025-11-07 05:45:00+00:00,144.37,134.04,68.33
2025-11-07 06:00:00+00:00,120.36,110.16,68.67
2025-11-07 06:15:00+00:00,137.63,126.15,79.89
2025-11-07 06:30:00+00:00,136.49,126.15,84.76
2025-11-07 06:45:00+00:00,141.05,130.36,87.5
2025-11-07 07:00:00+00:00,157.49,145.88,98.66
2025-11-07 07:15:00+00:00,142.86,133.41,94.92
2025-11-07 07:30:00+00:00,117.62,112.18,90.0
2025-11-07 07:45:00+00:00,94.22,91.85,81.99
2025-11-07 08:00:00+00:00,126.3,119.69,85.0
2025-11-07 08:15:00+00:00,117.13,110.48,75.59
2025-11-07 08:30:00+00:00,99.71,94.16,65.0
2025-11-07 08:45:00+00:00,89.28,84.88,61.8
2025-11-07 09:00:00+00:00,102.85,96.77,62.52
2025-11-07 09:15:00+00:00,94.96,89.83,60.99
2025-11-07 09:30:00+00:00,89.23,84.17,55.68
2025-11-07 09:45:00+00:00,86.48,81.16,51.2
2025-11-07 10:00:00+00:00,92.54,86.71,51.5
2025-11-07 10:15:00+00:00,89.69,84.06,50.0
2025-11-07 10:30:00+00:00,89.83,84.19,50.0
2025-11-07 10:45:00+00:00,87.89,81.85,45.32
2025-11-07 11:00:00+00:00,88.29,82.92,50.0
2025-11-07 11:15:00+00:00,88.22,82.33,46.25
2025-11-07 11:30:00+00:00,88.8,83.35,50.0
2025-11-07 11:45:00+00:00,89.9,84.12,48.75
2025-11-07 12:00:00+00:00,88.23,81.83,43.62
2025-11-07 12:15:00+00:00,90.56,83.82,43.5
2025-11-07 12:30:00+00:00,93.54,86.06,41.34
2025-11-07 12:45:00+00:00,95.88,88.39,43.62
2025-11-07 13:00:00+00:00,80.82,75.3,45.0
2025-11-07 13:15:00+00:00,98.87,91.34,50.0
2025-11-07 13:30:00+00:00,106.81,98.23,50.93
2025-11-07 13:45:00+00:00,125.9,114.94,54.1
2025-11-07 14:00:00+00:00,91.87,85.73,54.1
2025-11-07 14:15:00+00:00,112.21,103.47,58.84
2025-11-07 14:30:00+00:00,133.5,120.28,61.8
2025-11-07 14:45:00+00:00,180.91,157.35,64.67
2025-11-07 15:00:00+00:00,129.33,117.0,64.67
2025-11-07 15:15:00+00:00,144.57,131.04,74.07
2025-11-07 15:30:00+00:00,166.96,151.72,87.52
2025-11-07 15:45:00+00:00,219.63,195.13,91.5
2025-11-07 16:00:00+00:00,172.06,158.07,84.47
2025-11-07 16:15:00+00:00,184.76,169.94,92.0
2025-11-07 16:30:00+00:00,180.71,167.27,96.61
2025-11-07 16:45:00+00:00,176.62,164.88,104.12
2025-11-07 17:00:00+00:00,154.59,146.08,101.58
2025-11-07 17:15:00+00:00,141.42,135.42,104.01
2025-11-07 17:30:00+00:00,142.95,137.66,110.0
2025-11-07 17:45:00+00:00,143.77,138.76,112.52
2025-11-07 18:00:00+00:00,144.45,138.6,106.94
2025-11-07 18:15:00+00:00,136.28,132.2,110.0
2025-11-07 18:30:00+00:00,123.29,120.82,106.67
2025-11-07 18:45:00+00:00,121.91,119.63,106.67
2025-11-07 19:00:00+00:00,133.46,127.54,92.81
2025-11-07 19:15:00+00:00,120.71,115.1,82.33
2025-11-07 19:30:00+00:00,115.42,109.94,77.93
2025-11-07 19:45:00+00:00,108.12,103.82,79.14
2025-11-07 20:00:00+00:00,117.27,112.87,88.26
2025-11-07 20:15:00+00:00,109.6,105.19,80.62
2025-11-07 20:30:00+00:00,103.77,99.67,77.29
2025-11-07 20:45:00+00:00,95.97,92.53,73.86
2025-11-07 21:00:00+00:00,107.31,103.44,80.86
2025-11-07 21:15:00+00:00,104.51,101.7,85.0
2025-11-07 21:30:00+00:00,94.99,93.59,85.01
2025-11-07 21:45:00+00:00,86.29,86.15,85.0
2025-11-07 22:00:00+00:00,100.73,97.88,80.0
2025-11-07 22:15:00+00:00,94.99,92.15,75.0
2025-11-07 22:30:00+00:00,88.89,86.24,70.55
2025-11-07 22:45:00+00:00,83.6,80.67,63.28
2025-11-07 23:00:00+00:00,102.32,98.93,80.68
2025-11-07 23:15:00+00:00,101.1,96.95,74.59
2025-11-07 23:30:00+00:00,90.13,86.02,63.64
2025-11-07 23:45:00+00:00,92.57,86.07,50.96
2025-11-08 00:00:00+00:00,100.41,94.96,63.67
2025-11-08 00:15:00+00:00,96.56,90.25,54.0
2025-11-08 00:30:00+00:00,94.99,89.25,56.3
2025-11-08 00:45:00+00:00,93.34,87.12,51.43
2025-11-08 01:00:00+00:00,95.97,89.5,51.91
2025-11-08 01:15:00+00:00,93.29,87.09,51.07
2025-11-08 01:30:00+00:00,93.88,87.57,50.94
2025-11-08 01:45:00+00:00,92.85,86.56,50.0
2025-11-08 02:00:00+00:00,94.76,88.26,50.81
2025-11-08 02:15:00+00:00,94.22,87.68,50.0
2025-11-08 02:30:00+00:00,93.86,86.73,45.67
2025-11-08 02:45:00+00:00,93.05,84.56,35.63
2025-11-08 03:00:00+00:00,93.81,85.88,38.25
2025-11-08 03:15:00+00:00,95.56,86.93,35.0
2025-11-08 03:30:00+00:00,95.82,87.12,34.8
2025-11-08 03:45:00+00:00,94.96,86.39,34.8
2025-11-08 04:00:00+00:00,93.82,85.9,34.8
2025-11-08 04:15:00+00:00,93.65,85.72,34.7
2025-11-08 04:30:00+00:00,94.51,86.6,35.75
2025-11-08 04:45:00+00:00,94.8,87.81,42.7
2025-11-08 05:00:00+00:00,87.61,82.14,41.72
2025-11-08 05:15:00+00:00,90.7,85.52,47.0
2025-11-08 05:30:00+00:00,99.57,93.69,50.0
2025-11-08 05:45:00+00:00,103.23,96.98,50.68
2025-11-08 06:00:00+00:00,99.97,93.74,50.68
2025-11-08 06:15:00+00:00,102.67,96.13,50.97
2025-11-08 06:30:00+00:00,106.93,99.86,51.01
2025-11-08 06:45:00+00:00,105.8,98.86,50.94
2025-11-08 07:00:00+00:00,111.07,103.18,51.22
2025-11-08 07:15:00+00:00,108.31,100.71,50.68
2025-11-08 07:30:00+00:00,102.82,94.84,42.32
2025-11-08 07:45:00+00:00,99.8,90.12,26.51
2025-11-08 08:00:00+00:00,111.37,103.67,53.76
2025-11-08 08:15:00+00:00,103.77,96.85,52.14
2025-11-08 08:30:00+00:00,102.14,96.33,58.76
2025-11-08 08:45:00+00:00,97.2,90.1,44.24
2025-11-08 09:00:00+00:00,110.81,104.49,66.11
2025-11-08 09:15:00+00:00,102.83,97.46,65.2
2025-11-08 09:30:00+00:00,99.75,92.68,50.32
2025-11-08 09:45:00+00:00,95.32,86.72,35.14
2025-11-08 10:00:00+00:00,100.05,91.92,42.68
2025-11-08 10:15:00+00:00,97.89,91.36,51.89
2025-11-08 10:30:00+00:00,94.85,86.72,37.74
2025-11-08 10:45:00+00:00,95.0,90.54,63.51
2025-11-08 11:00:00+00:00,99.94,90.67,34.06
2025-11-08 11:15:00+00:00,95.84,89.45,50.4
2025-11-08 11:30:00+00:00,92.59,88.71,64.81
2025-11-08 11:45:00+00:00,92.27,86.87,53.7
2025-11-08 12:00:00+00:00,93.15,87.76,54.92
2025-11-08 12:15:00+00:00,93.59,86.05,40.17
2025-11-08 12:30:00+00:00,96.92,88.57,37.99
2025-11-08 12:45:00+00:00,99.99,90.81,34.92
2025-11-08 13:00:00+00:00,86.33,82.3,57.8
2025-11-08 13:15:00+00:00,97.21,88.73,38.1
2025-11-08 13:30:00+00:00,104.41,93.14,25.83
2025-11-08 13:45:00+00:00,118.22,106.03,33.27
2025-11-08 14:00:00+00:00,95.68,86.76,32.91
2025-11-08 14:15:00+00:00,109.93,98.66,30.62
2025-11-08 14:30:00+00:00,127.0,114.59,39.69
2025-11-08 14:45:00+00:00,137.86,125.37,49.92
2025-11-08 15:00:00+00:00,112.51,98.67,13.61
2025-11-08 15:15:00+00:00,118.6,107.8,41.0
2025-11-08 15:30:00+00:00,124.42,113.43,43.94
2025-11-08 15:45:00+00:00,143.01,132.17,64.99
2025-11-08 16:00:00+00:00,123.9,112.9,44.44
2025-11-08 16:15:00+00:00,136.88,126.4,61.14
2025-11-08 16:30:00+00:00,138.04,129.26,74.59
2025-11-08 16:45:00+00:00,140.84,132.95,83.84
2025-11-08 17:00:00+00:00,137.72,132.77,76.31
2025-11-08 17:15:00+00:00,135.99,129.74,86.16
2025-11-08 17:30:00+00:00,136.78,131.03,90.91
2025-11-08 17:45:00+00:00,135.64,130.66,95.92
2025-11-08 18:00:00+00:00,136.15,130.41,88.43
2025-11-08 18:15:00+00:00,133.43,128.2,90.0
2025-11-08 18:30:00+00:00,131.0,125.99,90.0
2025-11-08 18:45:00+00:00,127.34,122.55,86.92
2025-11-08 19:00:00+00:00,132.7,126.64,87.55
2025-11-08 19:15:00+00:00,126.07,120.49,84.48
2025-11-08 19:30:00+00:00,121.83,116.61,82.94
2025-11-08 19:45:00+00:00,111.27,107.27,81.47
2025-11-08 20:00:00+00:00,122.6,116.89,80.13
2025-11-08 20:15:00+00:00,120.04,114.15,76.22
2025-11-08 20:30:00+00:00,108.39,103.58,72.62
2025-11-08 20:45:00+00:00,102.19,97.49,67.19
2025-11-08 21:00:00+00:00,112.3,105.46,64.14
2025-11-08 21:15:00+00:00,107.43,102.77,74.59
2025-11-08 21:30:00+00:00,104.69,100.87,77.8
2025-11-08 21:45:00+00:00,100.62,96.93,74.59
2025-11-08 22:00:00+00:00,104.41,100.41,76.42
2025-11-08 22:15:00+00:00,99.93,95.95,72.0
2025-11-08 22:30:00+00:00,95.0,91.73,72.11
2025-11-08 22:45:00+00:00,88.28,85.89,71.52
2025-11-08 23:00:00+00:00,99.33,96.2,78.81
2025-11-08 23:15:00+00:00,92.43,89.34,72.11
2025-11-08 23:30:00+00:00,97.99,92.38,61.15
2025-11-08 23:45:00+00:00,95.63,90.14,59.6
2025-11-09 00:00:00+00:00,100.39,94.91,65.0
2025-11-09 00:15:00+00:00,95.0,90.0,62.72
2025-11-09 00:30:00+00:00,92.42,87.39,59.9
2025-11-09 00:45:00+00:00,90.41,85.62,59.49
2025-11-09 01:00:00+00:00,95.08,89.64,60.1
2025-11-09 01:15:00+00:00,93.77,87.69,54.67
2025-11-09 01:30:00+00:00,92.07,86.09,53.6
2025-11-09 01:45:00+00:00,90.41,84.66,53.43
2025-11-09 02:00:00+00:00,91.52,85.64,53.6
2025-11-09 02:15:00+00:00,90.4,84.67,53.43
2025-11-09 02:30:00+00:00,89.99,84.34,53.59
2025-11-09 02:45:00+00:00,92.62,85.59,47.31
2025-11-09 03:00:00+00:00,90.49,84.78,52.74
2025-11-09 03:15:00+00:00,91.42,84.92,48.48
2025-11-09 03:30:00+00:00,90.98,85.22,52.9
2025-11-09 03:45:00+00:00,93.7,87.2,50.74
2025-11-09 04:00:00+00:00,91.83,86.29,55.36
2025-11-09 04:15:00+00:00,91.3,85.78,55.0
2025-11-09 04:30:00+00:00,93.2,87.17,53.51
2025-11-09 04:45:00+00:00,90.41,84.97,54.61
2025-11-09 05:00:00+00:00,90.18,85.48,55.52
2025-11-09 05:15:00+00:00,89.14,84.65,56.07
2025-11-09 05:30:00+00:00,90.4,86.92,64.68
2025-11-09 05:45:00+00:00,90.03,86.9,66.95
2025-11-09 06:00:00+00:00,89.97,86.65,66.16
2025-11-09 06:15:00+00:00,84.97,83.04,71.23
2025-11-09 06:30:00+00:00,88.56,86.97,77.26
2025-11-09 06:45:00+00:00,90.96,88.75,75.01
2025-11-09 07:00:00+00:00,93.75,92.12,80.68
2025-11-09 07:15:00+00:00,100.09,96.25,72.0
2025-11-09 07:30:00+00:00,98.75,94.22,65.64
2025-11-09 07:45:00+00:00,96.5,90.58,53.22
2025-11-09 08:00:00+00:00,101.01,96.88,71.81
2025-11-09 08:15:00+00:00,98.91,91.6,47.25
2025-11-09 08:30:00+00:00,96.23,90.33,54.51
2025-11-09 08:45:00+00:00,94.32,85.24,30.17
2025-11-09 09:00:00+00:00,99.49,94.27,62.96
2025-11-09 09:15:00+00:00,96.05,87.88,38.83
2025-11-09 09:30:00+00:00,97.19,89.76,45.15
2025-11-09 09:45:00+00:00,95.4,85.19,23.86
2025-11-09 10:00:00+00:00,99.69,93.58,56.63
2025-11-09 10:15:00+00:00,98.45,90.15,39.99
2025-11-09 10:30:00+00:00,96.33,87.67,35.31
2025-11-09 10:45:00+00:00,94.75,85.7,30.99
2025-11-09 11:00:00+00:00,98.79,90.64,37.99
2025-11-09 11:15:00+00:00,97.63,88.3,28.0
2025-11-09 11:30:00+00:00,96.69,91.64,59.01
2025-11-09 11:45:00+00:00,98.24,90.3,38.96
2025-11-09 12:00:00+00:00,99.38,92.51,50.8
2025-11-09 12:15:00+00:00,98.78,90.06,37.06
2025-11-09 12:30:00+00:00,93.88,81.53,5.02
2025-11-09 12:45:00+00:00,93.57,81.08,3.52
2025-11-09 13:00:00+00:00,93.93,80.91,3.38
2025-11-09 13:15:00+00:00,93.71,80.79,3.52
2025-11-09 13:30:00+00:00,98.58,85.31,5.28
2025-11-09 13:45:00+00:00,103.04,95.44,49.0
2025-11-09 14:00:00+00:00,89.97,80.51,20.65
2025-11-09 14:15:00+00:00,97.24,90.45,46.76
2025-11-09 14:30:00+00:00,99.87,91.04,35.02
2025-11-09 14:45:00+00:00,104.1,98.11,57.23
2025-11-09 15:00:00+00:00,102.66,92.74,31.11
2025-11-09 15:15:00+00:00,109.6,101.91,53.2
2025-11-09 15:30:00+00:00,112.63,105.94,61.47
2025-11-09 15:45:00+00:00,114.5,110.82,81.52
2025-11-09 16:00:00+00:00,112.92,107.97,72.0
2025-11-09 16:15:00+00:00,124.24,118.29,78.81
2025-11-09 16:30:00+00:00,130.73,124.59,85.53
2025-11-09 16:45:00+00:00,132.51,128.2,100.83
2025-11-09 17:00:00+00:00,125.56,120.17,85.0
2025-11-09 17:15:00+00:00,127.51,122.77,91.69
2025-11-09 17:30:00+00:00,126.71,123.11,98.66
2025-11-09 17:45:00+00:00,124.62,122.11,104.67
2025-11-09 18:00:00+00:00,122.09,120.25,104.92
2025-11-09 18:15:00+00:00,121.36,119.7,106.61
2025-11-09 18:30:00+00:00,114.5,113.59,104.92
2025-11-09 18:45:00+00:00,113.87,111.62,94.43
2025-11-09 19:00:00+00:00,115.16,114.74,112.55
2025-11-09 19:15:00+00:00,116.18,112.01,85.69
2025-11-09 19:30:00+00:00,102.88,98.81,75.97
2025-11-09 19:45:00+00:00,89.78,85.38,64.19
2025-11-09 20:00:00+00:00,102.84,99.37,78.03
2025-11-09 20:15:00+00:00,89.97,85.92,67.0
2025-11-09 20:30:00+00:00,93.05,92.42,89.65
2025-11-09 20:45:00+00:00,88.29,85.9,74.74
2025-11-09 21:00:00+00:00,102.83,99.3,78.34
2025-11-09 21:15:00+00:00,93.83,92.11,82.66
2025-11-09 21:30:00+00:00,89.5,88.78,87.24
2025-11-09 21:45:00+00:00,83.1,81.89,78.02
2025-11-09 22:00:00+00:00,95.11,91.63,69.99
2025-11-09 22:15:00+00:00,89.53,85.74,62.22
2025-11-09 22:30:00+00:00,89.49,87.64,76.09
2025-11-09 22:45:00+00:00,85.59,82.5,62.88
2025-11-09 23:00:00+00:00,92.38,87.68,63.57
2025-11-09 23:15:00+00:00,89.98,87.02,71.85
2025-11-09 23:30:00+00:00,87.4,76.94,23.2
2025-11-09 23:45:00+00:00,86.16,74.37,13.74
2025-11-10 00:00:00+00:00,88.71,82.14,51.04
2025-11-10 00:15:00+00:00,88.46,79.63,37.82
2025-11-10 00:30:00+00:00,86.43,76.45,29.17
2025-11-10 00:45:00+00:00,86.94,75.82,23.17
2025-11-10 01:00:00+00:00,90.65,83.95,49.98
2025-11-10 01:15:00+00:00,89.6,79.06,25.65
2025-11-10 01:30:00+00:00,88.25,78.92,31.61
2025-11-10 01:45:00+00:00,87.11,75.61,17.29
2025-11-10 02:00:00+00:00,88.17,78.06,27.62
2025-11-10 02:15:00+00:00,87.27,76.78,24.44
2025-11-10 02:30:00+00:00,87.63,77.79,28.73
2025-11-10 02:45:00+00:00,87.02,75.94,20.67
2025-11-10 03:00:00+00:00,85.32,75.15,23.08
2025-11-10 03:15:00+00:00,85.05,75.33,25.56
2025-11-10 03:30:00+00:00,87.02,76.91,25.13
2025-11-10 03:45:00+00:00,91.32,81.2,29.54
2025-11-10 04:00:00+00:00,86.07,75.31,17.66
2025-11-10 04:15:00+00:00,86.54,77.78,30.83
2025-11-10 04:30:00+00:00,94.57,84.52,30.62
2025-11-10 04:45:00+00:00,102.07,90.43,28.06
2025-11-10 05:00:00+00:00,88.27,71.86,47.11
2025-11-10 05:15:00+00:00,103.37,81.62,66.43
2025-11-10 05:30:00+00:00,122.25,102.42,63.76
2025-11-10 05:45:00+00:00,139.92,132.72,81.34
2025-11-10 06:00:00+00:00,125.13,87.85,64.94
2025-11-10 06:15:00+00:00,140.93,120.59,75.85
2025-11-10 06:30:00+00:00,149.45,133.19,81.46
2025-11-10 06:45:00+00:00,156.47,141.04,67.74
2025-11-10 07:00:00+00:00,176.4,151.89,77.64
2025-11-10 07:15:00+00:00,159.14,134.91,61.51
2025-11-10 07:30:00+00:00,156.15,134.87,70.37
2025-11-10 07:45:00+00:00,139.81,113.16,43.1
2025-11-10 08:00:00+00:00,175.95,156.02,93.84
2025-11-10 08:15:00+00:00,146.07,127.66,70.22
2025-11-10 08:30:00+00:00,132.6,110.89,43.19
2025-11-10 08:45:00+00:00,122.57,100.94,33.48
2025-11-10 09:00:00+00:00,145.7,128.27,38.55
2025-11-10 09:15:00+00:00,127.54,99.8,23.75
2025-11-10 09:30:00+00:00,123.34,88.23,21.3
2025-11-10 09:45:00+00:00,108.51,67.71,31.84
2025-11-10 10:00:00+00:00,122.57,109.21,36.18
2025-11-10 10:15:00+00:00,117.76,89.64,37.0
2025-11-10 10:30:00+00:00,111.81,84.01,35.03
2025-11-10 10:45:00+00:00,108.84,73.14,34.5
2025-11-10 11:00:00+00:00,109.43,99.96,40.0
2025-11-10 11:15:00+00:00,107.39,88.07,37.0
2025-11-10 11:30:00+00:00,102.83,86.83,38.85
2025-11-10 11:45:00+00:00,104.04,89.83,35.03
2025-11-10 12:00:00+00:00,107.91,82.56,35.03
2025-11-10 12:15:00+00:00,107.08,87.1,34.2
2025-11-10 12:30:00+00:00,105.47,94.4,29.0
2025-11-10 12:45:00+00:00,113.18,100.62,25.77
2025-11-10 13:00:00+00:00,102.38,81.32,28.04
2025-11-10 13:15:00+00:00,104.13,93.38,32.4
2025-11-10 13:30:00+00:00,118.62,107.53,34.2
2025-11-10 13:45:00+00:00,137.13,123.18,36.48
2025-11-10 14:00:00+00:00,102.85,95.32,40.0
2025-11-10 14:15:00+00:00,110.52,103.85,49.0
2025-11-10 14:30:00+00:00,128.94,119.82,50.0
2025-11-10 14:45:00+00:00,162.7,148.49,52.07
2025-11-10 15:00:00+00:00,125.11,116.19,45.0
2025-11-10 15:15:00+00:00,129.52,121.47,56.0
2025-11-10 15:30:00+00:00,131.96,125.62,63.07
2025-11-10 15:45:00+00:00,146.83,138.97,64.01
2025-11-10 16:00:00+00:00,146.44,135.33,62.53
2025-11-10 16:15:00+00:00,146.3,133.75,50.67
2025-11-10 16:30:00+00:00,136.77,128.37,67.73
2025-11-10 16:45:00+00:00,128.1,122.54,77.37
2025-11-10 17:00:00+00:00,154.37,140.97,64.49
2025-11-10 17:15:00+00:00,130.56,122.51,70.03
2025-11-10 17:30:00+00:00,103.39,100.74,83.42
2025-11-10 17:45:00+00:00,94.58,94.58,93.26
2025-11-10 18:00:00+00:00,133.08,123.81,99.32
2025-11-10 18:15:00+00:00,102.11,99.27,87.43
2025-11-10 18:30:00+00:00,90.58,89.11,78.12
2025-11-10 18:45:00+00:00,88.88,88.17,82.05
2025-11-10 19:00:00+00:00,89.7,89.7,75.05
2025-11-10 19:15:00+00:00,96.4,94.14,72.48
2025-11-10 19:30:00+00:00,88.44,85.17,63.14
2025-11-10 19:45:00+00:00,85.9,83.8,70.06
2025-11-10 20:00:00+00:00,94.0,90.06,70.62
2025-11-10 20:15:00+00:00,87.63,85.13,72.67
2025-11-10 20:30:00+00:00,88.63,83.23,54.99
2025-11-10 20:45:00+00:00,85.69,81.9,62.4
2025-11-10 21:00:00+00:00,92.18,88.27,66.0
2025-11-10 21:15:00+00:00,89.59,85.24,61.93
2025-11-10 21:30:00+00:00,85.9,80.79,50.01
2025-11-10 21:45:00+00:00,85.9,79.52,40.72
2025-11-10 22:00:00+00:00,92.91,86.01,43.56
2025-11-10 22:15:00+00:00,85.62,78.82,40.25
2025-11-10 22:30:00+00:00,81.24,77.38,54.89
2025-11-10 22:45:00+00:00,75.71,69.14,26.0
2025-11-10 23:00:00+00:00,89.65,88.42,85.51
2025-11-10 23:15:00+00:00,86.47,82.01,57.2
2025-11-10 23:30:00+00:00,78.38,68.87,15.86
2025-11-10 23:45:00+00:00,78.26,66.84,0.1
2025-11-11 00:00:00+00:00,88.86,84.09,58.64
2025-11-11 00:15:00+00:00,80.93,72.6,23.9
2025-11-11 00:30:00+00:00,76.54,71.16,43.39
2025-11-11 00:45:00+00:00,73.6,63.45,7.03
2025-11-11 01:00:00+00:00,77.65,72.13,43.17
2025-11-11 01:15:00+00:00,76.9,69.67,29.42
2025-11-11 01:30:00+00:00,74.5,68.74,39.09
2025-11-11 01:45:00+00:00,74.16,66.86,31.14
2025-11-11 02:00:00+00:00,73.04,66.68,35.09
2025-11-11 02:15:00+00:00,75.86,69.35,36.29
2025-11-11 02:30:00+00:00,76.4,68.4,25.56
2025-11-11 02:45:00+00:00,74.18,65.83,22.03
2025-11-11 03:00:00+00:00,73.51,65.85,24.45
2025-11-11 03:15:00+00:00,75.37,65.98,12.3
2025-11-11 03:30:00+00:00,75.94,67.01,17.05
2025-11-11 03:45:00+00:00,77.16,70.04,32.56
2025-11-11 04:00:00+00:00,70.72,63.07,24.37
2025-11-11 04:15:00+00:00,76.63,66.8,18.16
2025-11-11 04:30:00+00:00,76.92,68.01,28.52
2025-11-11 04:45:00+00:00,84.02,74.33,31.12
2025-11-11 05:00:00+00:00,74.61,66.61,30.45
2025-11-11 05:15:00+00:00,77.76,68.57,28.31
2025-11-11 05:30:00+00:00,88.88,78.44,30.32
2025-11-11 05:45:00+00:00,105.9,91.07,18.46
2025-11-11 06:00:00+00:00,97.03,85.59,28.46
2025-11-11 06:15:00+00:00,103.94,90.29,20.5
2025-11-11 06:30:00+00:00,109.38,96.32,28.59
2025-11-11 06:45:00+00:00,110.49,94.24,9.59
2025-11-11 07:00:00+00:00,119.64,106.69,34.65
2025-11-11 07:15:00+00:00,115.42,100.86,15.77
2025-11-11 07:30:00+00:00,113.56,100.17,25.01
2025-11-11 07:45:00+00:00,106.57,92.28,5.99
2025-11-11 08:00:00+00:00,115.76,107.84,32.89
2025-11-11 08:15:00+00:00,98.64,95.21,13.53
2025-11-11 08:30:00+00:00,103.62,96.41,15.02
2025-11-11 08:45:00+00:00,94.44,84.54,0.08
2025-11-11 09:00:00+00:00,106.39,103.76,31.68
2025-11-11 09:15:00+00:00,90.83,87.87,14.39
2025-11-11 09:30:00+00:00,85.99,83.85,5.0
2025-11-11 09:45:00+00:00,82.68,76.83,1.2
2025-11-11 10:00:00+00:00,93.08,88.8,12.64
2025-11-11 10:15:00+00:00,88.87,83.75,12.2
2025-11-11 10:30:00+00:00,85.91,81.03,10.0
2025-11-11 10:45:00+00:00,83.83,76.82,7.96
2025-11-11 11:00:00+00:00,85.41,74.37,11.82
2025-11-11 11:15:00+00:00,83.58,72.91,12.42
2025-11-11 11:30:00+00:00,85.29,74.99,16.57
2025-11-11 11:45:00+00:00,92.36,80.16,11.01
2025-11-11 12:00:00+00:00,84.06,72.86,10.0
2025-11-11 12:15:00+00:00,86.7,75.22,10.8
2025-11-11 12:30:00+00:00,90.43,77.95,7.96
2025-11-11 12:45:00+00:00,98.53,84.52,5.9
2025-11-11 13:00:00+00:00,87.43,73.92,3.0
2025-11-11 13:15:00+00:00,94.24,79.8,3.53
2025-11-11 13:30:00+00:00,104.77,88.82,5.11
2025-11-11 13:45:00+00:00,118.5,101.29,10.9
2025-11-11 14:00:00+00:00,97.75,83.22,11.0
2025-11-11 14:15:00+00:00,117.05,99.03,10.2
2025-11-11 14:30:00+00:00,136.58,115.76,13.27
2025-11-11 14:45:00+00:00,145.72,123.98,16.79
2025-11-11 15:00:00+00:00,128.59,110.5,15.01
2025-11-11 15:15:00+00:00,141.12,122.22,22.38
2025-11-11 15:30:00+00:00,148.68,130.24,32.74
2025-11-11 15:45:00+00:00,153.9,133.6,26.41
2025-11-11 16:00:00+00:00,147.63,129.77,25.97
2025-11-11 16:15:00+00:00,149.49,132.33,32.53
2025-11-11 16:30:00+00:00,143.6,127.76,35.43
2025-11-11 16:45:00+00:00,132.31,121.22,55.83
2025-11-11 17:00:00+00:00,137.35,122.45,40.18
2025-11-11 17:15:00+00:00,122.31,111.85,62.13
2025-11-11 17:30:00+00:00,107.44,96.17,42.28
2025-11-11 17:45:00+00:00,92.89,85.75,55.83
2025-11-11 18:00:00+00:00,112.69,100.1,43.46
2025-11-11 18:15:00+00:00,96.44,84.06,32.4
2025-11-11 18:30:00+00:00,105.18,91.49,30.37
2025-11-11 18:45:00+00:00,105.82,88.27,5.48
2025-11-11 19:00:00+00:00,106.87,94.71,35.29
2025-11-11 19:15:00+00:00,103.73,89.59,18.0
2025-11-11 19:30:00+00:00,96.9,84.47,21.59
2025-11-11 19:45:00+00:00,85.2,73.72,16.15
2025-11-11 20:00:00+00:00,106.94,93.21,20.71
2025-11-11 20:15:00+00:00,96.91,84.13,18.02
2025-11-11 20:30:00+00:00,94.43,81.8,15.24
2025-11-11 20:45:00+00:00,87.25,74.08,3.97
2025-11-11 21:00:00+00:00,116.38,98.86,0.0
2025-11-11 21:15:00+00:00,94.56,81.58,15.52
2025-11-11 21:30:00+00:00,85.91,77.24,36.79
2025-11-11 21:45:00+00:00,71.39,62.31,20.64
2025-11-11 22:00:00+00:00,89.78,78.14,20.63
2025-11-11 22:15:00+00:00,79.84,68.63,12.36
2025-11-11 22:30:00+00:00,74.29,66.31,28.97
2025-11-11 22:45:00+00:00,58.09,49.67,13.57
2025-11-11 23:00:00+00:00,88.54,83.98,50.0
2025-11-11 23:15:00+00:00,76.66,69.26,43.27
2025-11-11 23:30:00+00:00,68.23,60.89,17.2
2025-11-11 23:45:00+00:00,66.48,54.66,3.08
2025-11-12 00:00:00+00:00,76.38,65.89,24.93
2025-11-12 00:15:00+00:00,69.06,60.38,17.43
2025-11-12 00:30:00+00:00,62.55,55.37,16.43
2025-11-12 00:45:00+00:00,65.27,52.32,16.04
2025-11-12 01:00:00+00:00,65.4,58.01,17.65
2025-11-12 01:15:00+00:00,64.06,56.44,16.6
2025-11-12 01:30:00+00:00,67.0,54.19,14.81
2025-11-12 01:45:00+00:00,61.18,51.13,14.01
2025-11-12 02:00:00+00:00,65.51,55.27,14.54
2025-11-12 02:15:00+00:00,62.12,52.69,14.17
2025-11-12 02:30:00+00:00,60.97,50.73,11.1
2025-11-12 02:45:00+00:00,61.0,49.95,9.22
2025-11-12 03:00:00+00:00,60.89,47.04,9.89
2025-11-12 03:15:00+00:00,63.22,46.02,8.78
2025-11-12 03:30:00+00:00,63.78,46.44,7.3
2025-11-12 03:45:00+00:00,61.31,46.85,10.87
2025-11-12 04:00:00+00:00,63.99,47.41,14.0
2025-11-12 04:15:00+00:00,66.28,47.94,14.43
2025-11-12 04:30:00+00:00,74.12,58.98,14.81
2025-11-12 04:45:00+00:00,72.81,57.71,14.68
2025-11-12 05:00:00+00:00,59.39,41.03,20.79
2025-11-12 05:15:00+00:00,77.21,55.41,34.0
2025-11-12 05:30:00+00:00,76.4,61.66,43.98
2025-11-12 05:45:00+00:00,94.99,81.88,51.52
2025-11-12 06:00:00+00:00,105.94,99.8,52.0
2025-11-12 06:15:00+00:00,107.55,103.12,53.26
2025-11-12 06:30:00+00:00,110.46,104.94,51.94
2025-11-12 06:45:00+00:00,105.09,99.47,52.24
2025-11-12 07:00:00+00:00,134.39,125.75,60.0
2025-11-12 07:15:00+00:00,109.73,103.17,51.76
2025-11-12 07:30:00+00:00,103.55,96.71,44.7
2025-11-12 07:45:00+00:00,55.22,55.0,25.37
2025-11-12 08:00:00+00:00,107.02,116.95,23.83
2025-11-12 08:15:00+00:00,83.19,83.19,14.02
2025-11-12 08:30:00+00:00,71.36,71.36,5.0
2025-11-12 08:45:00+00:00,50.88,50.88,3.52
2025-11-12 09:00:00+00:00,88.59,91.91,3.52
2025-11-12 09:15:00+00:00,72.2,72.2,3.52
2025-11-12 09:30:00+00:00,70.99,63.04,1.15
2025-11-12 09:45:00+00:00,54.33,48.53,0.16
2025-11-12 10:00:00+00:00,72.22,63.81,0.01
2025-11-12 10:15:00+00:00,58.88,51.0,0.0
2025-11-12 10:30:00+00:00,55.06,48.79,0.0
2025-11-12 10:45:00+00:00,53.86,48.03,0.0
2025-11-12 11:00:00+00:00,52.5,47.16,2.08
2025-11-12 11:15:00+00:00,54.12,47.94,9.84
2025-11-12 11:30:00+00:00,58.91,52.44,11.97
2025-11-12 11:45:00+00:00,71.01,62.85,9.23
2025-11-12 12:00:00+00:00,53.0,47.8,2.89
2025-11-12 12:15:00+00:00,64.83,57.63,0.85
2025-11-12 12:30:00+00:00,83.87,73.82,0.65
2025-11-12 12:45:00+00:00,93.37,82.02,0.65
2025-11-12 13:00:00+00:00,61.48,61.48,0.65
2025-11-12 13:15:00+00:00,57.24,57.24,0.66
2025-11-12 13:30:00+00:00,80.0,80.0,1.55
2025-11-12 13:45:00+00:00,122.98,122.98,8.75
2025-11-12 14:00:00+00:00,65.85,65.85,3.75
2025-11-12 14:15:00+00:00,92.64,89.7,8.25
2025-11-12 14:30:00+00:00,127.0,112.55,11.97
2025-11-12 14:45:00+00:00,134.39,131.73,16.3
2025-11-12 15:00:00+00:00,100.0,88.95,6.78
2025-11-12 15:15:00+00:00,114.0,102.39,14.94
2025-11-12 15:30:00+00:00,116.0,105.03,16.43
2025-11-12 15:45:00+00:00,124.5,114.36,26.46
2025-11-12 16:00:00+00:00,117.21,107.69,31.62
2025-11-12 16:15:00+00:00,115.99,108.98,50.0
2025-11-12 16:30:00+00:00,119.0,110.01,40.5
2025-11-12 16:45:00+00:00,109.38,100.81,33.49
2025-11-12 17:00:00+00:00,115.99,106.22,24.9
2025-11-12 17:15:00+00:00,109.9,103.85,52.17
2025-11-12 17:30:00+00:00,99.05,94.05,46.91
2025-11-12 17:45:00+00:00,94.53,92.01,61.4
2025-11-12 18:00:00+00:00,99.35,95.17,53.07
2025-11-12 18:15:00+00:00,87.42,85.1,53.91
2025-11-12 18:30:00+00:00,87.21,82.29,35.47
2025-11-12 18:45:00+00:00,81.73,75.24,18.62
2025-11-12 19:00:00+00:00,85.5,84.81,10.67
2025-11-12 19:15:00+00:00,84.81,81.52,22.36
2025-11-12 19:30:00+00:00,86.03,82.25,45.94
2025-11-12 19:45:00+00:00,67.44,68.22,5.02
2025-11-12 20:00:00+00:00,106.53,94.67,21.73
2025-11-12 20:15:00+00:00,86.02,75.64,15.13
2025-11-12 20:30:00+00:00,63.0,57.62,32.23
2025-11-12 20:45:00+00:00,52.07,46.17,4.39
2025-11-12 21:00:00+00:00,102.13,93.71,35.23
2025-11-12 21:15:00+00:00,79.43,72.25,31.64
2025-11-12 21:30:00+00:00,64.63,59.68,35.75
2025-11-12 21:45:00+00:00,55.99,51.99,32.21
2025-11-12 22:00:00+00:00,73.57,65.58,28.68
2025-11-12 22:15:00+00:00,64.53,60.85,20.59
2025-11-12 22:30:00+00:00,51.41,51.44,30.35
2025-11-12 22:45:00+00:00,38.23,38.25,18.37
2025-11-12 23:00:00+00:00,44.57,40.85,31.65
2025-11-12 23:15:00+00:00,36.24,33.22,23.25
2025-11-12 23:30:00+00:00,30.88,28.47,21.62
2025-11-12 23:45:00+00:00,19.98,17.05,20.0
2025-11-13 00:00:00+00:00,25.37,23.5,25.0
2025-11-13 00:15:00+00:00,19.03,17.13,22.6
2025-11-13 00:30:00+00:00,17.26,15.31,20.82
2025-11-13 00:45:00+00:00,14.23,12.28,17.81
2025-11-13 01:00:00+00:00,14.2,11.66,17.81
2025-11-13 01:15:00+00:00,13.36,11.14,16.88
2025-11-13 01:30:00+00:00,9.25,6.32,12.72
2025-11-13 01:45:00+00:00,7.94,5.28,11.38
2025-11-13 02:00:00+00:00,8.57,5.77,13.17
2025-11-13 02:15:00+00:00,8.09,5.08,11.93
2025-11-13 02:30:00+00:00,7.91,5.09,11.48
2025-11-13 02:45:00+00:00,6.55,3.6,10.0
2025-11-13 03:00:00+00:00,5.64,3.25,8.51
2025-11-13 03:15:00+00:00,5.63,2.53,8.41
2025-11-13 03:30:00+00:00,5.63,3.97,10.99
2025-11-13 03:45:00+00:00,7.1,6.9,14.6
2025-11-13 04:00:00+00:00,9.18,5.95,12.0
2025-11-13 04:15:00+00:00,15.63,12.56,16.9
2025-11-13 04:30:00+00:00,32.1,28.54,17.55
2025-11-13 04:45:00+00:00,46.98,43.48,18.98
2025-11-13 05:00:00+00:00,33.77,27.52,18.81
2025-11-13 05:15:00+00:00,54.99,46.71,22.79
2025-11-13 05:30:00+00:00,57.17,50.63,35.0
2025-11-13 05:45:00+00:00,57.61,53.41,41.64
2025-11-13 06:00:00+00:00,56.18,53.41,42.8
2025-11-13 06:15:00+00:00,85.02,77.88,45.0
2025-11-13 06:30:00+00:00,86.11,78.39,47.0
2025-11-13 06:45:00+00:00,80.07,80.07,48.67
2025-11-13 07:00:00+00:00,85.29,85.32,54.74
2025-11-13 07:15:00+00:00,67.91,81.95,50.0
2025-11-13 07:30:00+00:00,51.65,98.02,50.0
2025-11-13 07:45:00+00:00,59.48,81.95,45.26
2025-11-13 08:00:00+00:00,58.79,138.0,47.45
2025-11-13 08:15:00+00:00,56.76,99.01,45.0
2025-11-13 08:30:00+00:00,50.6,80.72,43.28
2025-11-13 08:45:00+00:00,48.29,72.07,36.39
2025-11-13 09:00:00+00:00,58.51,112.8,35.1
2025-11-13 09:15:00+00:00,50.4,84.4,34.26
2025-11-13 09:30:00+00:00,47.59,74.53,29.6
2025-11-13 09:45:00+00:00,44.79,72.55,22.6
2025-11-13 10:00:00+00:00,47.25,75.84,22.6
2025-11-13 10:15:00+00:00,36.95,75.1,22.22
2025-11-13 10:30:00+00:00,40.07,85.24,21.97
2025-11-13 10:45:00+00:00,47.57,100.1,20.0
2025-11-13 11:00:00+00:00,42.05,72.35,22.43
2025-11-13 11:15:00+00:00,46.86,75.02,27.42
2025-11-13 11:30:00+00:00,51.23,94.0,31.9
2025-11-13 11:45:00+00:00,52.22,110.46,30.25
2025-11-13 12:00:00+00:00,50.41,72.4,29.36
2025-11-13 12:15:00+00:00,52.21,82.7,25.44
2025-11-13 12:30:00+00:00,68.01,105.1,20.0
2025-11-13 12:45:00+00:00,71.66,135.8,20.0
2025-11-13 13:00:00+00:00,48.49,79.62,20.0
2025-11-13 13:15:00+00:00,64.37,92.52,22.22
2025-11-13 13:30:00+00:00,80.27,101.6,22.43
2025-11-13 13:45:00+00:00,116.21,106.27,37.33
2025-11-13 14:00:00+00:00,66.94,72.36,23.25
2025-11-13 14:15:00+00:00,85.44,81.64,25.67
2025-11-13 14:30:00+00:00,118.21,107.67,32.85
2025-11-13 14:45:00+00:00,136.07,135.15,47.27
2025-11-13 15:00:00+00:00,75.35,67.59,35.0
2025-11-13 15:15:00+00:00,118.17,104.73,35.0
2025-11-13 15:30:00+00:00,129.6,115.58,42.1
2025-11-13 15:45:00+00:00,122.93,191.3,43.28
2025-11-13 16:00:00+00:00,114.95,104.85,42.1
2025-11-13 16:15:00+00:00,128.49,117.59,44.0
2025-11-13 16:30:00+00:00,134.41,123.02,45.4
2025-11-13 16:45:00+00:00,142.55,130.67,48.67
2025-11-13 17:00:00+00:00,125.67,115.96,48.67
2025-11-13 17:15:00+00:00,128.47,118.5,50.0
2025-11-13 17:30:00+00:00,134.35,124.33,54.87
2025-11-13 17:45:00+00:00,138.72,129.06,62.3
2025-11-13 18:00:00+00:00,132.32,122.41,55.0
2025-11-13 18:15:00+00:00,130.57,120.79,54.48
2025-11-13 18:30:00+00:00,130.15,120.24,53.01
2025-11-13 18:45:00+00:00,126.51,116.56,50.0
2025-11-13 19:00:00+00:00,122.99,110.65,50.0
2025-11-13 19:15:00+00:00,107.94,97.81,50.0
2025-11-13 19:30:00+00:00,102.16,94.01,49.91
2025-11-13 19:45:00+00:00,114.29,104.91,45.44
2025-11-13 20:00:00+00:00,131.32,119.15,42.05
2025-11-13 20:15:00+00:00,123.82,112.93,44.1
2025-11-13 20:30:00+00:00,111.33,100.33,31.44
2025-11-13 20:45:00+00:00,99.96,88.21,14.98
2025-11-13 21:00:00+00:00,127.32,114.63,40.0
2025-11-13 21:15:00+00:00,114.18,102.49,33.45
2025-11-13 21:30:00+00:00,103.83,93.15,30.0
2025-11-13 21:45:00+00:00,97.01,87.38,30.05
2025-11-13 22:00:00+00:00,117.09,105.1,28.57
2025-11-13 22:15:00+00:00,109.52,98.06,24.7
2025-11-13 22:30:00+00:00,100.01,89.2,20.0
2025-11-13 22:45:00+00:00,84.47,75.49,17.55
2025-11-13 23:00:00+00:00,97.96,87.78,22.81
2025-11-13 23:15:00+00:00,94.94,85.18,22.68
2025-11-13 23:30:00+00:00,101.3,89.61,15.2
2025-11-13 23:45:00+00:00,99.57,88.35,16.9
2025-11-14 00:00:00+00:00,96.96,86.75,22.55
2025-11-14 00:15:00+00:00,91.72,82.04,20.9
2025-11-14 00:30:00+00:00,98.89,87.71,17.64
2025-11-14 00:45:00+00:00,95.64,84.81,16.68
2025-11-14 01:00:00+00:00,98.65,86.64,15.05
2025-11-14 01:15:00+00:00,97.3,85.31,13.73
2025-11-14 01:30:00+00:00,97.09,84.66,10.49
2025-11-14 01:45:00+00:00,86.69,76.01,11.64
2025-11-14 02:00:00+00:00,90.79,79.96,12.74
2025-11-14 02:15:00+00:00,89.83,78.75,10.0
2025-11-14 02:30:00+00:00,90.62,79.02,7.19
2025-11-14 02:45:00+00:00,94.88,82.45,5.77
2025-11-14 03:00:00+00:00,88.83,76.72,5.33
2025-11-14 03:15:00+00:00,90.07,77.86,5.11
2025-11-14 03:30:00+00:00,93.05,80.5,5.11
2025-11-14 03:45:00+00:00,96.57,83.6,5.71
2025-11-14 04:00:00+00:00,95.69,82.87,7.96
2025-11-14 04:15:00+00:00,92.08,80.06,9.24
2025-11-14 04:30:00+00:00,86.08,75.02,13.38
2025-11-14 04:45:00+00:00,92.56,79.07,14.88
2025-11-14 05:00:00+00:00,97.64,84.36,12.7
2025-11-14 05:15:00+00:00,113.1,97.89,13.66
2025-11-14 05:30:00+00:00,112.87,93.53,15.71
2025-11-14 05:45:00+00:00,127.5,111.98,22.68
2025-11-14 06:00:00+00:00,131.0,113.94,30.0
2025-11-14 06:15:00+00:00,140.0,119.73,21.45
2025-11-14 06:30:00+00:00,139.99,122.66,30.05
2025-11-14 06:45:00+00:00,142.4,124.26,28.68
2025-11-14 07:00:00+00:00,153.68,135.9,30.23
2025-11-14 07:15:00+00:00,140.31,125.95,41.68
2025-11-14 07:30:00+00:00,132.54,118.17,36.86
2025-11-14 07:45:00+00:00,119.01,106.39,29.39
2025-11-14 08:00:00+00:00,134.74,120.82,38.0
2025-11-14 08:15:00+00:00,121.93,109.19,33.36
2025-11-14 08:30:00+00:00,119.9,105.2,17.7
2025-11-14 08:45:00+00:00,107.04,94.38,19.06
2025-11-14 09:00:00+00:00,122.8,109.81,27.77
2025-11-14 09:15:00+00:00,115.64,101.48,12.09
2025-11-14 09:30:00+00:00,106.17,92.81,8.4
2025-11-14 09:45:00+00:00,103.5,90.77,10.42
2025-11-14 10:00:00+00:00,110.37,97.87,20.15
2025-11-14 10:15:00+00:00,106.29,94.6,21.92
2025-11-14 10:30:00+00:00,105.23,92.99,16.9
2025-11-14 10:45:00+00:00,102.25,90.41,16.79
2025-11-14 11:00:00+00:00,102.1,91.38,21.0
2025-11-14 11:15:00+00:00,100.0,89.7,21.84
2025-11-14 11:30:00+00:00,99.55,89.41,22.55
2025-11-14 11:45:00+00:00,103.25,92.13,18.73
2025-11-14 12:00:00+00:00,102.19,91.02,17.74
2025-11-14 12:15:00+00:00,101.52,90.48,16.9
2025-11-14 12:30:00+00:00,105.28,93.85,16.9
2025-11-14 12:45:00+00:00,112.7,99.94,16.79
2025-11-14 13:00:00+00:00,103.69,92.16,16.79
2025-11-14 13:15:00+00:00,110.7,98.92,20.56
2025-11-14 13:30:00+00:00,101.27,92.37,22.81
2025-11-14 13:45:00+00:00,112.59,102.81,23.07
2025-11-14 14:00:00+00:00,112.71,98.76,22.85
2025-11-14 14:15:00+00:00,107.77,96.96,23.2
2025-11-14 14:30:00+00:00,117.26,105.89,24.43
2025-11-14 14:45:00+00:00,123.83,112.08,25.0
2025-11-14 15:00:00+00:00,117.04,102.65,20.05
2025-11-14 15:15:00+00:00,124.91,109.7,21.23
2025-11-14 15:30:00+00:00,106.9,98.81,27.09
2025-11-14 15:45:00+00:00,115.01,107.81,39.31
2025-11-14 16:00:00+00:00,135.55,114.65,13.01
2025-11-14 16:15:00+00:00,134.26,115.41,24.51
2025-11-14 16:30:00+00:00,130.94,116.57,50.52
2025-11-14 16:45:00+00:00,125.53,112.61,52.82
2025-11-14 17:00:00+00:00,121.17,96.08,51.24
2025-11-14 17:15:00+00:00,106.01,89.32,52.82
2025-11-14 17:30:00+00:00,117.06,85.0,55.68
2025-11-14 17:45:00+00:00,135.0,89.2,60.0
2025-11-14 18:00:00+00:00,124.96,91.62,60.95
2025-11-14 18:15:00+00:00,102.29,81.21,62.02
2025-11-14 18:30:00+00:00,100.0,82.48,55.54
2025-11-14 18:45:00+00:00,98.71,88.88,52.3
2025-11-14 19:00:00+00:00,101.25,91.38,60.21
2025-11-14 19:15:00+00:00,94.69,87.03,55.68
2025-11-14 19:30:00+00:00,98.42,85.8,38.86
2025-11-14 19:45:00+00:00,101.3,85.31,25.53
2025-11-14 20:00:00+00:00,102.7,89.32,34.65
2025-11-14 20:15:00+00:00,89.06,76.17,33.1
2025-11-14 20:30:00+00:00,92.94,80.22,32.99
2025-11-14 20:45:00+00:00,87.95,76.71,32.29
2025-11-14 21:00:00+00:00,103.2,90.78,34.84
2025-11-14 21:15:00+00:00,101.22,89.9,39.22
2025-11-14 21:30:00+00:00,99.72,90.1,41.22
2025-11-14 21:45:00+00:00,83.92,76.15,39.67
2025-11-14 22:00:00+00:00,98.68,90.83,40.1
2025-11-14 22:15:00+00:00,85.12,77.26,33.43
2025-11-14 22:30:00+00:00,72.97,65.24,30.0
2025-11-14 22:45:00+00:00,57.83,52.4,29.6
2025-11-14 23:00:00+00:00,85.67,77.4,31.5
2025-11-14 23:15:00+00:00,78.99,70.36,22.2
2025-11-14 23:30:00+00:00,78.58,69.14,21.14
2025-11-14 23:45:00+00:00,66.27,57.1,17.11
2025-11-15 00:00:00+00:00,83.9,73.92,23.04
2025-11-15 00:15:00+00:00,81.59,71.67,19.1
2025-11-15 00:30:00+00:00,75.97,66.88,19.51
2025-11-15 00:45:00+00:00,70.34,62.1,17.37
2025-11-15 01:00:00+00:00,81.24,70.11,18.92
2025-11-15 01:15:00+00:00,75.07,61.42,17.37
2025-11-15 01:30:00+00:00,73.9,61.22,17.11
2025-11-15 01:45:00+00:00,68.66,59.45,17.0
2025-11-15 02:00:00+00:00,76.0,66.09,17.03
2025-11-15 02:15:00+00:00,69.39,60.19,17.03
2025-11-15 02:30:00+00:00,74.16,64.93,16.9
2025-11-15 02:45:00+00:00,72.57,63.4,16.57
2025-11-15 03:00:00+00:00,77.16,60.28,16.49
2025-11-15 03:15:00+00:00,73.94,60.23,16.46
2025-11-15 03:30:00+00:00,68.64,60.02,16.46
2025-11-15 03:45:00+00:00,69.06,60.35,16.57
2025-11-15 04:00:00+00:00,66.21,58.79,17.08
2025-11-15 04:15:00+00:00,66.91,58.73,17.03
2025-11-15 04:30:00+00:00,69.23,60.07,17.1
2025-11-15 04:45:00+00:00,80.11,69.27,17.2
2025-11-15 05:00:00+00:00,55.15,46.79,17.2
2025-11-15 05:15:00+00:00,66.7,57.01,18.58
2025-11-15 05:30:00+00:00,70.26,60.56,20.0
2025-11-15 05:45:00+00:00,80.52,69.98,22.79
2025-11-15 06:00:00+00:00,77.02,66.9,20.0
2025-11-15 06:15:00+00:00,77.91,67.66,19.59
2025-11-15 06:30:00+00:00,77.87,69.34,20.61
2025-11-15 06:45:00+00:00,75.42,71.16,25.0
2025-11-15 07:00:00+00:00,74.37,74.37,34.0
2025-11-15 07:15:00+00:00,75.05,76.04,34.0
2025-11-15 07:30:00+00:00,86.93,80.0,29.9
2025-11-15 07:45:00+00:00,83.91,91.02,25.0
2025-11-15 08:00:00+00:00,85.34,86.36,35.01
2025-11-15 08:15:00+00:00,80.35,86.94,30.0
2025-11-15 08:30:00+00:00,89.91,81.4,31.5
2025-11-15 08:45:00+00:00,85.34,79.99,18.91
2025-11-15 09:00:00+00:00,86.85,93.53,33.0
2025-11-15 09:15:00+00:00,85.94,87.9,21.8
2025-11-15 09:30:00+00:00,83.26,82.46,23.98
2025-11-15 09:45:00+00:00,86.4,83.72,18.49
2025-11-15 10:00:00+00:00,86.32,88.93,19.57
2025-11-15 10:15:00+00:00,85.68,84.16,18.07
2025-11-15 10:30:00+00:00,86.13,88.91,17.5
2025-11-15 10:45:00+00:00,83.56,89.22,17.5
2025-11-15 11:00:00+00:00,80.74,84.3,21.1
2025-11-15 11:15:00+00:00,81.24,83.52,20.31
2025-11-15 11:30:00+00:00,87.28,86.83,26.13
2025-11-15 11:45:00+00:00,87.51,89.05,31.34
2025-11-15 12:00:00+00:00,85.99,83.59,21.63
2025-11-15 12:15:00+00:00,93.42,83.77,24.38
2025-11-15 12:30:00+00:00,89.31,89.31,23.77
2025-11-15 12:45:00+00:00,93.95,89.45,28.6
2025-11-15 13:00:00+00:00,89.91,84.07,25.0
2025-11-15 13:15:00+00:00,89.92,83.36,32.0
2025-11-15 13:30:00+00:00,89.91,86.99,35.01
2025-11-15 13:45:00+00:00,108.87,98.89,35.01
2025-11-15 14:00:00+00:00,95.82,86.94,35.0
2025-11-15 14:15:00+00:00,106.91,96.46,35.01
2025-11-15 14:30:00+00:00,91.28,84.22,35.01
2025-11-15 14:45:00+00:00,110.76,100.73,39.37
2025-11-15 15:00:00+00:00,106.37,84.29,35.02
2025-11-15 15:15:00+00:00,101.5,87.01,39.37
2025-11-15 15:30:00+00:00,110.3,98.91,42.65
2025-11-15 15:45:00+00:00,121.0,109.39,45.92
2025-11-15 16:00:00+00:00,114.26,94.99,40.0
2025-11-15 16:15:00+00:00,125.02,102.24,46.31
2025-11-15 16:30:00+00:00,125.01,113.02,50.0
2025-11-15 16:45:00+00:00,122.91,112.47,56.35
2025-11-15 17:00:00+00:00,125.04,114.05,55.57
2025-11-15 17:15:00+00:00,126.39,116.7,61.5
2025-11-15 17:30:00+00:00,120.84,112.98,69.68
2025-11-15 17:45:00+00:00,113.82,107.3,73.46
2025-11-15 18:00:00+00:00,117.9,109.05,63.37
2025-11-15 18:15:00+00:00,110.6,102.35,60.72
2025-11-15 18:30:00+00:00,117.56,107.76,56.0
2025-11-15 18:45:00+00:00,110.2,101.32,54.38
2025-11-15 19:00:00+00:00,110.98,100.93,51.26
2025-11-15 19:15:00+00:00,118.68,100.1,50.0
2025-11-15 19:30:00+00:00,108.16,91.7,46.16
2025-11-15 19:45:00+00:00,98.68,85.04,38.87
2025-11-15 20:00:00+00:00,105.62,96.45,49.64
2025-11-15 20:15:00+00:00,103.29,94.58,46.16
2025-11-15 20:30:00+00:00,102.64,93.43,42.01
2025-11-15 20:45:00+00:00,99.99,89.04,25.72
2025-11-15 21:00:00+00:00,108.66,98.79,44.74
2025-11-15 21:15:00+00:00,103.21,92.82,39.77
2025-11-15 21:30:00+00:00,100.03,90.32,40.83
2025-11-15 21:45:00+00:00,94.97,85.95,39.37
2025-11-15 22:00:00+00:00,105.39,96.06,42.99
2025-11-15 22:15:00+00:00,100.0,90.92,39.37
2025-11-15 22:30:00+00:00,98.79,89.48,36.68
2025-11-15 22:45:00+00:00,87.29,79.53,35.02
2025-11-15 23:00:00+00:00,96.71,89.16,45.0
2025-11-15 23:15:00+00:00,93.15,85.58,41.36
2025-11-15 23:30:00+00:00,92.08,86.8,29.9
2025-11-15 23:45:00+00:00,93.05,86.87,25.0
2025-11-16 00:00:00+00:00,97.78,87.63,33.12
2025-11-16 00:15:00+00:00,91.71,82.01,29.8
2025-11-16 00:30:00+00:00,96.65,86.16,29.9
2025-11-16 00:45:00+00:00,93.86,83.03,25.0
2025-11-16 01:00:00+00:00,93.27,83.5,29.7
2025-11-16 01:15:00+00:00,88.56,78.62,24.19
2025-11-16 01:30:00+00:00,95.81,84.91,25.0
2025-11-16 01:45:00+00:00,95.76,84.74,24.2
2025-11-16 02:00:00+00:00,96.81,90.64,24.2
2025-11-16 02:15:00+00:00,94.75,86.73,23.5
2025-11-16 02:30:00+00:00,87.09,85.76,23.37
2025-11-16 02:45:00+00:00,87.15,80.1,23.24
2025-11-16 03:00:00+00:00,90.81,80.1,23.11
2025-11-16 03:15:00+00:00,88.21,77.91,22.98
2025-11-16 03:30:00+00:00,87.1,76.97,22.85
2025-11-16 03:45:00+00:00,86.74,76.68,22.85
2025-11-16 04:00:00+00:00,97.99,86.15,22.98
2025-11-16 04:15:00+00:00,90.41,79.82,22.98
2025-11-16 04:30:00+00:00,89.05,78.72,23.11
2025-11-16 04:45:00+00:00,87.07,77.1,23.24
2025-11-16 05:00:00+00:00,81.65,73.01,23.82
2025-11-16 05:15:00+00:00,86.92,77.52,24.0
2025-11-16 05:30:00+00:00,87.03,77.04,24.72
2025-11-16 05:45:00+00:00,87.09,76.38,23.82
2025-11-16 06:00:00+00:00,87.08,77.5,28.49
2025-11-16 06:15:00+00:00,98.16,87.59,32.1
2025-11-16 06:30:00+00:00,88.34,79.08,31.0
2025-11-16 06:45:00+00:00,96.37,86.21,32.72
2025-11-16 07:00:00+00:00,99.1,87.17,23.82
2025-11-16 07:15:00+00:00,99.1,87.06,23.11
2025-11-16 07:30:00+00:00,99.83,87.73,23.5
2025-11-16 07:45:00+00:00,95.93,84.13,21.46
2025-11-16 08:00:00+00:00,102.31,89.7,24.71
2025-11-16 08:15:00+00:00,101.76,88.61,20.83
2025-11-16 08:30:00+00:00,100.73,86.79,15.0
2025-11-16 08:45:00+00:00,99.94,87.95,26.14
2025-11-16 09:00:00+00:00,100.3,88.57,21.48
2025-11-16 09:15:00+00:00,99.55,87.3,17.25
2025-11-16 09:30:00+00:00,97.84,83.83,3.66
2025-11-16 09:45:00+00:00,99.42,86.81,14.7
2025-11-16 10:00:00+00:00,102.12,88.86,16.92
2025-11-16 10:15:00+00:00,103.86,91.32,23.28
2025-11-16 10:30:00+00:00,103.62,89.93,15.65
2025-11-16 10:45:00+00:00,100.67,89.88,31.36
2025-11-16 11:00:00+00:00,105.58,96.19,42.09
2025-11-16 11:15:00+00:00,101.2,92.7,43.74
2025-11-16 11:30:00+00:00,101.82,96.53,66.03
2025-11-16 11:45:00+00:00,101.27,94.72,56.95
2025-11-16 12:00:00+00:00,103.21,95.17,47.07
2025-11-16 12:15:00+00:00,106.63,92.73,9.52
2025-11-16 12:30:00+00:00,102.18,90.16,18.25
2025-11-16 12:45:00+00:00,103.97,91.85,19.35
2025-11-16 13:00:00+00:00,100.78,86.9,7.18
2025-11-16 13:15:00+00:00,109.6,95.6,15.25
2025-11-16 13:30:00+00:00,112.81,98.32,15.13
2025-11-16 13:45:00+00:00,113.87,101.45,30.13
2025-11-16 14:00:00+00:00,107.38,92.29,12.03
2025-11-16 14:15:00+00:00,113.55,94.2,9.91
2025-11-16 14:30:00+00:00,118.89,101.03,6.01
2025-11-16 14:45:00+00:00,127.06,110.43,22.0
2025-11-16 15:00:00+00:00,116.32,100.35,12.14
2025-11-16 15:15:00+00:00,121.55,105.62,17.62
2025-11-16 15:30:00+00:00,124.93,108.96,20.7
2025-11-16 15:45:00+00:00,135.18,119.04,29.8
2025-11-16 16:00:00+00:00,123.83,110.93,35.4
2025-11-16 16:15:00+00:00,128.9,117.31,49.44
2025-11-16 16:30:00+00:00,132.94,121.44,54.12
2025-11-16 16:45:00+00:00,131.82,122.81,70.0
2025-11-16 17:00:00+00:00,129.5,118.83,59.46
2025-11-16 17:15:00+00:00,125.13,117.2,70.99
2025-11-16 17:30:00+00:00,124.71,117.43,75.0
2025-11-16 17:45:00+00:00,121.5,116.16,85.0
2025-11-16 18:00:00+00:00,120.2,114.41,80.8
2025-11-16 18:15:00+00:00,116.98,111.69,80.96
2025-11-16 18:30:00+00:00,116.05,111.19,83.0
2025-11-16 18:45:00+00:00,108.09,102.32,79.29
2025-11-16 19:00:00+00:00,111.96,106.73,81.94
2025-11-16 19:15:00+00:00,103.27,96.36,76.11
2025-11-16 19:30:00+00:00,100.0,88.53,69.91
2025-11-16 19:45:00+00:00,95.64,84.11,60.64
2025-11-16 20:00:00+00:00,94.38,87.36,80.98
2025-11-16 20:15:00+00:00,91.04,84.12,62.99
2025-11-16 20:30:00+00:00,93.03,86.63,56.59
2025-11-16 20:45:00+00:00,87.19,80.0,46.41
2025-11-16 21:00:00+00:00,99.99,92.02,52.03
2025-11-16 21:15:00+00:00,96.31,90.22,61.13
2025-11-16 21:30:00+00:00,90.74,88.12,74.97
2025-11-16 21:45:00+00:00,90.5,87.78,73.0
2025-11-16 22:00:00+00:00,100.02,95.08,68.04
2025-11-16 22:15:00+00:00,86.78,82.65,60.0
2025-11-16 22:30:00+00:00,84.78,81.0,60.31
2025-11-16 22:45:00+00:00,74.53,70.86,50.75
2025-11-16 23:00:00+00:00,90.05,87.9,73.8
2025-11-16 23:15:00+00:00,88.84,82.57,41.37
2025-11-16 23:30:00+00:00,90.04,82.78,35.05
2025-11-16 23:45:00+00:00,84.23,76.29,24.14
2025-11-17 00:00:00+00:00,86.36,83.29,63.53
2025-11-17 00:15:00+00:00,82.26,77.84,49.46
2025-11-17 00:30:00+00:00,79.7,75.93,51.67
2025-11-17 00:45:00+00:00,73.91,69.11,38.25
2025-11-17 01:00:00+00:00,78.13,75.66,59.55
2025-11-17 01:15:00+00:00,74.67,71.63,51.85
2025-11-17 01:30:00+00:00,72.7,67.97,37.16
2025-11-17 01:45:00+00:00,70.85,64.55,23.54
2025-11-17 02:00:00+00:00,72.35,60.38,42.04
2025-11-17 02:15:00+00:00,70.61,58.64,28.39
2025-11-17 02:30:00+00:00,71.24,58.49,19.98
2025-11-17 02:45:00+00:00,71.09,58.4,16.78
2025-11-17 03:00:00+00:00,71.39,58.5,23.37
2025-11-17 03:15:00+00:00,71.5,58.43,15.39
2025-11-17 03:30:00+00:00,74.01,58.39,0.0
2025-11-17 03:45:00+00:00,79.48,57.8,8.6
2025-11-17 04:00:00+00:00,71.71,61.33,19.91
2025-11-17 04:15:00+00:00,82.86,61.91,34.15
2025-11-17 04:30:00+00:00,87.78,62.79,29.0
2025-11-17 04:45:00+00:00,92.05,66.79,19.58
2025-11-17 05:00:00+00:00,85.87,71.8,18.11
2025-11-17 05:15:00+00:00,94.13,72.87,29.33
2025-11-17 05:30:00+00:00,86.31,74.57,45.87
2025-11-17 05:45:00+00:00,92.05,75.32,49.74
2025-11-17 06:00:00+00:00,110.05,84.5,75.75
2025-11-17 06:15:00+00:00,115.3,90.0,77.64
2025-11-17 06:30:00+00:00,114.98,97.34,90.87
2025-11-17 06:45:00+00:00,119.14,100.17,92.53
2025-11-17 07:00:00+00:00,123.04,104.08,124.32
2025-11-17 07:15:00+00:00,130.09,106.3,84.28
2025-11-17 07:30:00+00:00,129.16,105.83,86.06
2025-11-17 07:45:00+00:00,125.68,103.8,62.45
2025-11-17 08:00:00+00:00,122.44,112.47,98.65
2025-11-17 08:15:00+00:00,128.78,99.01,69.63
2025-11-17 08:30:00+00:00,126.31,94.17,73.25
2025-11-17 08:45:00+00:00,109.22,84.64,62.87
2025-11-17 09:00:00+00:00,124.89,109.34,76.03
2025-11-17 09:15:00+00:00,110.1,91.5,64.73
2025-11-17 09:30:00+00:00,96.55,77.01,63.16
2025-11-17 09:45:00+00:00,89.32,61.74,48.33
2025-11-17 10:00:00+00:00,91.35,78.35,63.4
2025-11-17 10:15:00+00:00,84.19,73.1,62.1
2025-11-17 10:30:00+00:00,83.81,70.86,54.0
2025-11-17 10:45:00+00:00,78.22,62.9,49.24
2025-11-17 11:00:00+00:00,81.78,76.77,58.49
2025-11-17 11:15:00+00:00,77.5,72.69,53.26
2025-11-17 11:30:00+00:00,77.04,72.27,50.83
2025-11-17 11:45:00+00:00,74.9,70.44,41.21
2025-11-17 12:00:00+00:00,73.22,69.39,40.37
2025-11-17 12:15:00+00:00,76.31,71.58,39.85
2025-11-17 12:30:00+00:00,77.92,73.09,38.3
2025-11-17 12:45:00+00:00,83.69,78.84,37.88
2025-11-17 13:00:00+00:00,85.04,79.21,35.0
2025-11-17 13:15:00+00:00,85.07,79.79,38.27
2025-11-17 13:30:00+00:00,84.54,79.3,38.09
2025-11-17 13:45:00+00:00,93.49,84.05,39.12
2025-11-17 14:00:00+00:00,84.15,78.61,39.98
2025-11-17 14:15:00+00:00,96.3,83.05,40.24
2025-11-17 14:30:00+00:00,101.99,89.03,45.81
2025-11-17 14:45:00+00:00,107.64,93.42,60.0
2025-11-17 15:00:00+00:00,101.79,70.98,55.04
2025-11-17 15:15:00+00:00,108.31,84.1,63.3
2025-11-17 15:30:00+00:00,106.98,87.64,72.17
2025-11-17 15:45:00+00:00,112.2,101.01,86.92
2025-11-17 16:00:00+00:00,114.3,107.21,79.7
2025-11-17 16:15:00+00:00,118.26,113.85,87.0
2025-11-17 16:30:00+00:00,117.86,115.09,98.27
2025-11-17 16:45:00+00:00,119.0,115.84,105.0
2025-11-17 17:00:00+00:00,119.7,117.64,105.0
2025-11-17 17:15:00+00:00,114.32,114.32,114.32
2025-11-17 17:30:00+00:00,115.85,115.85,115.85
2025-11-17 17:45:00+00:00,116.1,116.1,116.1
2025-11-17 18:00:00+00:00,114.59,114.59,114.59
2025-11-17 18:15:00+00:00,112.22,112.22,112.22
2025-11-17 18:30:00+00:00,108.72,108.72,108.72
2025-11-17 18:45:00+00:00,107.28,107.04,107.41
2025-11-17 19:00:00+00:00,107.98,107.98,107.98
2025-11-17 19:15:00+00:00,107.28,107.06,107.4
2025-11-17 19:30:00+00:00,104.32,103.92,104.54
2025-11-17 19:45:00+00:00,91.98,86.43,95.0
2025-11-17 20:00:00+00:00,101.42,95.13,90.22
2025-11-17 20:15:00+00:00,94.42,88.57,91.42
2025-11-17 20:30:00+00:00,90.24,84.64,85.39
2025-11-17 20:45:00+00:00,84.71,80.1,85.35
2025-11-17 21:00:00+00:00,93.6,82.23,90.62
2025-11-17 21:15:00+00:00,90.5,84.64,87.5
2025-11-17 21:30:00+00:00,90.01,88.41,87.03
2025-11-17 21:45:00+00:00,84.72,84.72,84.72
2025-11-17 22:00:00+00:00,90.45,90.06,87.03
2025-11-17 22:15:00+00:00,83.72,83.65,83.22
2025-11-17 22:30:00+00:00,78.39,78.39,78.39
2025-11-17 22:45:00+00:00,72.0,72.0,72.0
2025-11-17 23:00:00+00:00,89.07,89.07,89.07
2025-11-17 23:15:00+00:00,83.52,83.52,83.52
2025-11-17 23:30:00+00:00,85.98,85.14,73.38
2025-11-17 23:45:00+00:00,80.97,80.63,70.0
2025-11-18 00:00:00+00:00,86.66,86.66,79.7
2025-11-18 00:15:00+00:00,82.94,82.76,75.99
2025-11-18 00:30:00+00:00,82.33,81.22,74.06
2025-11-18 00:45:00+00:00,79.39,78.4,72.02
2025-11-18 01:00:00+00:00,81.29,80.26,72.02
2025-11-18 01:15:00+00:00,79.15,78.14,72.02
2025-11-18 01:30:00+00:00,78.88,77.9,72.02
2025-11-18 01:45:00+00:00,76.83,75.87,70.05
2025-11-18 02:00:00+00:00,78.21,78.21,72.02
2025-11-18 02:15:00+00:00,77.69,77.69,70.0
2025-11-18 02:30:00+00:00,77.62,77.62,68.06
2025-11-18 02:45:00+00:00,77.35,77.35,67.62
2025-11-18 03:00:00+00:00,76.88,75.6,66.87
2025-11-18 03:15:00+00:00,78.9,77.38,66.99
2025-11-18 03:30:00+00:00,81.58,80.1,70.0
2025-11-18 03:45:00+00:00,84.69,82.93,70.99
2025-11-18 04:00:00+00:00,76.78,75.6,68.64
2025-11-18 04:15:00+00:00,82.95,80.58,66.59
2025-11-18 04:30:00+00:00,86.06,83.43,68.65
2025-11-18 04:45:00+00:00,88.1,85.85,73.25
2025-11-18 05:00:00+00:00,87.15,86.3,81.47
2025-11-18 05:15:00+00:00,95.11,93.89,90.9
2025-11-18 05:30:00+00:00,91.55,91.55,93.26
2025-11-18 05:45:00+00:00,90.38,84.96,96.0
2025-11-18 06:00:00+00:00,102.37,96.02,90.78
2025-11-18 06:15:00+00:00,98.89,92.95,102.5
2025-11-18 06:30:00+00:00,107.79,101.32,107.98
2025-11-18 06:45:00+00:00,109.89,107.55,110.91
2025-11-18 07:00:00+00:00,132.09,124.92,135.78
2025-11-18 07:15:00+00:00,125.6,117.81,129.6
2025-11-18 07:30:00+00:00,118.92,116.5,120.16
2025-11-18 07:45:00+00:00,102.75,102.75,102.75
2025-11-18 08:00:00+00:00,133.83,133.83,133.83
2025-11-18 08:15:00+00:00,110.46,108.5,103.81
2025-11-18 08:30:00+00:00,97.72,92.73,80.8
2025-11-18 08:45:00+00:00,87.79,86.35,77.26
2025-11-18 09:00:00+00:00,101.55,98.03,88.02
2025-11-18 09:15:00+00:00,89.74,89.18,85.33
2025-11-18 09:30:00+00:00,89.31,88.2,80.49
2025-11-18 09:45:00+00:00,87.91,86.99,80.6
2025-11-18 10:00:00+00:00,87.13,84.29,73.09
2025-11-18 10:15:00+00:00,88.17,85.21,67.32
2025-11-18 10:30:00+00:00,89.55,85.21,65.59
2025-11-18 10:45:00+00:00,90.34,86.14,62.01
2025-11-18 11:00:00+00:00,89.11,87.1,72.85
2025-11-18 11:15:00+00:00,88.81,84.08,50.67
2025-11-18 11:30:00+00:00,89.36,87.69,75.5
2025-11-18 11:45:00+00:00,89.52,84.18,55.77
2025-11-18 12:00:00+00:00,90.46,87.77,68.0
2025-11-18 12:15:00+00:00,92.47,86.96,48.89
2025-11-18 12:30:00+00:00,89.12,86.22,63.94
2025-11-18 12:45:00+00:00,90.35,86.74,60.55
2025-11-18 13:00:00+00:00,89.11,85.28,58.12
2025-11-18 13:15:00+00:00,90.62,90.16,87.99
2025-11-18 13:30:00+00:00,101.93,95.98,46.95
2025-11-18 13:45:00+00:00,104.64,102.01,79.5
2025-11-18 14:00:00+00:00,106.38,100.2,56.81
2025-11-18 14:15:00+00:00,114.28,112.77,100.7
2025-11-18 14:30:00+00:00,125.73,122.66,97.26
2025-11-18 14:45:00+00:00,135.99,129.65,80.9
2025-11-18 15:00:00+00:00,122.07,115.61,73.5
2025-11-18 15:15:00+00:00,136.0,131.15,98.8
2025-11-18 15:30:00+00:00,145.01,138.16,93.11
2025-11-18 15:45:00+00:00,164.57,155.99,101.02
2025-11-18 16:00:00+00:00,146.75,138.12,88.5
2025-11-18 16:15:00+00:00,155.29,147.96,105.83
2025-11-18 16:30:00+00:00,153.94,147.23,108.72
2025-11-18 16:45:00+00:00,150.66,146.3,121.2
2025-11-18 17:00:00+00:00,151.31,146.88,120.63
2025-11-18 17:15:00+00:00,144.51,142.3,129.23
2025-11-18 17:30:00+00:00,139.67,139.26,136.83
2025-11-18 17:45:00+00:00,139.72,139.66,140.01
2025-11-18 18:00:00+00:00,134.64,134.54,135.01
2025-11-18 18:15:00+00:00,132.76,132.68,133.05
2025-11-18 18:30:00+00:00,130.93,130.88,131.13
2025-11-18 18:45:00+00:00,126.27,126.21,126.26
2025-11-18 19:00:00+00:00,122.59,120.79,111.68
2025-11-18 19:15:00+00:00,104.66,102.21,89.74
2025-11-18 19:30:00+00:00,103.76,103.11,101.07
2025-11-18 19:45:00+00:00,97.51,97.29,97.51
2025-11-18 20:00:00+00:00,100.38,99.93,98.41
2025-11-18 20:15:00+00:00,92.61,91.63,88.1
2025-11-18 20:30:00+00:00,95.01,94.56,93.42
2025-11-18 20:45:00+00:00,90.57,89.07,80.86
2025-11-18 21:00:00+00:00,102.29,102.12,103.0
2025-11-18 21:15:00+00:00,96.24,96.04,97.09
2025-11-18 21:30:00+00:00,100.08,100.03,100.3
2025-11-18 21:45:00+00:00,91.32,91.32,91.32
2025-11-18 22:00:00+00:00,97.35,97.35,97.35
2025-11-18 22:15:00+00:00,89.12,89.12,89.12
2025-11-18 22:30:00+00:00,88.85,88.85,88.85
2025-11-18 22:45:00+00:00,84.53,84.53,84.53
2025-11-18 23:00:00+00:00,91.46,91.46,91.46
2025-11-18 23:15:00+00:00,87.18,86.64,83.04
2025-11-18 23:30:00+00:00,86.52,86.12,83.32
2025-11-18 23:45:00+00:00,84.35,81.58,62.83
2025-11-19 00:00:00+00:00,86.85,86.85,86.85
2025-11-19 00:15:00+00:00,84.7,84.7,84.7
2025-11-19 00:30:00+00:00,87.12,87.12,87.12
2025-11-19 00:45:00+00:00,86.23,84.65,74.19
2025-11-19 01:00:00+00:00,85.77,85.77,85.77
2025-11-19 01:15:00+00:00,82.58,82.22,79.8
2025-11-19 01:30:00+00:00,84.4,82.76,72.0
2025-11-19 01:45:00+00:00,83.92,79.32,49.26
2025-11-19 02:00:00+00:00,82.07,81.65,78.84
2025-11-19 02:15:00+00:00,82.88,79.87,60.04
2025-11-19 02:30:00+00:00,83.55,79.43,52.27
2025-11-19 02:45:00+00:00,84.24,78.21,38.49
2025-11-19 03:00:00+00:00,81.16,80.49,75.9
2025-11-19 03:15:00+00:00,83.49,80.71,61.82
2025-11-19 03:30:00+00:00,85.6,81.85,56.31
2025-11-19 03:45:00+00:00,87.32,81.26,40.5
2025-11-19 04:00:00+00:00,87.23,82.68,53.54
2025-11-19 04:15:00+00:00,87.99,85.22,69.55
2025-11-19 04:30:00+00:00,87.44,86.04,83.56
2025-11-19 04:45:00+00:00,85.35,84.11,81.72
2025-11-19 05:00:00+00:00,88.6,87.38,89.17
2025-11-19 05:15:00+00:00,97.74,95.36,97.74
2025-11-19 05:30:00+00:00,100.4,93.34,86.04
2025-11-19 05:45:00+00:00,109.38,102.6,102.38
2025-11-19 06:00:00+00:00,123.3,116.45,106.1
2025-11-19 06:15:00+00:00,125.69,120.47,105.99
2025-11-19 06:30:00+00:00,128.64,124.21,98.99
2025-11-19 06:45:00+00:00,130.49,127.15,109.49
2025-11-19 07:00:00+00:00,156.84,153.29,127.73
2025-11-19 07:15:00+00:00,141.52,138.9,120.1
2025-11-19 07:30:00+00:00,132.76,130.29,112.56
2025-11-19 07:45:00+00:00,115.56,113.74,101.56
2025-11-19 08:00:00+00:00,129.58,127.19,111.12
2025-11-19 08:15:00+00:00,119.34,116.46,97.22
2025-11-19 08:30:00+00:00,114.32,112.08,97.12
2025-11-19 08:45:00+00:00,97.41,96.53,92.34
2025-11-19 09:00:00+00:00,110.98,109.45,99.26
2025-11-19 09:15:00+00:00,97.28,96.57,93.06
2025-11-19 09:30:00+00:00,93.33,93.0,92.1
2025-11-19 09:45:00+00:00,88.5,87.75,84.0
2025-11-19 10:00:00+00:00,94.82,93.56,85.98
2025-11-19 10:15:00+00:00,91.34,89.5,78.14
2025-11-19 10:30:00+00:00,89.62,87.02,70.5
2025-11-19 10:45:00+00:00,90.7,87.29,65.0
2025-11-19 11:00:00+00:00,89.07,87.69,80.56
2025-11-19 11:15:00+00:00,89.53,86.39,66.82
2025-11-19 11:30:00+00:00,90.19,87.46,70.5
2025-11-19 11:45:00+00:00,89.57,86.11,65.97
2025-11-19 12:00:00+00:00,87.95,84.57,70.5
2025-11-19 12:15:00+00:00,89.31,86.07,66.85
2025-11-19 12:30:00+00:00,94.93,90.41,67.3
2025-11-19 12:45:00+00:00,102.2,96.89,63.32
2025-11-19 13:00:00+00:00,89.03,83.57,63.32
2025-11-19 13:15:00+00:00,101.15,95.0,70.0
2025-11-19 13:30:00+00:00,109.3,102.49,66.96
2025-11-19 13:45:00+00:00,119.0,112.41,75.96
2025-11-19 14:00:00+00:00,103.39,98.48,73.25
2025-11-19 14:15:00+00:00,117.81,111.7,79.73
2025-11-19 14:30:00+00:00,110.0,109.68,84.57
2025-11-19 14:45:00+00:00,121.0,119.97,91.33
2025-11-19 15:00:00+00:00,108.22,92.2,82.34
2025-11-19 15:15:00+00:00,121.0,113.17,85.3
2025-11-19 15:30:00+00:00,121.0,114.11,91.99
2025-11-19 15:45:00+00:00,121.01,115.1,90.68
2025-11-19 16:00:00+00:00,121.01,109.2,83.0
2025-11-19 16:15:00+00:00,127.0,122.1,99.74
2025-11-19 16:30:00+00:00,130.07,122.81,101.75
2025-11-19 16:45:00+00:00,132.19,124.2,110.96
2025-11-19 17:00:00+00:00,116.99,114.8,110.0
2025-11-19 17:15:00+00:00,117.76,116.75,118.57
2025-11-19 17:30:00+00:00,121.0,120.33,121.95
2025-11-19 17:45:00+00:00,121.01,120.44,121.61
2025-11-19 18:00:00+00:00,119.76,118.78,120.92
2025-11-19 18:15:00+00:00,116.85,115.66,118.07
2025-11-19 18:30:00+00:00,118.59,117.94,119.26
2025-11-19 18:45:00+00:00,121.0,120.58,121.42
2025-11-19 19:00:00+00:00,119.5,118.99,119.5
2025-11-19 19:15:00+00:00,108.32,107.24,107.6
2025-11-19 19:30:00+00:00,101.84,100.15,100.53
2025-11-19 19:45:00+00:00,93.09,92.03,92.17
2025-11-19 20:00:00+00:00,103.57,100.67,94.6
2025-11-19 20:15:00+00:00,102.32,100.5,99.06
2025-11-19 20:30:00+00:00,101.08,97.88,86.01
2025-11-19 20:45:00+00:00,93.93,91.09,82.25
2025-11-19 21:00:00+00:00,100.03,97.08,91.9
2025-11-19 21:15:00+00:00,99.38,97.9,98.15
2025-11-19 21:30:00+00:00,101.66,101.47,101.68
2025-11-19 21:45:00+00:00,95.61,95.61,95.61
2025-11-19 22:00:00+00:00,95.75,95.75,95.75
2025-11-19 22:15:00+00:00,93.48,93.48,93.48
2025-11-19 22:30:00+00:00,90.19,90.19,90.19
2025-11-19 22:45:00+00:00,88.12,88.12,88.12
2025-11-19 23:00:00+00:00,93.39,92.76,89.0
2025-11-19 23:15:00+00:00,92.39,91.86,88.71
2025-11-19 23:30:00+00:00,89.12,88.01,81.41
2025-11-19 23:45:00+00:00,87.61,85.79,75.0
2025-11-20 00:00:00+00:00,89.49,87.82,78.36
2025-11-20 00:15:00+00:00,88.28,86.53,76.59
2025-11-20 00:30:00+00:00,87.61,85.72,75.01
2025-11-20 00:45:00+00:00,86.99,84.89,73.02
2025-11-20 01:00:00+00:00,88.11,86.41,76.02
2025-11-20 01:15:00+00:00,87.2,85.49,75.0
2025-11-20 01:30:00+00:00,86.52,84.67,73.36
2025-11-20 01:45:00+00:00,86.3,84.34,72.35
2025-11-20 02:00:00+00:00,86.3,84.51,73.36
2025-11-20 02:15:00+00:00,87.14,85.21,73.25
2025-11-20 02:30:00+00:00,86.88,84.79,71.76
2025-11-20 02:45:00+00:00,86.86,84.7,71.29
2025-11-20 03:00:00+00:00,85.99,83.85,70.0
2025-11-20 03:15:00+00:00,86.51,84.3,70.0
2025-11-20 03:30:00+00:00,87.24,85.39,73.37
2025-11-20 03:45:00+00:00,88.76,87.34,78.12
2025-11-20 04:00:00+00:00,87.84,86.81,80.28
2025-11-20 04:15:00+00:00,92.45,91.11,82.23
2025-11-20 04:30:00+00:00,89.5,88.21,83.63
2025-11-20 04:45:00+00:00,92.22,90.1,88.02
2025-11-20 05:00:00+00:00,91.08,89.47,88.92
2025-11-20 05:15:00+00:00,98.92,95.52,89.9
2025-11-20 05:30:00+00:00,104.75,100.96,96.24
2025-11-20 05:45:00+00:00,119.98,114.44,103.74
2025-11-20 06:00:00+00:00,137.72,132.54,103.32
2025-11-20 06:15:00+00:00,136.0,131.44,105.44
2025-11-20 06:30:00+00:00,146.76,140.94,106.72
2025-11-20 06:45:00+00:00,157.15,150.01,110.22
2025-11-20 07:00:00+00:00,153.93,150.29,127.73
2025-11-20 07:15:00+00:00,162.18,156.74,124.0
2025-11-20 07:30:00+00:00,157.08,150.75,112.33
2025-11-20 07:45:00+00:00,149.67,143.32,105.01
2025-11-20 08:00:00+00:00,174.53,168.05,128.87
2025-11-20 08:15:00+00:00,153.75,146.66,104.21
2025-11-20 08:30:00+00:00,150.82,146.11,117.94
2025-11-20 08:45:00+00:00,135.52,134.58,128.97
2025-11-20 09:00:00+00:00,162.52,162.53,162.55
2025-11-20 09:15:00+00:00,141.54,136.0,98.98
2025-11-20 09:30:00+00:00,136.0,129.47,86.26
2025-11-20 09:45:00+00:00,125.02,116.8,62.3
2025-11-20 10:00:00+00:00,135.39,129.02,86.95
2025-11-20 10:15:00+00:00,130.9,124.84,84.98
2025-11-20 10:30:00+00:00,128.0,124.36,100.6
2025-11-20 10:45:00+00:00,122.92,119.2,94.41
2025-11-20 11:00:00+00:00,127.89,125.38,109.05
2025-11-20 11:15:00+00:00,123.37,119.83,96.18
2025-11-20 11:30:00+00:00,124.66,121.52,96.99
2025-11-20 11:45:00+00:00,124.3,118.67,76.22
2025-11-20 12:00:00+00:00,120.79,117.28,88.72
2025-11-20 12:15:00+00:00,125.17,120.57,83.81
2025-11-20 12:30:00+00:00,128.0,121.58,71.82
2025-11-20 12:45:00+00:00,130.44,124.56,78.89
2025-11-20 13:00:00+00:00,124.97,121.2,92.78
2025-11-20 13:15:00+00:00,133.67,128.2,85.74
2025-11-20 13:30:00+00:00,138.51,132.0,78.53
2025-11-20 13:45:00+00:00,139.66,136.44,100.88
2025-11-20 14:00:00+00:00,132.18,126.01,79.72
2025-11-20 14:15:00+00:00,145.12,139.95,102.47
2025-11-20 14:30:00+00:00,150.0,141.99,84.15
2025-11-20 14:45:00+00:00,171.44,164.17,110.45
2025-11-20 15:00:00+00:00,152.0,143.51,98.16
2025-11-20 15:15:00+00:00,164.51,157.26,116.99
2025-11-20 15:30:00+00:00,188.46,176.64,114.83
2025-11-20 15:45:00+00:00,198.35,186.02,121.95
2025-11-20 16:00:00+00:00,176.57,168.59,127.49
2025-11-20 16:15:00+00:00,178.53,174.71,155.0
2025-11-20 16:30:00+00:00,175.46,172.14,155.0
2025-11-20 16:45:00+00:00,171.33,168.69,155.0
2025-11-20 17:00:00+00:00,170.61,168.06,155.0
2025-11-20 17:15:00+00:00,164.4,162.87,155.0
2025-11-20 17:30:00+00:00,159.67,159.67,159.67
2025-11-20 17:45:00+00:00,158.32,158.32,158.32
2025-11-20 18:00:00+00:00,166.7,166.7,166.7
2025-11-20 18:15:00+00:00,156.79,156.79,156.79
2025-11-20 18:30:00+00:00,154.52,153.41,147.97
2025-11-20 18:45:00+00:00,146.06,144.59,137.37
2025-11-20 19:00:00+00:00,146.05,144.85,138.93
2025-11-20 19:15:00+00:00,147.17,144.28,130.01
2025-11-20 19:30:00+00:00,135.6,133.89,125.48
2025-11-20 19:45:00+00:00,119.59,118.8,114.91
2025-11-20 20:00:00+00:00,136.0,131.21,107.34
2025-11-20 20:15:00+00:00,128.07,124.39,105.98
2025-11-20 20:30:00+00:00,114.9,113.29,105.2
2025-11-20 20:45:00+00:00,104.04,104.13,104.36
2025-11-20 21:00:00+00:00,116.03,114.37,104.36
2025-11-20 21:15:00+00:00,111.27,109.96,101.87
2025-11-20 21:30:00+00:00,105.54,105.16,102.62
2025-11-20 21:45:00+00:00,100.1,100.1,100.1
2025-11-20 22:00:00+00:00,105.67,105.35,103.36
2025-11-20 22:15:00+00:00,93.49,93.49,93.49
2025-11-20 22:30:00+00:00,90.0,90.0,90.0
2025-11-20 22:45:00+00:00,85.89,85.7,84.55
2025-11-20 23:00:00+00:00,104.02,104.01,103.99
2025-11-20 23:15:00+00:00,104.49,101.78,85.59
2025-11-20 23:30:00+00:00,102.03,97.35,69.32
2025-11-20 23:45:00+00:00,95.67,91.21,64.5
2025-11-21 00:00:00+00:00,102.71,101.02,90.95
2025-11-21 00:15:00+00:00,95.35,95.01,93.03
2025-11-21 00:30:00+00:00,90.08,90.03,89.75
2025-11-21 00:45:00+00:00,88.42,86.9,77.9
2025-11-21 01:00:00+00:00,93.99,93.99,93.99
2025-11-21 01:15:00+00:00,89.09,88.84,87.38
2025-11-21 01:30:00+00:00,88.86,88.28,84.85
2025-11-21 01:45:00+00:00,89.19,87.13,75.01
2025-11-21 02:00:00+00:00,90.0,90.0,90.0
2025-11-21 02:15:00+00:00,89.29,89.11,88.11
2025-11-21 02:30:00+00:00,90.39,88.35,76.7
2025-11-21 02:45:00+00:00,91.06,88.04,70.76
2025-11-21 03:00:00+00:00,88.7,88.15,84.99
2025-11-21 03:15:00+00:00,90.08,88.59,80.2
2025-11-21 03:30:00+00:00,94.32,91.03,72.34
2025-11-21 03:45:00+00:00,101.4,97.36,74.47
2025-11-21 04:00:00+00:00,90.77,87.34,91.82
2025-11-21 04:15:00+00:00,98.91,95.47,76.59
2025-11-21 04:30:00+00:00,103.14,101.23,89.86
2025-11-21 04:45:00+00:00,114.64,111.17,90.53
2025-11-21 05:00:00+00:00,108.49,103.15,81.45
2025-11-21 05:15:00+00:00,121.51,113.84,82.73
2025-11-21 05:30:00+00:00,133.6,128.21,102.12
2025-11-21 05:45:00+00:00,170.5,162.25,127.7
2025-11-21 06:00:00+00:00,149.32,139.58,112.6
2025-11-21 06:15:00+00:00,182.25,173.7,150.01
2025-11-21 06:30:00+00:00,190.11,183.99,165.37
2025-11-21 06:45:00+00:00,200.0,200.0,200.0
2025-11-21 07:00:00+00:00,229.62,225.87,200.01
2025-11-21 07:15:00+00:00,223.39,223.39,223.39
2025-11-21 07:30:00+00:00,200.0,200.0,200.0
2025-11-21 07:45:00+00:00,168.52,166.53,152.96
2025-11-21 08:00:00+00:00,220.0,220.0,220.0
2025-11-21 08:15:00+00:00,190.32,190.25,190.0
2025-11-21 08:30:00+00:00,168.3,168.22,167.93
2025-11-21 08:45:00+00:00,148.7,142.84,102.59
2025-11-21 09:00:00+00:00,179.32,173.58,133.88
2025-11-21 09:15:00+00:00,155.78,149.75,108.47
2025-11-21 09:30:00+00:00,143.51,137.27,93.76
2025-11-21 09:45:00+00:00,125.45,117.92,65.18
2025-11-21 10:00:00+00:00,152.43,144.96,93.78
2025-11-21 10:15:00+00:00,140.0,132.44,80.53
2025-11-21 10:30:00+00:00,132.49,126.73,87.18
2025-11-21 10:45:00+00:00,125.96,120.89,85.81
2025-11-21 11:00:00+00:00,132.8,124.86,104.68
2025-11-21 11:15:00+00:00,128.75,121.05,88.93
2025-11-21 11:30:00+00:00,129.27,121.54,96.25
2025-11-21 11:45:00+00:00,130.55,123.03,93.81
2025-11-21 12:00:00+00:00,125.98,112.07,97.37
2025-11-21 12:15:00+00:00,130.74,120.63,92.12
2025-11-21 12:30:00+00:00,135.25,126.3,70.41
2025-11-21 12:45:00+00:00,150.33,141.81,88.65
2025-11-21 13:00:00+00:00,120.8,115.54,79.51
2025-11-21 13:15:00+00:00,147.57,139.59,86.68
2025-11-21 13:30:00+00:00,172.74,162.42,91.52
2025-11-21 13:45:00+00:00,173.9,165.76,109.01
2025-11-21 14:00:00+00:00,148.82,141.04,87.6
2025-11-21 14:15:00+00:00,172.03,163.89,112.21
2025-11-21 14:30:00+00:00,202.58,186.09,80.24
2025-11-21 14:45:00+00:00,263.92,241.72,96.5
2025-11-21 15:00:00+00:00,196.83,178.71,63.86
2025-11-21 15:15:00+00:00,237.86,217.6,89.39
2025-11-21 15:30:00+00:00,259.52,238.66,106.42
2025-11-21 15:45:00+00:00,313.27,290.76,141.47
2025-11-21 16:00:00+00:00,258.17,247.2,146.0
2025-11-21 16:15:00+00:00,269.78,258.5,155.0
2025-11-21 16:30:00+00:00,245.7,238.35,165.0
2025-11-21 16:45:00+00:00,226.38,221.79,177.0
2025-11-21 17:00:00+00:00,230.04,221.41,155.0
2025-11-21 17:15:00+00:00,214.6,208.34,157.49
2025-11-21 17:30:00+00:00,193.8,193.24,190.0
2025-11-21 17:45:00+00:00,181.91,181.91,181.91
2025-11-21 18:00:00+00:00,184.35,180.86,155.0
2025-11-21 18:15:00+00:00,166.06,166.06,166.06
2025-11-21 18:30:00+00:00,167.7,167.7,167.7
2025-11-21 18:45:00+00:00,167.36,166.25,159.68
2025-11-21 19:00:00+00:00,174.2,171.56,157.18
2025-11-21 19:15:00+00:00,153.41,151.95,143.99
2025-11-21 19:30:00+00:00,123.98,123.98,123.98
2025-11-21 19:45:00+00:00,116.21,116.21,116.21
2025-11-21 20:00:00+00:00,133.6,130.0,106.52
2025-11-21 20:15:00+00:00,120.27,118.18,104.56
2025-11-21 20:30:00+00:00,112.35,111.26,104.15
2025-11-21 20:45:00+00:00,103.01,102.87,102.0
2025-11-21 21:00:00+00:00,115.68,113.71,100.81
2025-11-21 21:15:00+00:00,110.43,106.8,100.32
2025-11-21 21:30:00+00:00,100.59,100.47,100.32
2025-11-21 21:45:00+00:00,92.9,88.57,95.29
2025-11-21 22:00:00+00:00,108.7,101.94,111.95
2025-11-21 22:15:00+00:00,95.0,95.0,95.0
2025-11-21 22:30:00+00:00,90.37,90.37,90.37
2025-11-21 22:45:00+00:00,86.06,86.06,86.06
2025-11-21 23:00:00+00:00,122.49,118.95,99.94
2025-11-21 23:15:00+00:00,106.86,104.56,92.23
2025-11-21 23:30:00+00:00,93.44,92.29,85.98
2025-11-21 23:45:00+00:00,86.2,85.89,84.19
2025-11-22 00:00:00+00:00,98.95,98.95,98.94
2025-11-22 00:15:00+00:00,93.73,93.04,89.01
2025-11-22 00:30:00+00:00,92.22,92.22,92.22
2025-11-22 00:45:00+00:00,93.5,93.5,93.5
2025-11-22 01:00:00+00:00,90.37,90.37,90.37
2025-11-22 01:15:00+00:00,89.16,89.16,89.16
2025-11-22 01:30:00+00:00,87.23,87.23,87.23
2025-11-22 01:45:00+00:00,87.0,87.0,87.0
2025-11-22 02:00:00+00:00,86.64,86.64,86.64
2025-11-22 02:15:00+00:00,85.07,85.07,85.07
2025-11-22 02:30:00+00:00,85.49,85.49,85.49
2025-11-22 02:45:00+00:00,83.91,83.91,83.91
2025-11-22 03:00:00+00:00,82.19,82.19,82.19
2025-11-22 03:15:00+00:00,86.59,82.86,80.74
2025-11-22 03:30:00+00:00,86.93,80.82,73.08
2025-11-22 03:45:00+00:00,88.68,79.81,74.8
2025-11-22 04:00:00+00:00,85.05,80.1,83.28
2025-11-22 04:15:00+00:00,84.64,78.09,78.1
2025-11-22 04:30:00+00:00,84.6,77.87,80.1
2025-11-22 04:45:00+00:00,86.82,77.44,79.72
2025-11-22 05:00:00+00:00,85.5,78.47,75.71
2025-11-22 05:15:00+00:00,87.04,78.96,82.08
2025-11-22 05:30:00+00:00,89.77,79.71,91.72
2025-11-22 05:45:00+00:00,99.78,80.76,79.13
2025-11-22 06:00:00+00:00,98.17,80.89,94.62
2025-11-22 06:15:00+00:00,104.62,83.26,92.43
2025-11-22 06:30:00+00:00,110.63,87.7,83.53
2025-11-22 06:45:00+00:00,113.57,100.0,88.78
2025-11-22 07:00:00+00:00,121.0,115.2,112.34
2025-11-22 07:15:00+00:00,114.43,103.72,96.04
2025-11-22 07:30:00+00:00,96.64,96.54,97.01
2025-11-22 07:45:00+00:00,84.77,84.54,85.56
2025-11-22 08:00:00+00:00,115.24,115.24,115.24
2025-11-22 08:15:00+00:00,84.93,85.44,86.36
2025-11-22 08:30:00+00:00,85.29,85.77,86.75
2025-11-22 08:45:00+00:00,71.01,71.24,73.03
2025-11-22 09:00:00+00:00,87.16,87.48,88.64
2025-11-22 09:15:00+00:00,79.53,79.98,81.6
2025-11-22 09:30:00+00:00,80.66,81.06,82.53
2025-11-22 09:45:00+00:00,80.69,80.99,82.07
2025-11-22 10:00:00+00:00,79.77,80.19,81.77
2025-11-22 10:15:00+00:00,79.09,79.47,80.85
2025-11-22 10:30:00+00:00,78.74,79.17,80.76
2025-11-22 10:45:00+00:00,76.72,76.63,78.05
2025-11-22 11:00:00+00:00,76.96,76.86,78.36
2025-11-22 11:15:00+00:00,75.92,75.92,77.22
2025-11-22 11:30:00+00:00,76.42,76.92,78.63
2025-11-22 11:45:00+00:00,75.83,76.36,78.07
2025-11-22 12:00:00+00:00,74.0,74.59,76.6
2025-11-22 12:15:00+00:00,74.01,74.76,76.73
2025-11-22 12:30:00+00:00,74.94,75.99,77.9
2025-11-22 12:45:00+00:00,78.52,79.53,79.48
2025-11-22 13:00:00+00:00,76.87,78.17,80.12
2025-11-22 13:15:00+00:00,75.91,75.73,64.5
2025-11-22 13:30:00+00:00,80.71,79.87,62.5
2025-11-22 13:45:00+00:00,93.09,92.17,72.23
2025-11-22 14:00:00+00:00,83.9,81.43,55.61
2025-11-22 14:15:00+00:00,82.78,82.03,63.84
2025-11-22 14:30:00+00:00,98.28,96.1,65.7
2025-11-22 14:45:00+00:00,90.9,91.59,88.0
2025-11-22 15:00:00+00:00,100.45,89.04,102.62
2025-11-22 15:15:00+00:00,102.65,98.1,81.49
2025-11-22 15:30:00+00:00,103.19,98.27,80.48
2025-11-22 15:45:00+00:00,113.71,107.01,74.09
2025-11-22 16:00:00+00:00,112.24,104.2,76.45
2025-11-22 16:15:00+00:00,117.26,110.39,87.05
2025-11-22 16:30:00+00:00,115.11,111.5,95.2
2025-11-22 16:45:00+00:00,113.21,111.11,102.3
2025-11-22 17:00:00+00:00,118.94,114.74,93.76
2025-11-22 17:15:00+00:00,113.23,105.36,99.17
2025-11-22 17:30:00+00:00,106.11,104.35,103.67
2025-11-22 17:45:00+00:00,98.73,92.9,101.51
2025-11-22 18:00:00+00:00,101.99,100.57,105.96
2025-11-22 18:15:00+00:00,101.07,98.08,105.0
2025-11-22 18:30:00+00:00,96.61,90.16,102.18
2025-11-22 18:45:00+00:00,93.65,80.0,98.18
2025-11-22 19:00:00+00:00,88.75,91.14,95.0
2025-11-22 19:15:00+00:00,84.19,86.65,90.64
2025-11-22 19:30:00+00:00,87.17,88.73,90.88
2025-11-22 19:45:00+00:00,86.33,87.04,88.01
2025-11-22 20:00:00+00:00,94.33,88.01,98.7
2025-11-22 20:15:00+00:00,92.37,89.23,94.79
2025-11-22 20:30:00+00:00,87.86,85.21,90.2
2025-11-22 20:45:00+00:00,82.43,79.29,85.0
2025-11-22 21:00:00+00:00,94.48,94.88,95.42
2025-11-22 21:15:00+00:00,90.02,90.43,90.97
2025-11-22 21:30:00+00:00,89.16,89.52,90.01
2025-11-22 21:45:00+00:00,84.05,84.24,84.5
2025-11-22 22:00:00+00:00,87.99,87.99,88.0
2025-11-22 22:15:00+00:00,83.9,83.9,83.9
2025-11-22 22:30:00+00:00,79.69,74.39,81.4
2025-11-22 22:45:00+00:00,77.34,69.1,80.0
2025-11-22 23:00:00+00:00,95.06,95.06,95.06
2025-11-22 23:15:00+00:00,88.83,88.83,88.83
2025-11-22 23:30:00+00:00,75.0,75.0,75.0
2025-11-22 23:45:00+00:00,67.22,67.22,67.22
2025-11-23 00:00:00+00:00,81.22,81.22,81.22
2025-11-23 00:15:00+00:00,73.54,73.54,73.54
2025-11-23 00:30:00+00:00,71.46,71.46,71.46
2025-11-23 00:45:00+00:00,71.19,71.19,71.19
2025-11-23 01:00:00+00:00,74.84,74.84,74.84
2025-11-23 01:15:00+00:00,71.42,71.42,71.42
2025-11-23 01:30:00+00:00,68.69,68.69,68.69
2025-11-23 01:45:00+00:00,66.81,66.81,66.81
2025-11-23 02:00:00+00:00,65.18,65.18,65.18
2025-11-23 02:15:00+00:00,63.01,63.01,63.01
2025-11-23 02:30:00+00:00,63.38,63.38,63.38
2025-11-23 02:45:00+00:00,61.35,61.35,61.35
2025-11-23 03:00:00+00:00,62.74,62.74,62.74
2025-11-23 03:15:00+00:00,61.43,61.43,61.43
2025-11-23 03:30:00+00:00,60.66,60.66,60.66
2025-11-23 03:45:00+00:00,58.71,58.71,58.71
2025-11-23 04:00:00+00:00,63.89,63.89,63.89
2025-11-23 04:15:00+00:00,64.22,64.22,64.22
2025-11-23 04:30:00+00:00,65.0,65.0,65.0
2025-11-23 04:45:00+00:00,63.73,61.86,62.91
2025-11-23 05:00:00+00:00,60.4,59.36,60.61
2025-11-23 05:15:00+00:00,60.99,59.19,61.06
2025-11-23 05:30:00+00:00,62.49,60.43,62.9
2025-11-23 05:45:00+00:00,64.24,61.74,63.95
2025-11-23 06:00:00+00:00,64.26,62.83,64.62
2025-11-23 06:15:00+00:00,68.71,66.68,64.06
2025-11-23 06:30:00+00:00,68.59,65.9,65.53
2025-11-23 06:45:00+00:00,70.37,67.64,66.78
2025-11-23 07:00:00+00:00,71.56,71.62,71.98
2025-11-23 07:15:00+00:00,67.95,68.0,68.8
2025-11-23 07:30:00+00:00,69.34,69.43,69.48
2025-11-23 07:45:00+00:00,62.48,63.03,65.36
2025-11-23 08:00:00+00:00,69.3,69.74,71.81
2025-11-23 08:15:00+00:00,65.74,66.35,68.51
2025-11-23 08:30:00+00:00,66.85,67.46,69.54
2025-11-23 08:45:00+00:00,61.95,62.67,64.83
2025-11-23 09:00:00+00:00,68.88,69.65,72.69
2025-11-23 09:15:00+00:00,68.38,69.16,71.97
2025-11-23 09:30:00+00:00,63.25,63.91,66.14
2025-11-23 09:45:00+00:00,63.43,64.09,66.31
2025-11-23 10:00:00+00:00,64.31,65.03,67.83
2025-11-23 10:15:00+00:00,66.75,67.46,70.75
2025-11-23 10:30:00+00:00,67.16,67.76,70.26
2025-11-23 10:45:00+00:00,68.54,69.25,72.31
2025-11-23 11:00:00+00:00,66.76,67.27,69.35
2025-11-23 11:15:00+00:00,67.46,67.96,70.0
2025-11-23 11:30:00+00:00,68.51,69.0,70.99
2025-11-23 11:45:00+00:00,68.72,69.31,71.31
2025-11-23 12:00:00+00:00,69.37,70.2,71.47
2025-11-23 12:15:00+00:00,64.57,65.5,67.91
2025-11-23 12:30:00+00:00,63.85,63.85,59.79
2025-11-23 12:45:00+00:00,64.04,64.04,60.82
2025-11-23 13:00:00+00:00,66.48,66.49,62.92
2025-11-23 13:15:00+00:00,66.8,70.36,60.03
2025-11-23 13:30:00+00:00,71.09,72.24,60.83
2025-11-23 13:45:00+00:00,73.34,75.61,55.63
2025-11-23 14:00:00+00:00,71.3,73.66,47.71
2025-11-23 14:15:00+00:00,74.44,76.9,59.03
2025-11-23 14:30:00+00:00,80.21,82.86,69.4
2025-11-23 14:45:00+00:00,83.21,85.96,59.88
2025-11-23 15:00:00+00:00,82.39,83.07,60.45
2025-11-23 15:15:00+00:00,75.58,80.0,64.37
2025-11-23 15:30:00+00:00,75.42,78.03,62.57
2025-11-23 15:45:00+00:00,78.16,90.9,67.42
2025-11-23 16:00:00+00:00,78.9,81.51,66.71
2025-11-23 16:15:00+00:00,82.15,84.87,75.4
2025-11-23 16:30:00+00:00,80.93,95.99,86.79
2025-11-23 16:45:00+00:00,81.38,103.23,90.72
2025-11-23 17:00:00+00:00,82.35,91.51,89.12
2025-11-23 17:15:00+00:00,81.09,83.77,86.91
2025-11-23 17:30:00+00:00,78.63,87.4,86.26
2025-11-23 17:45:00+00:00,88.1,96.91,93.67
2025-11-23 18:00:00+00:00,87.37,90.26,91.64
2025-11-23 18:15:00+00:00,86.22,88.85,90.52
2025-11-23 18:30:00+00:00,82.11,84.82,86.66
2025-11-23 18:45:00+00:00,79.49,82.12,83.67
2025-11-23 19:00:00+00:00,82.17,87.79,87.3
2025-11-23 19:15:00+00:00,79.08,83.87,83.13
2025-11-23 19:30:00+00:00,76.77,79.31,80.0
2025-11-23 19:45:00+00:00,71.63,75.82,75.0
2025-11-23 20:00:00+00:00,79.2,80.0,78.21
2025-11-23 20:15:00+00:00,74.2,76.65,74.56
2025-11-23 20:30:00+00:00,72.58,74.98,70.0
2025-11-23 20:45:00+00:00,70.66,71.72,67.82
2025-11-23 21:00:00+00:00,77.46,75.61,68.06
2025-11-23 21:15:00+00:00,76.76,73.7,67.58
2025-11-23 21:30:00+00:00,74.62,73.73,71.74
2025-11-23 21:45:00+00:00,71.83,70.64,69.81
2025-11-23 22:00:00+00:00,72.51,70.34,67.02
2025-11-23 22:15:00+00:00,71.86,69.56,57.38
2025-11-23 22:30:00+00:00,71.74,70.48,63.11
2025-11-23 22:45:00+00:00,68.94,66.87,54.78
2025-11-23 23:00:00+00:00,80.12,80.12,80.12
2025-11-23 23:15:00+00:00,70.96,71.2,71.7
2025-11-23 23:30:00+00:00,69.38,68.32,60.68
2025-11-23 23:45:00+00:00,69.37,67.39,54.62
2025-11-24 00:00:00+00:00,70.15,69.73,66.14
2025-11-24 00:15:00+00:00,69.59,68.65,61.99
2025-11-24 00:30:00+00:00,70.13,69.08,61.71
2025-11-24 00:45:00+00:00,70.38,68.67,56.59
2025-11-24 01:00:00+00:00,69.0,68.29,63.26
2025-11-24 01:15:00+00:00,73.02,70.85,55.43
2025-11-24 01:30:00+00:00,72.91,70.92,56.78
2025-11-24 01:45:00+00:00,74.09,70.74,46.94
2025-11-24 02:00:00+00:00,71.25,69.15,53.84
2025-11-24 02:15:00+00:00,71.87,68.9,47.25
2025-11-24 02:30:00+00:00,74.98,70.72,39.69
2025-11-24 02:45:00+00:00,75.0,69.93,32.98
2025-11-24 03:00:00+00:00,70.74,66.11,34.91
2025-11-24 03:15:00+00:00,73.97,68.63,32.6
2025-11-24 03:30:00+00:00,72.15,66.73,30.07
2025-11-24 03:45:00+00:00,78.16,73.79,44.23
2025-11-24 04:00:00+00:00,70.71,69.67,61.97
2025-11-24 04:15:00+00:00,73.88,70.06,49.51
2025-11-24 04:30:00+00:00,83.76,79.07,53.88
2025-11-24 04:45:00+00:00,91.91,86.86,62.71
2025-11-24 05:00:00+00:00,76.08,75.58,65.86
2025-11-24 05:15:00+00:00,90.03,88.17,66.19
2025-11-24 05:30:00+00:00,92.38,91.14,82.73
2025-11-24 05:45:00+00:00,102.74,102.58,88.37
2025-11-24 06:00:00+00:00,94.86,84.5,88.78
2025-11-24 06:15:00+00:00,104.42,89.7,95.45
2025-11-24 06:30:00+00:00,107.07,87.18,95.12
2025-11-24 06:45:00+00:00,111.22,94.84,94.84
2025-11-24 07:00:00+00:00,114.99,95.18,102.2
2025-11-24 07:15:00+00:00,104.74,89.04,95.05
2025-11-24 07:30:00+00:00,105.66,91.31,95.18
2025-11-24 07:45:00+00:00,105.75,102.68,91.59
2025-11-24 08:00:00+00:00,110.0,93.37,99.6
2025-11-24 08:15:00+00:00,106.38,93.52,98.79
2025-11-24 08:30:00+00:00,114.17,108.64,114.17
2025-11-24 08:45:00+00:00,110.49,109.04,110.49
2025-11-24 09:00:00+00:00,115.97,110.6,113.18
2025-11-24 09:15:00+00:00,112.53,108.21,110.01
2025-11-24 09:30:00+00:00,116.27,111.88,110.01
2025-11-24 09:45:00+00:00,125.02,120.27,92.44
2025-11-24 10:00:00+00:00,121.42,118.96,102.7
2025-11-24 10:15:00+00:00,126.91,122.41,88.03
2025-11-24 10:30:00+00:00,130.01,125.73,89.63
2025-11-24 10:45:00+00:00,133.81,125.54,80.41
2025-11-24 11:00:00+00:00,122.88,110.08,98.88
2025-11-24 11:15:00+00:00,131.95,120.39,84.38
2025-11-24 11:30:00+00:00,135.49,126.4,95.67
2025-11-24 11:45:00+00:00,146.62,138.34,83.0
2025-11-24 12:00:00+00:00,131.81,126.27,83.99
2025-11-24 12:15:00+00:00,141.0,134.65,87.83
2025-11-24 12:30:00+00:00,155.82,143.77,59.16
2025-11-24 12:45:00+00:00,171.34,151.99,59.54
2025-11-24 13:00:00+00:00,171.09,148.42,62.61
2025-11-24 13:15:00+00:00,192.76,166.79,51.44
2025-11-24 13:30:00+00:00,159.95,124.99,63.73
2025-11-24 13:45:00+00:00,170.35,141.44,62.71
2025-11-24 14:00:00+00:00,172.13,152.26,63.34
2025-11-24 14:15:00+00:00,190.93,169.39,67.04
2025-11-24 14:30:00+00:00,210.19,186.29,68.46
2025-11-24 14:45:00+00:00,210.0,192.27,86.27
2025-11-24 15:00:00+00:00,176.56,157.03,69.03
2025-11-24 15:15:00+00:00,202.53,181.15,85.23
2025-11-24 15:30:00+00:00,224.97,203.76,90.86
2025-11-24 15:45:00+00:00,299.04,269.15,100.0
2025-11-24 16:00:00+00:00,232.05,208.68,89.67
2025-11-24 16:15:00+00:00,264.98,240.12,113.4
2025-11-24 16:30:00+00:00,275.19,247.82,101.8
2025-11-24 16:45:00+00:00,281.71,253.38,101.73
2025-11-24 17:00:00+00:00,270.1,241.61,92.18
2025-11-24 17:15:00+00:00,229.97,207.63,91.55
2025-11-24 17:30:00+00:00,219.96,201.04,102.36
2025-11-24 17:45:00+00:00,202.32,189.68,123.99
2025-11-24 18:00:00+00:00,213.21,199.43,123.65
2025-11-24 18:15:00+00:00,184.54,170.35,92.88
2025-11-24 18:30:00+00:00,187.55,172.32,87.42
2025-11-24 18:45:00+00:00,167.92,156.36,93.17
2025-11-24 19:00:00+00:00,163.26,152.27,79.6
2025-11-24 19:15:00+00:00,145.0,136.87,83.0
2025-11-24 19:30:00+00:00,155.43,145.65,84.19
2025-11-24 19:45:00+00:00,141.05,133.11,81.49
2025-11-24 20:00:00+00:00,155.33,146.15,84.19
2025-11-24 20:15:00+00:00,137.77,130.4,80.69
2025-11-24 20:30:00+00:00,128.89,121.94,75.5
2025-11-24 20:45:00+00:00,118.95,112.65,70.58
2025-11-24 21:00:00+00:00,134.87,126.84,71.6
2025-11-24 21:15:00+00:00,130.29,122.8,71.3
2025-11-24 21:30:00+00:00,119.2,113.37,73.33
2025-11-24 21:45:00+00:00,107.78,103.07,70.57
2025-11-24 22:00:00+00:00,115.1,109.23,70.34
2025-11-24 22:15:00+00:00,106.19,101.46,70.0
2025-11-24 22:30:00+00:00,103.2,99.39,74.08
2025-11-24 22:45:00+00:00,97.13,91.52,54.44
2025-11-24 23:00:00+00:00,101.75,97.94,73.21
2025-11-24 23:15:00+00:00,99.93,94.94,62.54
2025-11-24 23:30:00+00:00,101.91,93.81,41.11
2025-11-24 23:45:00+00:00,100.01,92.04,40.2
2025-11-25 00:00:00+00:00,102.08,94.54,46.4
2025-11-25 00:15:00+00:00,101.55,93.2,39.82
2025-11-25 00:30:00+00:00,96.6,89.34,42.89
2025-11-25 00:45:00+00:00,96.38,88.52,38.25
2025-11-25 01:00:00+00:00,98.69,91.66,45.66
2025-11-25 01:15:00+00:00,97.01,88.79,34.98
2025-11-25 01:30:00+00:00,97.13,87.76,26.49
2025-11-25 01:45:00+00:00,97.52,87.19,19.63
2025-11-25 02:00:00+00:00,99.02,89.5,28.07
2025-11-25 02:15:00+00:00,94.23,85.04,25.77
2025-11-25 02:30:00+00:00,95.01,84.7,18.18
2025-11-25 02:45:00+00:00,96.13,85.11,14.0
2025-11-25 03:00:00+00:00,97.69,85.22,11.29
2025-11-25 03:15:00+00:00,100.32,87.69,12.84
2025-11-25 03:30:00+00:00,97.52,86.28,19.64
2025-11-25 03:45:00+00:00,102.51,91.04,23.05
2025-11-25 04:00:00+00:00,99.2,89.32,25.0
2025-11-25 04:15:00+00:00,101.27,85.6,26.81
2025-11-25 04:30:00+00:00,111.96,85.6,34.64
2025-11-25 04:45:00+00:00,114.49,84.5,40.85
2025-11-25 05:00:00+00:00,89.2,72.25,50.97
2025-11-25 05:15:00+00:00,106.16,77.03,58.0
2025-11-25 05:30:00+00:00,124.0,87.96,64.43
2025-11-25 05:45:00+00:00,170.27,123.2,70.34
2025-11-25 06:00:00+00:00,157.69,120.3,77.94
2025-11-25 06:15:00+00:00,252.88,173.61,83.27
2025-11-25 06:30:00+00:00,361.36,235.94,91.17
2025-11-25 06:45:00+00:00,392.15,250.1,86.1
2025-11-25 07:00:00+00:00,289.17,205.0,103.06
2025-11-25 07:15:00+00:00,351.94,237.65,98.18
2025-11-25 07:30:00+00:00,350.01,236.08,96.99
2025-11-25 07:45:00+00:00,341.98,229.9,92.99
2025-11-25 08:00:00+00:00,296.04,248.4,112.45
2025-11-25 08:15:00+00:00,333.01,237.41,88.69
2025-11-25 08:30:00+00:00,271.45,198.1,92.26
2025-11-25 08:45:00+00:00,270.1,182.69,74.48
2025-11-25 09:00:00+00:00,321.3,215.01,90.05
2025-11-25 09:15:00+00:00,271.34,178.76,72.01
2025-11-25 09:30:00+00:00,254.26,172.59,78.54
2025-11-25 09:45:00+00:00,245.44,163.18,68.17
2025-11-25 10:00:00+00:00,283.79,162.25,80.1
2025-11-25 10:15:00+00:00,333.01,100.1,65.4
2025-11-25 10:30:00+00:00,345.98,92.84,68.99
2025-11-25 10:45:00+00:00,343.73,83.02,59.33
2025-11-25 11:00:00+00:00,333.01,138.47,71.6
2025-11-25 11:15:00+00:00,333.01,102.36,67.34
2025-11-25 11:30:00+00:00,344.12,90.8,74.51
2025-11-25 11:45:00+00:00,393.86,80.1,67.55
2025-11-25 12:00:00+00:00,341.3,100.1,64.03
2025-11-25 12:15:00+00:00,333.01,100.1,61.8
2025-11-25 12:30:00+00:00,307.61,110.84,53.02
2025-11-25 12:45:00+00:00,288.69,111.74,68.42
2025-11-25 13:00:00+00:00,270.09,80.0,65.74
2025-11-25 13:15:00+00:00,316.36,92.85,61.0
2025-11-25 13:30:00+00:00,280.54,142.9,63.46
2025-11-25 13:45:00+00:00,333.01,171.9,74.17
2025-11-25 14:00:00+00:00,310.48,122.52,68.58
2025-11-25 14:15:00+00:00,333.88,171.9,70.88
2025-11-25 14:30:00+00:00,290.98,215.58,56.43
2025-11-25 14:45:00+00:00,304.64,250.0,74.55
2025-11-25 15:00:00+00:00,266.2,211.42,68.01
2025-11-25 15:15:00+00:00,306.42,250.0,79.15
2025-11-25 15:30:00+00:00,350.01,271.14,81.06
2025-11-25 15:45:00+00:00,377.7,297.61,91.02
2025-11-25 16:00:00+00:00,348.7,256.25,85.52
2025-11-25 16:15:00+00:00,399.93,286.99,92.79
2025-11-25 16:30:00+00:00,395.01,304.73,93.8
2025-11-25 16:45:00+00:00,349.61,281.86,103.12
2025-11-25 17:00:00+00:00,333.01,272.67,93.4
2025-11-25 17:15:00+00:00,300.42,246.44,97.03
2025-11-25 17:30:00+00:00,308.78,255.62,103.82
2025-11-25 17:45:00+00:00,249.41,215.21,122.29
2025-11-25 18:00:00+00:00,357.06,270.0,101.79
2025-11-25 18:15:00+00:00,266.61,211.18,102.0
2025-11-25 18:30:00+00:00,205.81,176.06,102.0
2025-11-25 18:45:00+00:00,168.01,148.35,102.64
2025-11-25 19:00:00+00:00,223.67,190.97,97.03
2025-11-25 19:15:00+00:00,175.87,157.24,97.03
2025-11-25 19:30:00+00:00,155.8,142.7,97.03
2025-11-25 19:45:00+00:00,136.0,126.42,94.02
2025-11-25 20:00:00+00:00,168.0,148.7,92.9
2025-11-25 20:15:00+00:00,141.87,131.1,91.14
2025-11-25 20:30:00+00:00,122.15,114.48,89.23
2025-11-25 20:45:00+00:00,108.06,103.31,87.98
2025-11-25 21:00:00+00:00,130.41,121.46,90.2
2025-11-25 21:15:00+00:00,123.86,114.26,88.06
2025-11-25 21:30:00+00:00,116.8,100.56,88.54
2025-11-25 21:45:00+00:00,105.55,92.83,87.58
2025-11-25 22:00:00+00:00,117.11,93.28,87.58
2025-11-25 22:15:00+00:00,105.59,92.89,80.0
2025-11-25 22:30:00+00:00,97.14,90.02,79.6
2025-11-25 22:45:00+00:00,88.3,86.35,74.33
2025-11-25 23:00:00+00:00,102.07,86.5,84.98
2025-11-25 23:15:00+00:00,90.14,83.97,83.4
2025-11-25 23:30:00+00:00,90.5,86.0,74.16
2025-11-25 23:45:00+00:00,88.71,86.25,70.0
2025-11-26 00:00:00+00:00,92.32,89.94,73.91
2025-11-26 00:15:00+00:00,89.41,86.64,68.05
2025-11-26 00:30:00+00:00,89.07,86.2,67.22
2025-11-26 00:45:00+00:00,89.0,86.13,66.7
2025-11-26 01:00:00+00:00,89.5,86.56,67.22
2025-11-26 01:15:00+00:00,88.98,85.43,62.05
2025-11-26 01:30:00+00:00,87.42,83.84,60.24
2025-11-26 01:45:00+00:00,87.4,83.8,60.0
2025-11-26 02:00:00+00:00,88.93,85.81,66.13
2025-11-26 02:15:00+00:00,88.99,85.58,64.05
2025-11-26 02:30:00+00:00,90.07,86.22,61.89
2025-11-26 02:45:00+00:00,89.75,85.72,60.25
2025-11-26 03:00:00+00:00,87.28,83.77,60.73
2025-11-26 03:15:00+00:00,88.74,84.98,60.46
2025-11-26 03:30:00+00:00,90.26,86.38,61.12
2025-11-26 03:45:00+00:00,92.93,89.3,65.65
2025-11-26 04:00:00+00:00,87.09,80.0,67.22
2025-11-26 04:15:00+00:00,90.59,87.44,67.22
2025-11-26 04:30:00+00:00,101.19,98.0,77.51
2025-11-26 04:45:00+00:00,110.13,106.63,84.11
2025-11-26 05:00:00+00:00,100.89,90.37,71.63
2025-11-26 05:15:00+00:00,118.84,104.88,80.0
2025-11-26 05:30:00+00:00,133.26,115.9,84.98
2025-11-26 05:45:00+00:00,166.3,138.0,87.58
2025-11-26 06:00:00+00:00,146.66,138.62,87.34
2025-11-26 06:15:00+00:00,182.57,170.14,90.8
2025-11-26 06:30:00+00:00,204.0,189.24,94.98
2025-11-26 06:45:00+00:00,231.45,214.33,105.05
2025-11-26 07:00:00+00:00,213.04,198.99,107.53
2025-11-26 07:15:00+00:00,220.62,207.54,122.11
2025-11-26 07:30:00+00:00,270.1,249.5,115.0
2025-11-26 07:45:00+00:00,245.13,224.61,90.8
2025-11-26 08:00:00+00:00,240.51,239.35,232.41
2025-11-26 08:15:00+00:00,204.08,188.23,93.0
2025-11-26 08:30:00+00:00,206.85,190.36,91.32
2025-11-26 08:45:00+00:00,195.95,176.29,58.88
2025-11-26 09:00:00+00:00,240.4,221.35,100.25
2025-11-26 09:15:00+00:00,199.52,184.64,88.76
2025-11-26 09:30:00+00:00,179.53,167.59,90.62
2025-11-26 09:45:00+00:00,169.1,157.11,80.01
2025-11-26 10:00:00+00:00,177.09,167.15,100.62
2025-11-26 10:15:00+00:00,175.28,164.03,90.04
2025-11-26 10:30:00+00:00,169.82,159.06,88.32
2025-11-26 10:45:00+00:00,159.8,150.6,89.07
2025-11-26 11:00:00+00:00,166.55,152.29,65.01
2025-11-26 11:15:00+00:00,160.43,151.07,93.78
2025-11-26 11:30:00+00:00,165.76,154.86,88.16
2025-11-26 11:45:00+00:00,165.99,154.62,84.99
2025-11-26 12:00:00+00:00,169.65,154.13,64.91
2025-11-26 12:15:00+00:00,177.18,163.06,81.87
2025-11-26 12:30:00+00:00,167.44,153.75,66.82
2025-11-26 12:45:00+00:00,158.68,148.52,84.0
2025-11-26 13:00:00+00:00,161.77,150.58,77.56
2025-11-26 13:15:00+00:00,171.43,159.9,84.61
2025-11-26 13:30:00+00:00,196.7,182.04,86.41
2025-11-26 13:45:00+00:00,208.06,191.45,83.04
2025-11-26 14:00:00+00:00,169.44,157.9,83.36
2025-11-26 14:15:00+00:00,200.04,185.77,93.55
2025-11-26 14:30:00+00:00,236.81,215.31,76.39
2025-11-26 14:45:00+00:00,288.6,262.1,90.9
2025-11-26 15:00:00+00:00,214.95,196.43,74.85
2025-11-26 15:15:00+00:00,277.29,253.78,99.4
2025-11-26 15:30:00+00:00,314.03,285.1,95.13
2025-11-26 15:45:00+00:00,371.24,335.01,97.1
2025-11-26 16:00:00+00:00,291.5,261.63,83.02
2025-11-26 16:15:00+00:00,298.58,269.02,92.23
2025-11-26 16:30:00+00:00,295.42,281.03,194.99
2025-11-26 16:45:00+00:00,292.94,279.63,200.01
2025-11-26 17:00:00+00:00,267.96,250.54,149.52
2025-11-26 17:15:00+00:00,213.57,208.43,178.62
2025-11-26 17:30:00+00:00,226.25,220.92,190.0
2025-11-26 17:45:00+00:00,207.94,207.05,201.86
2025-11-26 18:00:00+00:00,219.26,219.26,219.26
2025-11-26 18:15:00+00:00,190.0,190.0,190.0
2025-11-26 18:30:00+00:00,169.81,165.89,150.0
2025-11-26 18:45:00+00:00,155.63,150.07,127.52
2025-11-26 19:00:00+00:00,175.01,170.48,146.79
2025-11-26 19:15:00+00:00,149.99,146.78,130.01
2025-11-26 19:30:00+00:00,128.89,126.82,116.03
2025-11-26 19:45:00+00:00,111.15,110.4,106.49
2025-11-26 20:00:00+00:00,141.0,135.6,106.49
2025-11-26 20:15:00+00:00,124.33,121.12,103.82
2025-11-26 20:30:00+00:00,103.06,102.32,98.3
2025-11-26 20:45:00+00:00,91.4,91.4,91.4
2025-11-26 21:00:00+00:00,118.94,114.87,92.23
2025-11-26 21:15:00+00:00,105.08,102.9,90.8
2025-11-26 21:30:00+00:00,94.27,94.27,94.27
2025-11-26 21:45:00+00:00,89.68,80.1,90.26
2025-11-26 22:00:00+00:00,99.79,96.19,94.1
2025-11-26 22:15:00+00:00,90.9,90.9,90.9
2025-11-26 22:30:00+00:00,88.06,88.06,88.06
2025-11-26 22:45:00+00:00,82.0,80.1,82.5
2025-11-26 23:00:00+00:00,94.07,94.07,94.07
2025-11-26 23:15:00+00:00,91.21,91.21,91.21
2025-11-26 23:30:00+00:00,87.81,87.81,87.81
2025-11-26 23:45:00+00:00,86.69,86.16,82.47
2025-11-27 00:00:00+00:00,88.91,88.58,86.0
2025-11-27 00:15:00+00:00,85.62,85.12,81.18
2025-11-27 00:30:00+00:00,82.62,82.32,80.0
2025-11-27 00:45:00+00:00,79.95,79.81,78.66
2025-11-27 01:00:00+00:00,83.73,83.1,78.66
2025-11-27 01:15:00+00:00,81.09,80.26,74.49
2025-11-27 01:30:00+00:00,79.37,78.46,72.1
2025-11-27 01:45:00+00:00,75.6,74.9,70.0
2025-11-27 02:00:00+00:00,80.85,75.47,72.08
2025-11-27 02:15:00+00:00,79.37,74.67,68.59
2025-11-27 02:30:00+00:00,77.42,74.63,67.47
2025-11-27 02:45:00+00:00,71.73,69.96,65.5
2025-11-27 03:00:00+00:00,76.69,67.84,66.07
2025-11-27 03:15:00+00:00,76.92,67.84,65.38
2025-11-27 03:30:00+00:00,82.83,67.6,66.07
2025-11-27 03:45:00+00:00,83.35,57.41,68.01
2025-11-27 04:00:00+00:00,83.19,74.8,65.37
2025-11-27 04:15:00+00:00,73.46,68.76,65.5
2025-11-27 04:30:00+00:00,84.35,74.67,70.0
2025-11-27 04:45:00+00:00,87.31,74.93,75.0
2025-11-27 05:00:00+00:00,86.98,67.05,69.32
2025-11-27 05:15:00+00:00,111.57,72.52,75.01
2025-11-27 05:30:00+00:00,119.44,74.17,80.02
2025-11-27 05:45:00+00:00,130.89,69.4,85.5
2025-11-27 06:00:00+00:00,116.39,80.1,90.28
2025-11-27 06:15:00+00:00,120.6,83.71,95.46
2025-11-27 06:30:00+00:00,125.98,91.55,99.53
2025-11-27 06:45:00+00:00,125.03,106.72,101.58
2025-11-27 07:00:00+00:00,132.01,89.66,104.71
2025-11-27 07:15:00+00:00,126.84,99.91,104.34
2025-11-27 07:30:00+00:00,119.91,103.63,100.32
2025-11-27 07:45:00+00:00,113.66,106.72,90.2
2025-11-27 08:00:00+00:00,116.5,99.04,101.58
2025-11-27 08:15:00+00:00,119.82,99.04,89.98
2025-11-27 08:30:00+00:00,103.4,97.89,93.38
2025-11-27 08:45:00+00:00,88.09,84.03,65.67
2025-11-27 09:00:00+00:00,103.09,96.83,86.44
2025-11-27 09:15:00+00:00,87.54,83.59,62.28
2025-11-27 09:30:00+00:00,86.49,85.76,87.09
2025-11-27 09:45:00+00:00,86.67,87.24,87.69
2025-11-27 10:00:00+00:00,92.82,87.69,88.96
2025-11-27 10:15:00+00:00,89.39,84.69,78.49
2025-11-27 10:30:00+00:00,86.61,84.69,75.21
2025-11-27 10:45:00+00:00,85.84,84.69,81.62
2025-11-27 11:00:00+00:00,90.38,90.1,84.3
2025-11-27 11:15:00+00:00,85.72,85.61,77.7
2025-11-27 11:30:00+00:00,85.75,86.02,80.69
2025-11-27 11:45:00+00:00,86.4,85.53,71.41
2025-11-27 12:00:00+00:00,86.45,85.68,70.01
2025-11-27 12:15:00+00:00,85.06,86.7,85.69
2025-11-27 12:30:00+00:00,85.32,85.44,73.55
2025-11-27 12:45:00+00:00,86.21,88.47,90.24
2025-11-27 13:00:00+00:00,86.32,88.32,89.88
2025-11-27 13:15:00+00:00,86.52,89.41,91.68
2025-11-27 13:30:00+00:00,90.0,89.73,69.67
2025-11-27 13:45:00+00:00,94.15,95.11,87.55
2025-11-27 14:00:00+00:00,86.61,86.04,67.15
2025-11-27 14:15:00+00:00,88.82,89.71,76.71
2025-11-27 14:30:00+00:00,97.13,97.87,84.42
2025-11-27 14:45:00+00:00,89.84,94.29,97.81
2025-11-27 15:00:00+00:00,94.1,91.8,65.32
2025-11-27 15:15:00+00:00,86.32,88.36,80.1
2025-11-27 15:30:00+00:00,88.21,91.9,90.2
2025-11-27 15:45:00+00:00,93.09,97.56,100.78
2025-11-27 16:00:00+00:00,85.47,88.63,88.53
2025-11-27 16:15:00+00:00,92.01,95.43,98.0
2025-11-27 16:30:00+00:00,100.19,102.56,104.71
2025-11-27 16:45:00+00:00,112.36,105.39,114.99
2025-11-27 17:00:00+00:00,103.57,104.3,106.65
2025-11-27 17:15:00+00:00,99.75,100.38,104.16
2025-11-27 17:30:00+00:00,101.78,89.66,110.0
2025-11-27 17:45:00+00:00,100.47,80.1,110.03
2025-11-27 18:00:00+00:00,98.54,98.9,102.69
2025-11-27 18:15:00+00:00,88.66,86.41,95.08
2025-11-27 18:30:00+00:00,85.3,85.27,90.78
2025-11-27 18:45:00+00:00,80.58,77.42,84.27
2025-11-27 19:00:00+00:00,91.42,87.61,92.61
2025-11-27 19:15:00+00:00,90.83,84.1,91.67
2025-11-27 19:30:00+00:00,82.01,75.65,82.66
2025-11-27 19:45:00+00:00,77.33,72.27,77.98
2025-11-27 20:00:00+00:00,88.62,86.9,90.5
2025-11-27 20:15:00+00:00,75.77,74.39,77.38
2025-11-27 20:30:00+00:00,80.57,79.51,81.87
2025-11-27 20:45:00+00:00,77.54,74.32,79.0
2025-11-27 21:00:00+00:00,90.43,74.14,90.45
2025-11-27 21:15:00+00:00,83.69,65.3,89.38
2025-11-27 21:30:00+00:00,87.03,63.48,93.12
2025-11-27 21:45:00+00:00,79.27,63.88,83.27
2025-11-27 22:00:00+00:00,84.9,61.08,93.26
2025-11-27 22:15:00+00:00,74.68,59.71,79.82
2025-11-27 22:30:00+00:00,66.89,54.38,71.0
2025-11-27 22:45:00+00:00,51.36,48.11,52.24
2025-11-27 23:00:00+00:00,70.39,69.52,71.31
2025-11-27 23:15:00+00:00,65.07,63.97,66.82
2025-11-27 23:30:00+00:00,55.81,53.72,57.12
2025-11-27 23:45:00+00:00,52.09,49.21,53.15
2025-11-28 00:00:00+00:00,65.16,65.85,68.06
2025-11-28 00:15:00+00:00,52.5,53.47,56.59
2025-11-28 00:30:00+00:00,53.72,51.34,57.41
2025-11-28 00:45:00+00:00,48.62,48.58,51.14
2025-11-28 01:00:00+00:00,54.94,53.63,58.52
2025-11-28 01:15:00+00:00,53.41,52.73,55.48
2025-11-28 01:30:00+00:00,52.71,51.55,54.42
2025-11-28 01:45:00+00:00,50.66,49.99,52.01
2025-11-28 02:00:00+00:00,46.88,45.98,49.22
2025-11-28 02:15:00+00:00,48.21,46.22,50.11
2025-11-28 02:30:00+00:00,47.88,45.03,48.92
2025-11-28 02:45:00+00:00,48.56,45.98,50.03
2025-11-28 03:00:00+00:00,52.1,50.83,47.26
2025-11-28 03:15:00+00:00,51.42,51.07,48.84
2025-11-28 03:30:00+00:00,60.07,52.47,53.0
2025-11-28 03:45:00+00:00,69.91,58.75,56.98
2025-11-28 04:00:00+00:00,51.5,48.37,50.72
2025-11-28 04:15:00+00:00,54.6,53.32,56.73
2025-11-28 04:30:00+00:00,59.93,56.21,59.0
2025-11-28 04:45:00+00:00,78.13,74.53,70.77
2025-11-28 05:00:00+00:00,63.73,61.09,63.4
2025-11-28 05:15:00+00:00,78.11,74.89,75.19
2025-11-28 05:30:00+00:00,87.33,83.01,77.92
2025-11-28 05:45:00+00:00,102.28,95.76,83.3
2025-11-28 06:00:00+00:00,78.23,73.79,78.23
2025-11-28 06:15:00+00:00,90.96,82.55,90.96
2025-11-28 06:30:00+00:00,95.0,89.5,95.0
2025-11-28 06:45:00+00:00,87.09,80.63,87.09
2025-11-28 07:00:00+00:00,102.89,98.97,106.67
2025-11-28 07:15:00+00:00,98.63,94.81,102.31
2025-11-28 07:30:00+00:00,100.37,97.25,103.71
2025-11-28 07:45:00+00:00,100.01,98.78,100.77
2025-11-28 08:00:00+00:00,114.3,115.85,119.7
2025-11-28 08:15:00+00:00,102.25,103.32,104.26
2025-11-28 08:30:00+00:00,100.1,100.46,97.92
2025-11-28 08:45:00+00:00,96.95,95.56,86.01
2025-11-28 09:00:00+00:00,102.24,102.49,96.5
2025-11-28 09:15:00+00:00,96.07,95.5,89.98
2025-11-28 09:30:00+00:00,97.01,95.69,85.97
2025-11-28 09:45:00+00:00,96.06,93.96,79.7
2025-11-28 10:00:00+00:00,104.5,100.51,79.7
2025-11-28 10:15:00+00:00,102.98,96.01,78.66
2025-11-28 10:30:00+00:00,102.83,92.05,76.2
2025-11-28 10:45:00+00:00,100.97,90.42,77.0
2025-11-28 11:00:00+00:00,94.73,93.11,78.41
2025-11-28 11:15:00+00:00,94.2,92.45,77.0
2025-11-28 11:30:00+00:00,102.74,99.76,78.01
2025-11-28 11:45:00+00:00,103.18,99.85,75.97
2025-11-28 12:00:00+00:00,97.56,95.08,75.0
2025-11-28 12:15:00+00:00,99.96,96.85,73.0
2025-11-28 12:30:00+00:00,100.96,97.38,70.0
2025-11-28 12:45:00+00:00,99.32,95.9,69.0
2025-11-28 13:00:00+00:00,92.35,81.02,69.21
2025-11-28 13:15:00+00:00,94.54,77.32,68.0
2025-11-28 13:30:00+00:00,102.32,76.66,67.98
2025-11-28 13:45:00+00:00,105.95,77.0,71.0
2025-11-28 14:00:00+00:00,94.63,89.9,66.02
2025-11-28 14:15:00+00:00,104.02,99.22,71.6
2025-11-28 14:30:00+00:00,117.63,111.8,76.5
2025-11-28 14:45:00+00:00,102.4,100.85,84.78
2025-11-28 15:00:00+00:00,106.13,86.6,78.0
2025-11-28 15:15:00+00:00,103.0,92.92,84.61
2025-11-28 15:30:00+00:00,101.42,95.61,80.29
2025-11-28 15:45:00+00:00,103.05,101.38,88.39
2025-11-28 16:00:00+00:00,94.32,91.58,76.62
2025-11-28 16:15:00+00:00,96.95,96.23,91.85
2025-11-28 16:30:00+00:00,96.47,95.8,97.96
2025-11-28 16:45:00+00:00,96.89,96.0,98.15
2025-11-28 17:00:00+00:00,101.04,100.16,103.14
2025-11-28 17:15:00+00:00,95.41,94.48,97.93
2025-11-28 17:30:00+00:00,98.03,94.48,101.94
2025-11-28 17:45:00+00:00,98.02,77.0,98.22
2025-11-28 18:00:00+00:00,102.32,102.22,106.56
2025-11-28 18:15:00+00:00,96.1,94.71,98.8
2025-11-28 18:30:00+00:00,91.57,90.22,94.56
2025-11-28 18:45:00+00:00,83.29,80.7,85.2
2025-11-28 19:00:00+00:00,102.8,100.95,104.28
2025-11-28 19:15:00+00:00,87.62,85.83,89.71
2025-11-28 19:30:00+00:00,85.29,82.94,86.45
2025-11-28 19:45:00+00:00,78.12,74.16,79.14
2025-11-28 20:00:00+00:00,91.34,89.27,92.24
2025-11-28 20:15:00+00:00,89.37,87.18,90.07
2025-11-28 20:30:00+00:00,86.05,83.88,86.83
2025-11-28 20:45:00+00:00,74.88,73.01,76.0
2025-11-28 21:00:00+00:00,91.61,89.5,92.69
2025-11-28 21:15:00+00:00,84.73,83.57,86.16
2025-11-28 21:30:00+00:00,88.43,87.0,88.95
2025-11-28 21:45:00+00:00,77.41,75.85,77.98
2025-11-28 22:00:00+00:00,85.83,84.18,86.85
2025-11-28 22:15:00+00:00,77.69,76.24,78.19
2025-11-28 22:30:00+00:00,75.84,75.08,76.11
2025-11-28 22:45:00+00:00,71.96,71.24,72.21
2025-11-28 23:00:00+00:00,95.22,94.69,95.33
2025-11-28 23:15:00+00:00,83.55,82.11,83.86
2025-11-28 23:30:00+00:00,77.91,76.34,78.26
2025-11-28 23:45:00+00:00,70.24,68.52,70.62
2025-11-29 00:00:00+00:00,83.48,82.8,83.65
2025-11-29 00:15:00+00:00,78.65,77.55,78.91
2025-11-29 00:30:00+00:00,80.62,79.62,80.87
2025-11-29 00:45:00+00:00,80.84,79.48,81.18
2025-11-29 01:00:00+00:00,84.28,84.88,86.29
2025-11-29 01:15:00+00:00,83.11,83.45,84.26
2025-11-29 01:30:00+00:00,78.97,78.02,79.19
2025-11-29 01:45:00+00:00,78.98,77.67,75.68
2025-11-29 02:00:00+00:00,84.07,84.33,85.0
2025-11-29 02:15:00+00:00,80.89,81.09,79.94
2025-11-29 02:30:00+00:00,82.18,80.9,69.4
2025-11-29 02:45:00+00:00,83.09,80.0,61.29
2025-11-29 03:00:00+00:00,83.02,81.41,68.98
2025-11-29 03:15:00+00:00,85.4,82.79,63.04
2025-11-29 03:30:00+00:00,86.79,84.29,64.88
2025-11-29 03:45:00+00:00,87.58,84.74,62.3
2025-11-29 04:00:00+00:00,90.25,87.89,72.19
2025-11-29 04:15:00+00:00,91.88,88.65,68.12
2025-11-29 04:30:00+00:00,84.93,84.16,76.02
2025-11-29 04:45:00+00:00,92.93,87.79,62.54
2025-11-29 05:00:00+00:00,81.1,80.82,78.75
2025-11-29 05:15:00+00:00,87.26,84.79,68.96
2025-11-29 05:30:00+00:00,93.64,91.79,81.8
2025-11-29 05:45:00+00:00,101.55,97.98,74.09
2025-11-29 06:00:00+00:00,79.12,78.3,80.59
2025-11-29 06:15:00+00:00,88.55,84.19,79.74
2025-11-29 06:30:00+00:00,104.37,86.83,73.71
2025-11-29 06:45:00+00:00,112.66,91.67,87.79
2025-11-29 07:00:00+00:00,92.7,92.0,93.87
2025-11-29 07:15:00+00:00,85.78,85.5,88.19
2025-11-29 07:30:00+00:00,89.8,89.61,91.94
2025-11-29 07:45:00+00:00,88.32,87.94,88.09
2025-11-29 08:00:00+00:00,99.87,97.66,93.54
2025-11-29 08:15:00+00:00,101.78,98.63,84.54
2025-11-29 08:30:00+00:00,101.98,98.63,79.94
2025-11-29 08:45:00+00:00,102.7,97.62,64.2
2025-11-29 09:00:00+00:00,109.99,105.09,70.35
2025-11-29 09:15:00+00:00,103.69,98.78,64.06
2025-11-29 09:30:00+00:00,99.74,95.03,62.11
2025-11-29 09:45:00+00:00,92.34,87.54,55.0
2025-11-29 10:00:00+00:00,100.8,95.31,54.3
2025-11-29 10:15:00+00:00,99.76,93.88,50.2
2025-11-29 10:30:00+00:00,94.8,89.38,49.25
2025-11-29 10:45:00+00:00,85.69,81.06,46.48
2025-11-29 11:00:00+00:00,91.03,86.44,51.91
2025-11-29 11:15:00+00:00,85.22,81.03,50.0
2025-11-29 11:30:00+00:00,85.25,80.91,50.2
2025-11-29 11:45:00+00:00,82.89,78.76,50.0
2025-11-29 12:00:00+00:00,93.16,87.45,46.0
2025-11-29 12:15:00+00:00,85.26,79.98,44.14
2025-11-29 12:30:00+00:00,85.52,80.1,43.18
2025-11-29 12:45:00+00:00,87.89,82.35,44.26
2025-11-29 13:00:00+00:00,86.1,80.61,44.0
2025-11-29 13:15:00+00:00,88.82,83.32,46.84
2025-11-29 13:30:00+00:00,93.64,87.79,48.85
2025-11-29 13:45:00+00:00,98.35,91.67,50.86
2025-11-29 14:00:00+00:00,97.31,91.55,51.03
2025-11-29 14:15:00+00:00,107.93,101.29,54.44
2025-11-29 14:30:00+00:00,102.44,96.5,59.41
2025-11-29 14:45:00+00:00,103.21,96.97,62.5
2025-11-29 15:00:00+00:00,91.77,86.74,61.72
2025-11-29 15:15:00+00:00,100.12,94.21,63.82
2025-11-29 15:30:00+00:00,104.57,99.52,75.54
2025-11-29 15:45:00+00:00,114.12,109.44,85.8
2025-11-29 16:00:00+00:00,107.43,101.04,65.0
2025-11-29 16:15:00+00:00,109.38,105.57,87.23
2025-11-29 16:30:00+00:00,108.14,104.7,87.66
2025-11-29 16:45:00+00:00,103.39,102.22,97.1
2025-11-29 17:00:00+00:00,107.41,105.98,86.18
2025-11-29 17:15:00+00:00,98.0,98.97,93.85
2025-11-29 17:30:00+00:00,95.02,95.94,89.72
2025-11-29 17:45:00+00:00,92.09,92.0,94.6
2025-11-29 18:00:00+00:00,92.17,92.6,96.56
2025-11-29 18:15:00+00:00,89.88,90.39,94.7
2025-11-29 18:30:00+00:00,85.61,86.65,90.93
2025-11-29 18:45:00+00:00,86.06,87.8,90.22
2025-11-29 19:00:00+00:00,89.88,92.39,97.9
2025-11-29 19:15:00+00:00,83.11,84.8,89.94
2025-11-29 19:30:00+00:00,76.91,77.37,81.56
2025-11-29 19:45:00+00:00,74.55,75.12,77.51
2025-11-29 20:00:00+00:00,85.61,84.31,86.05
2025-11-29 20:15:00+00:00,82.58,81.23,82.97
2025-11-29 20:30:00+00:00,78.31,77.24,79.0
2025-11-29 20:45:00+00:00,76.7,76.68,78.91
2025-11-29 21:00:00+00:00,86.95,88.45,91.93
2025-11-29 21:15:00+00:00,83.91,85.68,89.84
2025-11-29 21:30:00+00:00,86.43,87.95,90.79
2025-11-29 21:45:00+00:00,76.67,77.92,80.02
2025-11-29 22:00:00+00:00,83.1,85.15,90.27
2025-11-29 22:15:00+00:00,76.95,78.43,81.66
2025-11-29 22:30:00+00:00,76.0,76.89,79.38
2025-11-29 22:45:00+00:00,74.86,75.29,76.5
2025-11-29 23:00:00+00:00,84.65,83.62,85.7
2025-11-29 23:15:00+00:00,78.22,77.22,79.61
2025-11-29 23:30:00+00:00,71.64,70.0,72.1
2025-11-29 23:45:00+00:00,69.38,68.18,70.0
2025-11-30 00:00:00+00:00,74.13,72.22,74.54
2025-11-30 00:15:00+00:00,68.56,67.21,70.0
2025-11-30 00:30:00+00:00,68.38,66.91,69.5
2025-11-30 00:45:00+00:00,68.06,66.26,68.98
2025-11-30 01:00:00+00:00,69.34,67.62,69.82
2025-11-30 01:15:00+00:00,68.74,67.44,69.37
2025-11-30 01:30:00+00:00,67.74,66.52,68.98
2025-11-30 01:45:00+00:00,63.93,63.23,65.82
2025-11-30 02:00:00+00:00,68.56,67.05,68.98
2025-11-30 02:15:00+00:00,67.03,66.16,68.29
2025-11-30 02:30:00+00:00,65.14,63.68,66.01
2025-11-30 02:45:00+00:00,60.69,59.4,62.33
2025-11-30 03:00:00+00:00,65.55,65.06,67.22
2025-11-30 03:15:00+00:00,67.09,65.98,66.01
2025-11-30 03:30:00+00:00,68.7,67.36,65.6
2025-11-30 03:45:00+00:00,66.66,64.72,65.0
2025-11-30 04:00:00+00:00,72.04,70.3,67.87
2025-11-30 04:15:00+00:00,71.48,69.28,66.07
2025-11-30 04:30:00+00:00,75.74,73.03,65.85
2025-11-30 04:45:00+00:00,77.91,74.85,66.0
2025-11-30 05:00:00+00:00,71.32,69.2,66.07
2025-11-30 05:15:00+00:00,72.86,70.7,67.51
2025-11-30 05:30:00+00:00,77.18,73.9,63.62
2025-11-30 05:45:00+00:00,80.95,77.36,63.62
2025-11-30 06:00:00+00:00,72.4,71.43,69.37
2025-11-30 06:15:00+00:00,71.46,70.49,69.37
2025-11-30 06:30:00+00:00,77.91,76.34,69.24
2025-11-30 06:45:00+00:00,82.13,80.24,69.5
2025-11-30 07:00:00+00:00,75.79,74.7,71.67
2025-11-30 07:15:00+00:00,83.06,81.2,71.68
2025-11-30 07:30:00+00:00,79.77,78.77,75.0
2025-11-30 07:45:00+00:00,80.74,80.0,77.01
2025-11-30 08:00:00+00:00,82.06,82.63,84.61
2025-11-30 08:15:00+00:00,82.4,82.9,83.98
2025-11-30 08:30:00+00:00,82.0,82.18,82.08
2025-11-30 08:45:00+00:00,76.14,76.52,76.3
2025-11-30 09:00:00+00:00,87.79,86.61,79.23
2025-11-30 09:15:00+00:00,85.1,83.49,72.22
2025-11-30 09:30:00+00:00,83.74,82.04,70.76
2025-11-30 09:45:00+00:00,81.06,78.75,63.51
2025-11-30 10:00:00+00:00,77.9,76.53,67.23
2025-11-30 10:15:00+00:00,80.16,77.19,56.02
2025-11-30 10:30:00+00:00,84.11,81.59,63.34
2025-11-30 10:45:00+00:00,84.0,81.59,65.47
2025-11-30 11:00:00+00:00,78.81,78.19,71.0
2025-11-30 11:15:00+00:00,76.41,75.66,69.32
2025-11-30 11:30:00+00:00,82.48,82.48,82.48
2025-11-30 11:45:00+00:00,85.08,83.67,73.48
2025-11-30 12:00:00+00:00,77.91,76.79,70.35
2025-11-30 12:15:00+00:00,80.74,80.52,80.0
2025-11-30 12:30:00+00:00,83.68,81.1,64.07
2025-11-30 12:45:00+00:00,87.74,84.49,59.14
2025-11-30 13:00:00+00:00,78.32,76.46,60.54
2025-11-30 13:15:00+00:00,87.18,83.24,53.3
2025-11-30 13:30:00+00:00,89.08,85.85,58.93
2025-11-30 13:45:00+00:00,95.61,93.79,76.76
2025-11-30 14:00:00+00:00,81.82,78.74,54.0
2025-11-30 14:15:00+00:00,88.59,85.03,56.3
2025-11-30 14:30:00+00:00,103.14,98.38,62.36
2025-11-30 14:45:00+00:00,100.76,97.86,74.64
2025-11-30 15:00:00+00:00,82.79,81.85,83.36
2025-11-30 15:15:00+00:00,86.61,84.08,74.9
2025-11-30 15:30:00+00:00,99.94,98.18,85.0
2025-11-30 15:45:00+00:00,101.9,100.73,92.0
2025-11-30 16:00:00+00:00,103.02,101.12,95.46
2025-11-30 16:15:00+00:00,103.09,101.74,98.68
2025-11-30 16:30:00+00:00,105.03,104.07,100.58
2025-11-30 16:45:00+00:00,105.05,104.81,102.37
2025-11-30 17:00:00+00:00,106.37,105.33,102.33
2025-11-30 17:15:00+00:00,105.07,104.54,104.93
2025-11-30 17:30:00+00:00,105.1,104.72,105.29
2025-11-30 17:45:00+00:00,108.31,107.94,108.96
2025-11-30 18:00:00+00:00,103.08,103.03,106.18
2025-11-30 18:15:00+00:00,105.01,104.97,107.63
2025-11-30 18:30:00+00:00,103.28,103.14,105.96
2025-11-30 18:45:00+00:00,105.14,105.0,107.46
2025-11-30 19:00:00+00:00,97.27,98.2,102.29
2025-11-30 19:15:00+00:00,97.7,98.08,102.0
2025-11-30 19:30:00+00:00,96.74,97.13,101.06
2025-11-30 19:45:00+00:00,98.39,98.22,100.34
2025-11-30 20:00:00+00:00,95.94,96.68,100.41
2025-11-30 20:15:00+00:00,96.66,97.24,100.05
2025-11-30 20:30:00+00:00,90.92,90.15,92.98
2025-11-30 20:45:00+00:00,88.2,86.95,89.1
2025-11-30 21:00:00+00:00,95.51,95.01,97.56
2025-11-30 21:15:00+00:00,93.93,92.12,94.63
2025-11-30 21:30:00+00:00,91.64,89.81,92.21
2025-11-30 21:45:00+00:00,89.31,88.37,90.0
2025-11-30 22:00:00+00:00,88.51,87.72,90.27
2025-11-30 22:15:00+00:00,86.44,85.17,86.78
2025-11-30 22:30:00+00:00,87.27,86.4,87.5
2025-11-30 22:45:00+00:00,86.29,86.29,86.29
2025-11-30 23:00:00+00:00,90.91,90.03,91.42
2025-11-30 23:15:00+00:00,90.44,89.62,90.93
2025-11-30 23:30:00+00:00,86.29,84.69,80.0
2025-11-30 23:45:00+00:00,84.34,80.53,60.07
2025-12-01 00:00:00+00:00,90.79,89.5,81.53
2025-12-01 00:15:00+00:00,85.05,83.53,75.39
2025-12-01 00:30:00+00:00,85.46,81.94,65.15
2025-12-01 00:45:00+00:00,82.79,79.17,61.31
2025-12-01 01:00:00+00:00,85.03,82.96,70.34
2025-12-01 01:15:00+00:00,81.35,78.16,62.16
2025-12-01 01:30:00+00:00,78.91,76.73,71.0
2025-12-01 01:45:00+00:00,80.07,75.73,50.02
2025-12-01 02:00:00+00:00,86.29,73.62,67.06
2025-12-01 02:15:00+00:00,85.02,68.45,54.33
2025-12-01 02:30:00+00:00,82.8,68.16,51.55
2025-12-01 02:45:00+00:00,86.45,59.51,39.02
2025-12-01 03:00:00+00:00,80.08,67.14,56.43
2025-12-01 03:15:00+00:00,81.32,61.95,44.88
2025-12-01 03:30:00+00:00,76.83,60.48,35.15
2025-12-01 03:45:00+00:00,82.8,60.87,53.13
2025-12-01 04:00:00+00:00,81.36,57.84,43.95
2025-12-01 04:15:00+00:00,79.44,59.17,66.07
2025-12-01 04:30:00+00:00,90.9,60.67,41.67
2025-12-01 04:45:00+00:00,103.28,62.32,58.0
2025-12-01 05:00:00+00:00,77.9,65.13,77.69
2025-12-01 05:15:00+00:00,81.33,66.46,71.34
2025-12-01 05:30:00+00:00,92.36,67.26,75.01
2025-12-01 05:45:00+00:00,102.91,71.46,79.12
2025-12-01 06:00:00+00:00,119.01,73.45,84.36
2025-12-01 06:15:00+00:00,119.06,77.94,92.97
2025-12-01 06:30:00+00:00,130.98,90.59,109.0
2025-12-01 06:45:00+00:00,142.39,116.39,119.74
2025-12-01 07:00:00+00:00,170.36,80.1,125.01
2025-12-01 07:15:00+00:00,146.72,104.44,120.47
2025-12-01 07:30:00+00:00,122.86,106.7,100.37
2025-12-01 07:45:00+00:00,117.39,106.7,74.18
2025-12-01 08:00:00+00:00,117.0,119.5,118.04
2025-12-01 08:15:00+00:00,112.59,112.31,100.1
2025-12-01 08:30:00+00:00,104.5,96.96,87.92
2025-12-01 08:45:00+00:00,86.29,81.91,74.78
2025-12-01 09:00:00+00:00,97.71,94.57,88.0
2025-12-01 09:15:00+00:00,95.05,86.81,79.01
2025-12-01 09:30:00+00:00,95.02,82.12,70.14
2025-12-01 09:45:00+00:00,87.15,79.71,63.32
2025-12-01 10:00:00+00:00,90.58,81.91,70.0
2025-12-01 10:15:00+00:00,86.3,79.64,67.9
2025-12-01 10:30:00+00:00,83.32,79.3,67.9
2025-12-01 10:45:00+00:00,83.64,78.63,67.0
2025-12-01 11:00:00+00:00,86.29,77.17,71.82
2025-12-01 11:15:00+00:00,81.4,77.05,70.5
2025-12-01 11:30:00+00:00,84.9,76.97,70.5
2025-12-01 11:45:00+00:00,87.48,76.77,70.37
2025-12-01 12:00:00+00:00,86.19,78.69,69.72
2025-12-01 12:15:00+00:00,86.98,81.73,69.72
2025-12-01 12:30:00+00:00,89.91,89.13,69.0
2025-12-01 12:45:00+00:00,97.2,95.03,69.85
2025-12-01 13:00:00+00:00,98.21,80.0,69.72
2025-12-01 13:15:00+00:00,106.89,94.68,69.72
2025-12-01 13:30:00+00:00,114.77,104.22,69.98
2025-12-01 13:45:00+00:00,109.0,95.1,70.11
2025-12-01 14:00:00+00:00,117.43,77.28,70.37
2025-12-01 14:15:00+00:00,122.89,80.0,70.5
2025-12-01 14:30:00+00:00,126.75,95.23,72.63
2025-12-01 14:45:00+00:00,114.22,110.09,80.0
2025-12-01 15:00:00+00:00,118.92,80.67,70.35
2025-12-01 15:15:00+00:00,119.94,88.19,82.06
2025-12-01 15:30:00+00:00,112.45,96.64,90.2
2025-12-01 15:45:00+00:00,100.55,107.7,100.0
2025-12-01 16:00:00+00:00,89.91,95.04,87.44
2025-12-01 16:15:00+00:00,97.82,102.41,92.76
2025-12-01 16:30:00+00:00,100.56,105.33,98.98
2025-12-01 16:45:00+00:00,89.36,95.78,100.3
2025-12-01 17:00:00+00:00,86.91,91.23,89.01
2025-12-01 17:15:00+00:00,89.7,93.26,94.33
2025-12-01 17:30:00+00:00,91.08,91.45,104.35
2025-12-01 17:45:00+00:00,88.28,90.52,101.43
2025-12-01 18:00:00+00:00,95.08,95.08,108.83
2025-12-01 18:15:00+00:00,85.38,85.38,97.79
2025-12-01 18:30:00+00:00,85.91,85.91,98.21
2025-12-01 18:45:00+00:00,80.7,80.7,92.21
2025-12-01 19:00:00+00:00,91.99,94.96,98.33
2025-12-01 19:15:00+00:00,84.07,86.59,90.91
2025-12-01 19:30:00+00:00,75.91,79.9,79.96
2025-12-01 19:45:00+00:00,77.23,80.1,80.01
2025-12-01 20:00:00+00:00,86.86,90.03,93.35
2025-12-01 20:15:00+00:00,80.98,83.33,86.84
2025-12-01 20:30:00+00:00,69.87,70.28,74.03
2025-12-01 20:45:00+00:00,66.09,64.37,67.22
2025-12-01 21:00:00+00:00,84.08,84.94,87.81
2025-12-01 21:15:00+00:00,72.56,73.3,78.17
2025-12-01 21:30:00+00:00,79.69,79.67,83.8
2025-12-01 21:45:00+00:00,69.39,67.68,71.97
2025-12-01 22:00:00+00:00,82.47,82.73,85.99
2025-12-01 22:15:00+00:00,70.76,69.57,73.84
2025-12-01 22:30:00+00:00,71.18,69.17,73.16
2025-12-01 22:45:00+00:00,62.8,61.65,65.27
2025-12-01 23:00:00+00:00,74.08,75.68,80.92
2025-12-01 23:15:00+00:00,69.92,67.98,71.01
2025-12-01 23:30:00+00:00,63.16,59.86,53.08
2025-12-01 23:45:00+00:00,55.95,52.89,31.54
2025-12-02 00:00:00+00:00,65.41,65.73,61.06
2025-12-02 00:15:00+00:00,58.49,59.43,58.68
2025-12-02 00:30:00+00:00,56.59,57.73,58.78
2025-12-02 00:45:00+00:00,54.79,53.69,48.0
2025-12-02 01:00:00+00:00,55.08,56.85,55.19
2025-12-02 01:15:00+00:00,54.24,52.89,56.23
2025-12-02 01:30:00+00:00,54.69,53.91,52.85
2025-12-02 01:45:00+00:00,55.73,52.69,40.1
2025-12-02 02:00:00+00:00,55.16,52.1,45.31
2025-12-02 02:15:00+00:00,53.71,51.42,44.08
2025-12-02 02:30:00+00:00,54.16,50.54,34.81
2025-12-02 02:45:00+00:00,51.9,49.46,39.95
2025-12-02 03:00:00+00:00,48.96,46.15,34.7
2025-12-02 03:15:00+00:00,49.78,47.0,34.24
2025-12-02 03:30:00+00:00,51.02,48.99,46.68
2025-12-02 03:45:00+00:00,52.11,53.05,59.83
2025-12-02 04:00:00+00:00,50.29,48.17,44.02
2025-12-02 04:15:00+00:00,59.31,57.91,63.3
2025-12-02 04:30:00+00:00,69.17,65.21,63.97
2025-12-02 04:45:00+00:00,79.57,77.34,75.13
2025-12-02 05:00:00+00:00,62.56,60.09,57.93
2025-12-02 05:15:00+00:00,76.7,75.25,75.15
2025-12-02 05:30:00+00:00,90.05,88.75,85.0
2025-12-02 05:45:00+00:00,84.74,87.91,89.18
2025-12-02 06:00:00+00:00,74.21,70.1,80.0
2025-12-02 06:15:00+00:00,80.8,80.0,83.91
2025-12-02 06:30:00+00:00,92.82,85.1,92.82
2025-12-02 06:45:00+00:00,103.32,84.85,95.34
2025-12-02 07:00:00+00:00,84.2,83.43,95.07
2025-12-02 07:15:00+00:00,87.9,91.72,95.82
2025-12-02 07:30:00+00:00,88.12,92.66,95.72
2025-12-02 07:45:00+00:00,90.38,92.98,95.34
2025-12-02 08:00:00+00:00,88.79,85.6,96.3
2025-12-02 08:15:00+00:00,89.98,85.6,95.02
2025-12-02 08:30:00+00:00,89.16,80.1,89.16
2025-12-02 08:45:00+00:00,85.19,80.7,85.19
2025-12-02 09:00:00+00:00,87.61,90.62,90.63
2025-12-02 09:15:00+00:00,85.38,87.68,86.0
2025-12-02 09:30:00+00:00,84.61,86.53,83.0
2025-12-02 09:45:00+00:00,85.73,86.78,79.94
2025-12-02 10:00:00+00:00,85.07,85.82,86.0
2025-12-02 10:15:00+00:00,85.2,85.21,82.63
2025-12-02 10:30:00+00:00,87.84,87.27,81.78
2025-12-02 10:45:00+00:00,88.78,87.86,79.64
2025-12-02 11:00:00+00:00,87.01,87.01,82.54
2025-12-02 11:15:00+00:00,86.99,86.8,80.53
2025-12-02 11:30:00+00:00,87.58,87.32,80.53
2025-12-02 11:45:00+00:00,88.21,87.55,77.6
2025-12-02 12:00:00+00:00,94.84,85.64,80.52
2025-12-02 12:15:00+00:00,91.79,88.33,78.94
2025-12-02 12:30:00+00:00,94.84,90.01,71.34
2025-12-02 12:45:00+00:00,106.67,95.62,71.0
2025-12-02 13:00:00+00:00,84.49,83.07,86.56
2025-12-02 13:15:00+00:00,86.75,84.24,88.28
2025-12-02 13:30:00+00:00,116.52,91.15,87.62
2025-12-02 13:45:00+00:00,132.27,101.99,92.05
2025-12-02 14:00:00+00:00,122.27,81.68,87.2
2025-12-02 14:15:00+00:00,137.87,90.65,86.9
2025-12-02 14:30:00+00:00,150.35,94.14,85.05
2025-12-02 14:45:00+00:00,150.99,119.86,93.9
2025-12-02 15:00:00+00:00,130.07,96.16,80.53
2025-12-02 15:15:00+00:00,126.39,104.32,85.61
2025-12-02 15:30:00+00:00,136.63,133.99,88.75
2025-12-02 15:45:00+00:00,152.27,148.41,95.82
2025-12-02 16:00:00+00:00,142.01,112.57,95.58
2025-12-02 16:15:00+00:00,152.91,146.02,100.0
2025-12-02 16:30:00+00:00,157.84,153.26,122.88
2025-12-02 16:45:00+00:00,153.8,150.1,127.27
2025-12-02 17:00:00+00:00,154.72,146.25,109.63
2025-12-02 17:15:00+00:00,153.97,117.81,125.68
2025-12-02 17:30:00+00:00,160.89,108.96,128.17
2025-12-02 17:45:00+00:00,178.99,105.1,140.06
2025-12-02 18:00:00+00:00,165.42,128.7,127.25
2025-12-02 18:15:00+00:00,157.12,112.6,127.27
2025-12-02 18:30:00+00:00,172.28,100.1,125.73
2025-12-02 18:45:00+00:00,157.99,94.6,125.01
2025-12-02 19:00:00+00:00,181.42,110.5,123.82
2025-12-02 19:15:00+00:00,160.01,94.66,123.82
2025-12-02 19:30:00+00:00,147.98,91.77,90.99
2025-12-02 19:45:00+00:00,130.13,83.08,97.76
2025-12-02 20:00:00+00:00,140.25,99.91,110.97
2025-12-02 20:15:00+00:00,135.99,91.09,101.64
2025-12-02 20:30:00+00:00,127.03,82.82,87.26
2025-12-02 20:45:00+00:00,114.12,80.94,91.11
2025-12-02 21:00:00+00:00,129.63,99.92,77.5
2025-12-02 21:15:00+00:00,122.53,88.88,96.06
2025-12-02 21:30:00+00:00,116.06,81.63,86.74
2025-12-02 21:45:00+00:00,108.67,79.89,86.07
2025-12-02 22:00:00+00:00,108.06,101.04,85.03
2025-12-02 22:15:00+00:00,105.04,99.2,87.0
2025-12-02 22:30:00+00:00,96.24,91.2,85.66
2025-12-02 22:45:00+00:00,87.21,85.86,82.98
2025-12-02 23:00:00+00:00,92.22,88.48,92.07
2025-12-02 23:15:00+00:00,89.98,84.97,88.98
2025-12-02 23:30:00+00:00,90.88,80.59,80.4
2025-12-02 23:45:00+00:00,90.26,78.44,78.74
2025-12-03 00:00:00+00:00,87.22,85.02,81.21
2025-12-03 00:15:00+00:00,86.51,83.71,78.74
2025-12-03 00:30:00+00:00,91.3,86.81,78.74
2025-12-03 00:45:00+00:00,91.26,84.33,78.74
2025-12-03 01:00:00+00:00,89.98,85.89,78.74
2025-12-03 01:15:00+00:00,89.87,84.97,76.36
2025-12-03 01:30:00+00:00,90.64,84.07,72.47
2025-12-03 01:45:00+00:00,90.54,83.29,70.5
2025-12-03 02:00:00+00:00,91.39,83.89,70.27
2025-12-03 02:15:00+00:00,90.75,82.58,67.72
2025-12-03 02:30:00+00:00,88.66,81.1,67.37
2025-12-03 02:45:00+00:00,88.71,81.08,67.24
2025-12-03 03:00:00+00:00,90.24,82.59,67.24
2025-12-03 03:15:00+00:00,89.02,81.15,66.98
2025-12-03 03:30:00+00:00,89.89,81.76,67.11
2025-12-03 03:45:00+00:00,90.93,82.47,67.24
2025-12-03 04:00:00+00:00,89.37,77.89,70.15
2025-12-03 04:15:00+00:00,90.83,78.39,71.2
2025-12-03 04:30:00+00:00,99.82,82.66,72.47
2025-12-03 04:45:00+00:00,115.9,104.44,75.1
2025-12-03 05:00:00+00:00,111.45,73.05,71.34
2025-12-03 05:15:00+00:00,131.89,76.9,76.56
2025-12-03 05:30:00+00:00,160.34,82.91,80.4
2025-12-03 05:45:00+00:00,200.1,102.98,83.3
2025-12-03 06:00:00+00:00,153.9,70.64,85.4
2025-12-03 06:15:00+00:00,184.0,85.88,95.0
2025-12-03 06:30:00+00:00,236.0,118.1,95.58
2025-12-03 06:45:00+00:00,226.1,156.53,96.3
2025-12-03 07:00:00+00:00,236.03,114.08,103.43
2025-12-03 07:15:00+00:00,260.8,172.4,100.86
2025-12-03 07:30:00+00:00,270.09,175.27,98.53
2025-12-03 07:45:00+00:00,233.07,157.61,96.54
2025-12-03 08:00:00+00:00,263.7,189.23,151.18
2025-12-03 08:15:00+00:00,240.76,154.61,110.59
2025-12-03 08:30:00+00:00,187.07,116.24,78.74
2025-12-03 08:45:00+00:00,188.03,109.43,67.07
2025-12-03 09:00:00+00:00,209.82,145.64,99.5
2025-12-03 09:15:00+00:00,184.12,128.48,88.49
2025-12-03 09:30:00+00:00,178.24,122.39,82.24
2025-12-03 09:45:00+00:00,176.54,121.54,82.0
2025-12-03 10:00:00+00:00,176.76,131.18,81.92
2025-12-03 10:15:00+00:00,172.13,128.34,86.61
2025-12-03 10:30:00+00:00,170.79,130.69,92.47
2025-12-03 10:45:00+00:00,173.81,129.7,92.8
2025-12-03 11:00:00+00:00,165.0,134.98,94.4
2025-12-03 11:15:00+00:00,157.01,128.11,94.95
2025-12-03 11:30:00+00:00,169.05,125.93,100.13
2025-12-03 11:45:00+00:00,179.84,126.21,94.12
2025-12-03 12:00:00+00:00,171.62,121.33,122.93
2025-12-03 12:15:00+00:00,175.55,135.98,97.61
2025-12-03 12:30:00+00:00,188.46,129.78,72.87
2025-12-03 12:45:00+00:00,190.0,132.92,77.57
2025-12-03 13:00:00+00:00,176.28,149.55,93.07
2025-12-03 13:15:00+00:00,190.0,163.88,80.75
2025-12-03 13:30:00+00:00,220.0,183.53,67.4
2025-12-03 13:45:00+00:00,213.47,183.44,73.54
2025-12-03 14:00:00+00:00,194.49,168.08,77.25
2025-12-03 14:15:00+00:00,214.67,190.82,91.98
2025-12-03 14:30:00+00:00,268.25,228.8,65.31
2025-12-03 14:45:00+00:00,292.84,254.39,95.04
2025-12-03 15:00:00+00:00,239.89,200.27,70.31
2025-12-03 15:15:00+00:00,304.99,254.45,96.88
2025-12-03 15:30:00+00:00,330.24,279.15,90.96
2025-12-03 15:45:00+00:00,358.28,299.01,80.68
2025-12-03 16:00:00+00:00,276.81,251.11,88.95
2025-12-03 16:15:00+00:00,288.07,263.41,103.07
2025-12-03 16:30:00+00:00,254.45,240.48,149.7
2025-12-03 16:45:00+00:00,219.08,216.53,200.0
2025-12-03 17:00:00+00:00,219.69,204.97,96.54
2025-12-03 17:15:00+00:00,220.59,206.0,98.53
2025-12-03 17:30:00+00:00,197.5,191.12,144.11
2025-12-03 17:45:00+00:00,178.7,178.7,178.7
2025-12-03 18:00:00+00:00,202.14,197.83,163.58
2025-12-03 18:15:00+00:00,175.13,167.24,101.98
2025-12-03 18:30:00+00:00,161.16,154.34,100.09
2025-12-03 18:45:00+00:00,152.08,146.08,98.39
2025-12-03 19:00:00+00:00,173.3,163.83,98.39
2025-12-03 19:15:00+00:00,151.23,144.5,97.98
2025-12-03 19:30:00+00:00,135.8,130.78,96.06
2025-12-03 19:45:00+00:00,124.63,120.9,95.1
2025-12-03 20:00:00+00:00,140.13,132.65,93.3
2025-12-03 20:15:00+00:00,133.67,121.3,93.3
2025-12-03 20:30:00+00:00,117.18,100.1,87.0
2025-12-03 20:45:00+00:00,108.32,82.74,81.44
2025-12-03 21:00:00+00:00,128.84,102.34,90.0
2025-12-03 21:15:00+00:00,117.17,96.75,86.55
2025-12-03 21:30:00+00:00,106.77,82.28,85.0
2025-12-03 21:45:00+00:00,100.84,78.26,80.35
2025-12-03 22:00:00+00:00,116.78,99.4,84.84
2025-12-03 22:15:00+00:00,105.61,84.87,78.74
2025-12-03 22:30:00+00:00,99.72,81.01,75.34
2025-12-03 22:45:00+00:00,94.43,74.31,65.26
2025-12-03 23:00:00+00:00,100.72,89.4,70.0
2025-12-03 23:15:00+00:00,99.64,90.06,65.5
2025-12-03 23:30:00+00:00,96.84,91.33,56.46
2025-12-03 23:45:00+00:00,92.33,86.87,52.34
2025-12-04 00:00:00+00:00,99.99,95.45,66.0
2025-12-04 00:15:00+00:00,95.23,89.9,55.37
2025-12-04 00:30:00+00:00,91.26,86.3,54.2
2025-12-04 00:45:00+00:00,89.05,83.85,50.21
2025-12-04 01:00:00+00:00,93.32,89.77,67.87
2025-12-04 01:15:00+00:00,89.9,84.66,52.34
2025-12-04 01:30:00+00:00,89.5,83.28,45.0
2025-12-04 01:45:00+00:00,90.61,83.4,38.96
2025-12-04 02:00:00+00:00,92.25,86.38,50.33
2025-12-04 02:15:00+00:00,90.52,84.15,45.0
2025-12-04 02:30:00+00:00,89.91,82.97,40.33
2025-12-04 02:45:00+00:00,88.75,80.93,36.5
2025-12-04 03:00:00+00:00,89.81,79.15,35.89
2025-12-04 03:15:00+00:00,91.73,79.38,32.89
2025-12-04 03:30:00+00:00,92.82,78.72,35.86
2025-12-04 03:45:00+00:00,94.95,76.85,38.16
2025-12-04 04:00:00+00:00,91.17,75.03,42.5
2025-12-04 04:15:00+00:00,95.63,79.54,41.77
2025-12-04 04:30:00+00:00,99.74,80.63,50.0
2025-12-04 04:45:00+00:00,100.48,84.8,51.72
2025-12-04 05:00:00+00:00,106.86,65.97,58.01
2025-12-04 05:15:00+00:00,108.98,78.23,63.09
2025-12-04 05:30:00+00:00,130.01,79.46,74.5
2025-12-04 05:45:00+00:00,153.61,80.34,70.7
2025-12-04 06:00:00+00:00,129.0,88.49,78.58
2025-12-04 06:15:00+00:00,130.04,115.65,77.32
2025-12-04 06:30:00+00:00,121.66,112.71,80.0
2025-12-04 06:45:00+00:00,132.94,123.15,85.44
2025-12-04 07:00:00+00:00,140.21,120.66,90.32
2025-12-04 07:15:00+00:00,150.0,125.2,86.53
2025-12-04 07:30:00+00:00,148.39,132.27,84.0
2025-12-04 07:45:00+00:00,140.21,128.63,82.0
2025-12-04 08:00:00+00:00,166.1,90.53,103.98
2025-12-04 08:15:00+00:00,169.95,84.56,80.0
2025-12-04 08:30:00+00:00,159.9,81.29,82.0
2025-12-04 08:45:00+00:00,159.99,73.96,73.01
2025-12-04 09:00:00+00:00,136.0,122.68,85.36
2025-12-04 09:15:00+00:00,136.9,91.21,70.0
2025-12-04 09:30:00+00:00,140.21,84.59,91.89
2025-12-04 09:45:00+00:00,140.51,71.4,84.86
2025-12-04 10:00:00+00:00,149.68,112.01,91.34
2025-12-04 10:15:00+00:00,148.16,89.6,83.95
2025-12-04 10:30:00+00:00,145.78,86.17,87.5
2025-12-04 10:45:00+00:00,148.75,80.23,81.29
2025-12-04 11:00:00+00:00,140.99,92.27,77.01
2025-12-04 11:15:00+00:00,136.0,88.36,75.1
2025-12-04 11:30:00+00:00,140.86,88.19,77.14
2025-12-04 11:45:00+00:00,150.0,87.42,75.08
2025-12-04 12:00:00+00:00,142.01,86.91,67.3
2025-12-04 12:15:00+00:00,144.4,89.67,74.43
2025-12-04 12:30:00+00:00,146.32,91.24,60.37
2025-12-04 12:45:00+00:00,148.0,95.1,82.14
2025-12-04 13:00:00+00:00,142.62,80.1,72.07
2025-12-04 13:15:00+00:00,151.16,87.5,83.23
2025-12-04 13:30:00+00:00,158.57,97.19,72.01
2025-12-04 13:45:00+00:00,155.92,127.21,81.11
2025-12-04 14:00:00+00:00,151.66,80.1,66.0
2025-12-04 14:15:00+00:00,160.55,86.65,69.71
2025-12-04 14:30:00+00:00,149.76,101.61,72.5
2025-12-04 14:45:00+00:00,142.0,120.32,102.57
2025-12-04 15:00:00+00:00,152.0,125.27,71.29
2025-12-04 15:15:00+00:00,150.68,143.38,95.38
2025-12-04 15:30:00+00:00,137.81,129.75,83.01
2025-12-04 15:45:00+00:00,140.3,131.68,81.67
2025-12-04 16:00:00+00:00,149.99,119.84,91.92
2025-12-04 16:15:00+00:00,146.13,135.6,89.4
2025-12-04 16:30:00+00:00,141.32,133.71,85.32
2025-12-04 16:45:00+00:00,141.35,125.09,97.56
2025-12-04 17:00:00+00:00,139.32,127.53,81.59
2025-12-04 17:15:00+00:00,138.01,121.45,103.24
2025-12-04 17:30:00+00:00,142.01,117.73,105.98
2025-12-04 17:45:00+00:00,149.99,117.73,149.83
2025-12-04 18:00:00+00:00,150.05,124.52,146.83
2025-12-04 18:15:00+00:00,139.78,120.8,139.69
2025-12-04 18:30:00+00:00,130.0,116.88,103.05
2025-12-04 18:45:00+00:00,120.11,105.81,90.74
2025-12-04 19:00:00+00:00,134.1,121.02,90.0
2025-12-04 19:15:00+00:00,124.04,113.92,90.0
2025-12-04 19:30:00+00:00,111.51,105.85,88.68
2025-12-04 19:45:00+00:00,104.76,100.4,86.69
2025-12-04 20:00:00+00:00,108.35,99.13,86.04
2025-12-04 20:15:00+00:00,106.88,98.5,86.78
2025-12-04 20:30:00+00:00,102.99,97.03,87.1
2025-12-04 20:45:00+00:00,95.19,90.09,81.83
2025-12-04 21:00:00+00:00,113.02,96.06,83.9
2025-12-04 21:15:00+00:00,111.95,92.97,82.0
2025-12-04 21:30:00+00:00,108.71,89.01,90.51
2025-12-04 21:45:00+00:00,102.47,86.69,87.6
2025-12-04 22:00:00+00:00,105.94,85.51,82.39
2025-12-04 22:15:00+00:00,102.46,89.6,81.27
2025-12-04 22:30:00+00:00,96.7,85.26,85.08
2025-12-04 22:45:00+00:00,87.93,79.63,77.71
2025-12-04 23:00:00+00:00,99.6,63.96,76.08
2025-12-04 23:15:00+00:00,98.0,79.39,90.3
2025-12-04 23:30:00+00:00,94.7,79.34,74.01
2025-12-04 23:45:00+00:00,90.67,77.31,70.0
2025-12-05 00:00:00+00:00,97.42,81.41,78.66
2025-12-05 00:15:00+00:00,94.78,80.19,78.34
2025-12-05 00:30:00+00:00,92.79,80.6,68.26
2025-12-05 00:45:00+00:00,90.46,79.95,61.18
2025-12-05 01:00:00+00:00,92.0,80.1,87.03
2025-12-05 01:15:00+00:00,91.83,80.1,74.79
2025-12-05 01:30:00+00:00,91.84,80.37,67.58
2025-12-05 01:45:00+00:00,88.01,80.37,66.76
2025-12-05 02:00:00+00:00,87.67,81.03,69.31
2025-12-05 02:15:00+00:00,89.41,80.61,65.06
2025-12-05 02:30:00+00:00,90.09,80.01,62.18
2025-12-05 02:45:00+00:00,95.1,81.69,58.0
2025-12-05 03:00:00+00:00,90.79,78.88,57.73
2025-12-05 03:15:00+00:00,91.1,78.39,55.81
2025-12-05 03:30:00+00:00,95.78,80.91,56.88
2025-12-05 03:45:00+00:00,98.45,81.99,65.3
2025-12-05 04:00:00+00:00,91.22,80.78,62.02
2025-12-05 04:15:00+00:00,96.11,84.5,63.63
2025-12-05 04:30:00+00:00,102.1,91.91,73.6
2025-12-05 04:45:00+00:00,114.06,103.0,83.11
2025-12-05 05:00:00+00:00,99.16,83.91,89.77
2025-12-05 05:15:00+00:00,114.0,106.2,93.22
2025-12-05 05:30:00+00:00,125.8,119.25,74.5
2025-12-05 05:45:00+00:00,157.0,146.64,75.94
2025-12-05 06:00:00+00:00,152.67,80.52,93.27
2025-12-05 06:15:00+00:00,168.45,119.73,79.54
2025-12-05 06:30:00+00:00,165.13,147.92,95.77
2025-12-05 06:45:00+00:00,163.42,156.34,111.42
2025-12-05 07:00:00+00:00,160.73,156.94,140.01
2025-12-05 07:15:00+00:00,182.13,171.32,125.89
2025-12-05 07:30:00+00:00,198.71,187.21,114.6
2025-12-05 07:45:00+00:00,196.16,181.4,87.85
2025-12-05 08:00:00+00:00,197.6,196.07,185.76
2025-12-05 08:15:00+00:00,192.33,181.31,107.0
2025-12-05 08:30:00+00:00,177.47,169.52,117.52
2025-12-05 08:45:00+00:00,169.18,158.96,90.13
2025-12-05 09:00:00+00:00,177.77,167.82,100.8
2025-12-05 09:15:00+00:00,177.74,165.55,83.48
2025-12-05 09:30:00+00:00,168.31,156.97,80.72
2025-12-05 09:45:00+00:00,161.57,152.44,91.01
2025-12-05 10:00:00+00:00,172.43,160.02,76.71
2025-12-05 10:15:00+00:00,168.43,156.37,75.46
2025-12-05 10:30:00+00:00,169.87,152.37,83.11
2025-12-05 10:45:00+00:00,159.33,145.55,81.63
2025-12-05 11:00:00+00:00,166.37,157.13,87.01
2025-12-05 11:15:00+00:00,157.45,148.67,82.13
2025-12-05 11:30:00+00:00,158.61,146.61,103.98
2025-12-05 11:45:00+00:00,163.81,140.62,83.2
2025-12-05 12:00:00+00:00,162.4,143.37,98.35
2025-12-05 12:15:00+00:00,160.04,141.32,69.26
2025-12-05 12:30:00+00:00,157.36,141.64,70.92
2025-12-05 12:45:00+00:00,149.99,136.05,60.17
2025-12-05 13:00:00+00:00,158.7,131.82,79.31
2025-12-05 13:15:00+00:00,155.66,133.82,71.16
2025-12-05 13:30:00+00:00,160.49,143.69,71.38
2025-12-05 13:45:00+00:00,169.86,141.68,65.43
2025-12-05 14:00:00+00:00,158.61,127.53,72.0
2025-12-05 14:15:00+00:00,156.09,132.01,70.99
2025-12-05 14:30:00+00:00,169.87,144.66,74.4
2025-12-05 14:45:00+00:00,164.82,148.19,78.7
2025-12-05 15:00:00+00:00,157.91,134.06,80.07
2025-12-05 15:15:00+00:00,171.11,139.65,76.85
2025-12-05 15:30:00+00:00,173.9,140.22,80.35
2025-12-05 15:45:00+00:00,175.07,142.42,84.37
2025-12-05 16:00:00+00:00,165.04,145.3,81.31
2025-12-05 16:15:00+00:00,156.7,143.48,83.96
2025-12-05 16:30:00+00:00,162.5,140.13,85.0
2025-12-05 16:45:00+00:00,148.98,131.09,87.0
2025-12-05 17:00:00+00:00,161.06,141.84,86.43
2025-12-05 17:15:00+00:00,151.4,130.88,87.04
2025-12-05 17:30:00+00:00,143.79,93.3,87.3
2025-12-05 17:45:00+00:00,132.74,73.58,87.85
2025-12-05 18:00:00+00:00,147.5,115.1,82.38
2025-12-05 18:15:00+00:00,136.3,81.22,84.94
2025-12-05 18:30:00+00:00,130.07,81.17,83.0
2025-12-05 18:45:00+00:00,112.29,86.51,81.68
2025-12-05 19:00:00+00:00,125.69,102.8,81.31
2025-12-05 19:15:00+00:00,122.11,92.17,80.49
2025-12-05 19:30:00+00:00,112.36,80.36,79.0
2025-12-05 19:45:00+00:00,100.44,73.53,75.94
2025-12-05 20:00:00+00:00,107.07,91.02,77.76
2025-12-05 20:15:00+00:00,102.44,94.05,75.0
2025-12-05 20:30:00+00:00,92.41,80.24,67.89
2025-12-05 20:45:00+00:00,88.3,78.87,48.17
2025-12-05 21:00:00+00:00,100.07,95.36,70.02
2025-12-05 21:15:00+00:00,94.71,87.44,69.0
2025-12-05 21:30:00+00:00,90.8,77.04,69.0
2025-12-05 21:45:00+00:00,86.74,69.33,63.32
2025-12-05 22:00:00+00:00,98.57,93.71,61.6
2025-12-05 22:15:00+00:00,88.02,77.97,56.63
2025-12-05 22:30:00+00:00,78.65,75.52,54.8
2025-12-05 22:45:00+00:00,71.25,68.83,52.85
2025-12-05 23:00:00+00:00,94.19,87.72,48.59
2025-12-05 23:15:00+00:00,81.12,74.58,35.02
2025-12-05 23:30:00+00:00,76.96,70.1,28.61
2025-12-05 23:45:00+00:00,76.05,68.5,22.85
2025-12-06 00:00:00+00:00,85.24,76.51,23.07
2025-12-06 00:15:00+00:00,78.47,70.26,20.0
2025-12-06 00:30:00+00:00,75.8,68.38,22.99
2025-12-06 00:45:00+00:00,68.38,62.33,25.3
2025-12-06 01:00:00+00:00,79.57,72.31,25.3
2025-12-06 01:15:00+00:00,75.33,67.71,18.36
2025-12-06 01:30:00+00:00,70.65,63.46,16.9
2025-12-06 01:45:00+00:00,68.97,61.96,16.57
2025-12-06 02:00:00+00:00,75.31,67.59,16.57
2025-12-06 02:15:00+00:00,69.13,61.62,15.99
2025-12-06 02:30:00+00:00,70.84,63.0,14.0
2025-12-06 02:45:00+00:00,64.76,57.06,14.0
2025-12-06 03:00:00+00:00,67.54,59.7,14.0
2025-12-06 03:15:00+00:00,66.25,58.4,13.99
2025-12-06 03:30:00+00:00,68.31,59.83,12.8
2025-12-06 03:45:00+00:00,67.61,58.84,10.0
2025-12-06 04:00:00+00:00,67.6,59.17,10.94
2025-12-06 04:15:00+00:00,64.68,56.86,13.42
2025-12-06 04:30:00+00:00,65.35,57.61,15.12
2025-12-06 04:45:00+00:00,62.26,54.49,15.21
2025-12-06 05:00:00+00:00,61.66,54.43,16.68
2025-12-06 05:15:00+00:00,63.98,55.9,17.51
2025-12-06 05:30:00+00:00,66.63,58.06,17.99
2025-12-06 05:45:00+00:00,66.07,58.03,18.3
2025-12-06 06:00:00+00:00,64.29,57.69,18.36
2025-12-06 06:15:00+00:00,67.61,60.97,23.24
2025-12-06 06:30:00+00:00,67.36,60.41,24.22
2025-12-06 06:45:00+00:00,72.22,64.89,27.56
2025-12-06 07:00:00+00:00,75.12,67.02,19.95
2025-12-06 07:15:00+00:00,76.53,68.86,23.09
2025-12-06 07:30:00+00:00,80.78,73.4,27.86
2025-12-06 07:45:00+00:00,82.02,74.59,29.33
2025-12-06 08:00:00+00:00,82.31,75.59,35.01
2025-12-06 08:15:00+00:00,82.64,76.21,35.01
2025-12-06 08:30:00+00:00,82.42,76.35,25.72
2025-12-06 08:45:00+00:00,76.39,76.39,25.0
2025-12-06 09:00:00+00:00,80.55,77.27,32.0
2025-12-06 09:15:00+00:00,84.09,77.68,30.0
2025-12-06 09:30:00+00:00,83.5,76.61,25.01
2025-12-06 09:45:00+00:00,81.04,73.81,17.95
2025-12-06 10:00:00+00:00,80.58,77.88,20.0
2025-12-06 10:15:00+00:00,82.12,77.51,18.62
2025-12-06 10:30:00+00:00,79.98,77.24,16.79
2025-12-06 10:45:00+00:00,79.77,77.03,14.98
2025-12-06 11:00:00+00:00,79.17,77.07,19.55
2025-12-06 11:15:00+00:00,78.61,74.9,17.38
2025-12-06 11:30:00+00:00,78.91,74.9,19.91
2025-12-06 11:45:00+00:00,85.77,77.58,17.46
2025-12-06 12:00:00+00:00,78.57,77.01,16.64
2025-12-06 12:15:00+00:00,77.65,75.14,16.57
2025-12-06 12:30:00+00:00,82.39,77.94,13.75
2025-12-06 12:45:00+00:00,86.69,78.01,14.3
2025-12-06 13:00:00+00:00,82.6,74.35,13.96
2025-12-06 13:15:00+00:00,86.6,78.16,16.5
2025-12-06 13:30:00+00:00,87.5,79.16,17.1
2025-12-06 13:45:00+00:00,87.99,80.25,18.88
2025-12-06 14:00:00+00:00,88.54,79.49,13.95
2025-12-06 14:15:00+00:00,89.27,80.63,16.68
2025-12-06 14:30:00+00:00,91.23,82.54,18.08
2025-12-06 14:45:00+00:00,95.05,87.5,29.33
2025-12-06 15:00:00+00:00,90.01,81.98,20.77
2025-12-06 15:15:00+00:00,94.55,86.95,27.6
2025-12-06 15:30:00+00:00,93.17,85.58,24.99
2025-12-06 15:45:00+00:00,104.62,94.81,22.69
2025-12-06 16:00:00+00:00,93.09,84.11,17.82
2025-12-06 16:15:00+00:00,97.14,88.99,29.96
2025-12-06 16:30:00+00:00,99.0,92.65,45.76
2025-12-06 16:45:00+00:00,91.24,87.89,59.0
2025-12-06 17:00:00+00:00,95.0,87.86,39.4
2025-12-06 17:15:00+00:00,88.1,84.43,58.51
2025-12-06 17:30:00+00:00,90.08,85.67,55.01
2025-12-06 17:45:00+00:00,83.55,80.32,68.0
2025-12-06 18:00:00+00:00,103.11,95.6,44.8
2025-12-06 18:15:00+00:00,85.58,80.14,47.94
2025-12-06 18:30:00+00:00,84.68,78.72,46.43
2025-12-06 18:45:00+00:00,85.25,78.19,42.54
2025-12-06 19:00:00+00:00,88.97,82.04,27.48
2025-12-06 19:15:00+00:00,80.12,75.09,33.04
2025-12-06 19:30:00+00:00,85.43,77.41,28.04
2025-12-06 19:45:00+00:00,79.02,70.1,15.04
2025-12-06 20:00:00+00:00,88.98,82.1,46.58
2025-12-06 20:15:00+00:00,83.69,75.68,33.75
2025-12-06 20:30:00+00:00,79.44,70.31,20.19
2025-12-06 20:45:00+00:00,70.33,64.9,15.59
2025-12-06 21:00:00+00:00,86.89,79.56,38.12
2025-12-06 21:15:00+00:00,76.03,71.39,52.3
2025-12-06 21:30:00+00:00,72.62,68.15,24.5
2025-12-06 21:45:00+00:00,70.44,66.08,16.25
2025-12-06 22:00:00+00:00,74.61,70.05,32.28
2025-12-06 22:15:00+00:00,74.63,70.11,25.34
2025-12-06 22:30:00+00:00,71.62,67.24,22.74
2025-12-06 22:45:00+00:00,65.4,62.39,23.09
2025-12-06 23:00:00+00:00,76.6,76.6,40.0
2025-12-06 23:15:00+00:00,68.61,64.47,37.17
2025-12-06 23:30:00+00:00,63.44,59.42,31.12
2025-12-06 23:45:00+00:00,60.64,55.11,25.0
2025-12-07 00:00:00+00:00,61.89,60.2,27.0
2025-12-07 00:15:00+00:00,60.77,57.52,26.24
2025-12-07 00:30:00+00:00,60.93,57.68,22.75
2025-12-07 00:45:00+00:00,60.39,57.63,20.0
2025-12-07 01:00:00+00:00,59.99,56.34,25.0
2025-12-07 01:15:00+00:00,59.55,54.31,25.0
2025-12-07 01:30:00+00:00,59.13,53.04,23.84
2025-12-07 01:45:00+00:00,59.02,52.12,17.01
2025-12-07 02:00:00+00:00,58.38,51.83,21.01
2025-12-07 02:15:00+00:00,58.38,51.43,17.01
2025-12-07 02:30:00+00:00,58.57,51.75,16.68
2025-12-07 02:45:00+00:00,58.91,51.86,16.0
2025-12-07 03:00:00+00:00,60.74,60.74,14.83
2025-12-07 03:15:00+00:00,61.94,58.68,10.9
2025-12-07 03:30:00+00:00,62.62,59.34,10.47
2025-12-07 03:45:00+00:00,63.0,63.0,7.8
2025-12-07 04:00:00+00:00,60.91,60.91,13.69
2025-12-07 04:15:00+00:00,61.51,61.51,14.0
2025-12-07 04:30:00+00:00,64.6,64.6,14.51
2025-12-07 04:45:00+00:00,61.0,61.0,15.92
2025-12-07 05:00:00+00:00,60.47,60.47,16.68
2025-12-07 05:15:00+00:00,65.14,65.14,18.82
2025-12-07 05:30:00+00:00,64.46,64.46,17.98
2025-12-07 05:45:00+00:00,64.81,64.81,20.0
2025-12-07 06:00:00+00:00,71.23,71.23,17.43
2025-12-07 06:15:00+00:00,65.21,65.21,18.23
2025-12-07 06:30:00+00:00,72.59,72.59,19.31
2025-12-07 06:45:00+00:00,78.31,99.0,21.0
2025-12-07 07:00:00+00:00,70.08,70.08,28.19
2025-12-07 07:15:00+00:00,72.74,72.74,17.01
2025-12-07 07:30:00+00:00,82.59,90.97,17.58
2025-12-07 07:45:00+00:00,86.58,86.58,16.9
2025-12-07 08:00:00+00:00,85.01,85.01,22.95
2025-12-07 08:15:00+00:00,89.35,89.35,16.46
2025-12-07 08:30:00+00:00,84.99,84.99,22.59
2025-12-07 08:45:00+00:00,82.87,82.87,3.33
2025-12-07 09:00:00+00:00,91.89,86.4,16.9
2025-12-07 09:15:00+00:00,91.21,84.0,13.67
2025-12-07 09:30:00+00:00,87.83,80.13,9.01
2025-12-07 09:45:00+00:00,91.19,80.33,4.96
2025-12-07 10:00:00+00:00,86.88,86.88,10.0
2025-12-07 10:15:00+00:00,90.63,84.8,7.7
2025-12-07 10:30:00+00:00,91.97,89.75,12.07
2025-12-07 10:45:00+00:00,98.21,92.19,9.89
2025-12-07 11:00:00+00:00,97.11,86.8,17.01
2025-12-07 11:15:00+00:00,95.99,85.6,15.29
2025-12-07 11:30:00+00:00,98.61,88.31,18.6
2025-12-07 11:45:00+00:00,98.04,87.69,17.73
2025-12-07 12:00:00+00:00,97.66,86.49,14.28
2025-12-07 12:15:00+00:00,96.62,85.84,16.1
2025-12-07 12:30:00+00:00,99.41,87.52,10.57
2025-12-07 12:45:00+00:00,104.6,91.89,9.61
2025-12-07 13:00:00+00:00,101.59,90.83,15.32
2025-12-07 13:15:00+00:00,104.22,92.63,11.28
2025-12-07 13:30:00+00:00,102.82,91.05,8.24
2025-12-07 13:45:00+00:00,107.95,95.21,5.64
2025-12-07 14:00:00+00:00,102.78,89.96,5.07
2025-12-07 14:15:00+00:00,105.38,92.27,5.5
2025-12-07 14:30:00+00:00,106.29,93.31,7.44
2025-12-07 14:45:00+00:00,108.49,95.35,8.36
2025-12-07 15:00:00+00:00,106.0,92.57,4.96
2025-12-07 15:15:00+00:00,107.01,93.89,8.38
2025-12-07 15:30:00+00:00,109.42,97.13,17.01
2025-12-07 15:45:00+00:00,116.0,104.56,29.97
2025-12-07 16:00:00+00:00,116.01,108.71,28.63
2025-12-07 16:15:00+00:00,116.27,108.41,23.56
2025-12-07 16:30:00+00:00,109.56,103.21,33.85
2025-12-07 16:45:00+00:00,105.44,99.14,29.08
2025-12-07 17:00:00+00:00,106.6,96.61,27.34
2025-12-07 17:15:00+00:00,98.53,88.64,18.12
2025-12-07 17:30:00+00:00,95.9,88.51,34.82
2025-12-07 17:45:00+00:00,86.49,81.03,38.42
2025-12-07 18:00:00+00:00,94.69,89.78,52.45
2025-12-07 18:15:00+00:00,83.14,78.1,45.53
2025-12-07 18:30:00+00:00,90.12,80.88,15.33
2025-12-07 18:45:00+00:00,81.9,74.43,28.61
2025-12-07 19:00:00+00:00,83.62,75.82,33.07
2025-12-07 19:15:00+00:00,94.52,83.79,19.65
2025-12-07 19:30:00+00:00,83.35,74.21,21.58
2025-12-07 19:45:00+00:00,73.55,65.73,17.91
2025-12-07 20:00:00+00:00,89.21,79.65,21.14
2025-12-07 20:15:00+00:00,75.86,68.78,29.94
2025-12-07 20:30:00+00:00,72.88,66.34,23.48
2025-12-07 20:45:00+00:00,56.93,48.33,8.44
2025-12-07 21:00:00+00:00,78.54,70.26,32.84
2025-12-07 21:15:00+00:00,67.74,59.07,21.44
2025-12-07 21:30:00+00:00,62.87,56.76,31.86
2025-12-07 21:45:00+00:00,53.24,50.96,52.82
2025-12-07 22:00:00+00:00,57.76,50.93,26.22
2025-12-07 22:15:00+00:00,45.86,42.31,41.42
2025-12-07 22:30:00+00:00,38.3,35.16,37.7
2025-12-07 22:45:00+00:00,25.03,21.73,24.4
2025-12-07 23:00:00+00:00,22.03,17.44,17.74
2025-12-07 23:15:00+00:00,26.49,22.52,23.38
2025-12-07 23:30:00+00:00,20.03,16.27,16.57
2025-12-07 23:45:00+00:00,8.53,7.78,12.29
2025-12-08 00:00:00+00:00,15.38,11.59,17.32
2025-12-08 00:15:00+00:00,15.72,11.79,16.87
2025-12-08 00:30:00+00:00,9.26,7.78,16.34
2025-12-08 00:45:00+00:00,4.0,4.93,14.47
2025-12-08 01:00:00+00:00,16.81,13.41,19.98
2025-12-08 01:15:00+00:00,12.36,10.96,16.49
2025-12-08 01:30:00+00:00,9.21,8.93,13.83
2025-12-08 01:45:00+00:00,8.27,8.03,12.37
2025-12-08 02:00:00+00:00,5.94,5.9,13.42
2025-12-08 02:15:00+00:00,5.55,5.53,12.69
2025-12-08 02:30:00+00:00,5.4,5.39,12.6
2025-12-08 02:45:00+00:00,5.47,5.46,12.59
2025-12-08 03:00:00+00:00,6.91,5.05,13.35
2025-12-08 03:15:00+00:00,9.32,6.7,13.23
2025-12-08 03:30:00+00:00,13.83,11.0,12.99
2025-12-08 03:45:00+00:00,21.5,20.49,15.22
2025-12-08 04:00:00+00:00,8.97,11.09,12.49
2025-12-08 04:15:00+00:00,18.56,14.31,15.36
2025-12-08 04:30:00+00:00,35.09,30.12,20.12
2025-12-08 04:45:00+00:00,52.0,44.49,15.98
2025-12-08 05:00:00+00:00,34.84,33.05,26.89
2025-12-08 05:15:00+00:00,69.46,63.3,26.43
2025-12-08 05:30:00+00:00,68.06,63.95,46.61
2025-12-08 05:45:00+00:00,84.91,79.69,40.01
2025-12-08 06:00:00+00:00,64.23,64.17,52.96
2025-12-08 06:15:00+00:00,87.29,79.36,34.52
2025-12-08 06:30:00+00:00,91.85,82.57,18.54
2025-12-08 06:45:00+00:00,87.99,84.61,26.48
2025-12-08 07:00:00+00:00,95.03,88.83,55.3
2025-12-08 07:15:00+00:00,100.37,90.72,43.88
2025-12-08 07:30:00+00:00,103.79,94.93,55.47
2025-12-08 07:45:00+00:00,100.81,89.29,40.84
2025-12-08 08:00:00+00:00,105.35,100.6,68.5
2025-12-08 08:15:00+00:00,102.9,96.04,50.35
2025-12-08 08:30:00+00:00,97.05,88.87,35.01
2025-12-08 08:45:00+00:00,88.05,80.0,26.96
2025-12-08 09:00:00+00:00,95.35,95.35,35.75
2025-12-08 09:15:00+00:00,85.96,83.5,29.01
2025-12-08 09:30:00+00:00,82.91,82.16,25.5
2025-12-08 09:45:00+00:00,79.93,79.07,21.01
2025-12-08 10:00:00+00:00,82.01,80.1,24.98
2025-12-08 10:15:00+00:00,77.98,77.98,20.3
2025-12-08 10:30:00+00:00,77.92,73.71,24.85
2025-12-08 10:45:00+00:00,82.05,74.42,21.95
2025-12-08 11:00:00+00:00,76.31,71.41,23.01
2025-12-08 11:15:00+00:00,77.31,70.69,20.0
2025-12-08 11:30:00+00:00,79.42,72.04,20.68
2025-12-08 11:45:00+00:00,84.35,76.27,20.0
2025-12-08 12:00:00+00:00,83.92,75.3,16.46
2025-12-08 12:15:00+00:00,87.79,78.7,16.46
2025-12-08 12:30:00+00:00,88.29,77.79,11.0
2025-12-08 12:45:00+00:00,87.38,75.18,12.57
2025-12-08 13:00:00+00:00,80.49,70.1,13.29
2025-12-08 13:15:00+00:00,93.61,78.82,15.4
2025-12-08 13:30:00+00:00,100.55,86.69,16.57
2025-12-08 13:45:00+00:00,101.67,85.66,16.9
2025-12-08 14:00:00+00:00,104.08,92.95,20.0
2025-12-08 14:15:00+00:00,94.4,86.08,24.98
2025-12-08 14:30:00+00:00,100.1,90.86,25.24
2025-12-08 14:45:00+00:00,102.0,93.1,29.01
2025-12-08 15:00:00+00:00,95.94,81.01,20.81
2025-12-08 15:15:00+00:00,103.02,86.17,29.41
2025-12-08 15:30:00+00:00,102.93,92.97,43.2
2025-12-08 15:45:00+00:00,102.41,96.48,50.14
2025-12-08 16:00:00+00:00,110.03,98.94,19.04
2025-12-08 16:15:00+00:00,111.45,102.17,37.2
2025-12-08 16:30:00+00:00,108.84,103.47,66.63
2025-12-08 16:45:00+00:00,109.08,105.73,88.68
2025-12-08 17:00:00+00:00,103.52,99.88,70.41
2025-12-08 17:15:00+00:00,98.48,94.86,74.01
2025-12-08 17:30:00+00:00,103.12,100.1,83.08
2025-12-08 17:45:00+00:00,95.93,95.92,89.17
2025-12-08 18:00:00+00:00,98.7,98.61,90.83
2025-12-08 18:15:00+00:00,94.74,95.16,90.09
2025-12-08 18:30:00+00:00,98.03,93.94,70.61
2025-12-08 18:45:00+00:00,95.07,92.29,71.14
2025-12-08 19:00:00+00:00,97.85,96.45,82.03
2025-12-08 19:15:00+00:00,94.47,91.74,69.93
2025-12-08 19:30:00+00:00,85.79,81.53,47.91
2025-12-08 19:45:00+00:00,79.27,72.25,21.25
2025-12-08 20:00:00+00:00,89.08,85.44,54.19
2025-12-08 20:15:00+00:00,91.27,84.87,38.0
2025-12-08 20:30:00+00:00,81.95,78.77,52.19
2025-12-08 20:45:00+00:00,71.77,67.12,27.09
2025-12-08 21:00:00+00:00,94.6,89.7,52.0
2025-12-08 21:15:00+00:00,86.49,82.84,52.33
2025-12-08 21:30:00+00:00,75.85,73.71,49.0
2025-12-08 21:45:00+00:00,63.9,63.88,50.81
2025-12-08 22:00:00+00:00,85.37,80.86,52.94
2025-12-08 22:15:00+00:00,73.36,70.22,54.39
2025-12-08 22:30:00+00:00,71.0,69.62,65.52
2025-12-08 22:45:00+00:00,63.28,60.82,50.89
2025-12-08 23:00:00+00:00,77.32,73.69,52.77
2025-12-08 23:15:00+00:00,71.49,68.0,49.04
2025-12-08 23:30:00+00:00,71.92,65.97,26.03
2025-12-08 23:45:00+00:00,74.06,65.59,6.03
2025-12-09 00:00:00+00:00,71.22,67.66,44.68
2025-12-09 00:15:00+00:00,71.55,66.95,33.85
2025-12-09 00:30:00+00:00,73.98,69.1,31.55
2025-12-09 00:45:00+00:00,74.39,68.31,19.06
2025-12-09 01:00:00+00:00,70.25,65.75,35.5
2025-12-09 01:15:00+00:00,71.71,66.03,22.98
2025-12-09 01:30:00+00:00,73.3,67.69,23.64
2025-12-09 01:45:00+00:00,79.59,74.7,33.64
2025-12-09 02:00:00+00:00,72.28,66.37,20.42
2025-12-09 02:15:00+00:00,72.86,66.6,17.0
2025-12-09 02:30:00+00:00,75.94,69.28,15.05
2025-12-09 02:45:00+00:00,78.3,70.52,5.21
2025-12-09 03:00:00+00:00,68.65,61.83,10.14
2025-12-09 03:15:00+00:00,72.12,64.35,3.0
2025-12-09 03:30:00+00:00,75.77,67.61,2.68
2025-12-09 03:45:00+00:00,78.34,69.56,0.39
2025-12-09 04:00:00+00:00,61.32,57.28,37.11
2025-12-09 04:15:00+00:00,70.09,61.61,10.48
2025-12-09 04:30:00+00:00,82.41,74.04,22.26
2025-12-09 04:45:00+00:00,107.0,93.4,3.14
2025-12-09 05:00:00+00:00,74.22,65.38,12.53
2025-12-09 05:15:00+00:00,98.19,86.0,5.76
2025-12-09 05:30:00+00:00,110.99,99.99,29.65
2025-12-09 05:45:00+00:00,111.99,99.04,15.12
2025-12-09 06:00:00+00:00,94.03,87.26,43.2
2025-12-09 06:15:00+00:00,102.6,91.35,17.67
2025-12-09 06:30:00+00:00,108.53,99.16,39.09
2025-12-09 06:45:00+00:00,118.0,108.33,45.31
2025-12-09 07:00:00+00:00,135.99,113.3,44.73
2025-12-09 07:15:00+00:00,133.61,117.27,63.07
2025-12-09 07:30:00+00:00,129.8,123.56,85.78
2025-12-09 07:45:00+00:00,119.6,114.35,81.0
2025-12-09 08:00:00+00:00,126.08,120.72,83.39
2025-12-09 08:15:00+00:00,111.45,105.53,65.01
2025-12-09 08:30:00+00:00,107.74,101.09,55.21
2025-12-09 08:45:00+00:00,100.07,91.33,32.99
2025-12-09 09:00:00+00:00,107.52,99.96,52.57
2025-12-09 09:15:00+00:00,102.68,94.91,44.85
2025-12-09 09:30:00+00:00,102.2,92.94,32.48
2025-12-09 09:45:00+00:00,99.84,88.4,11.86
2025-12-09 10:00:00+00:00,105.35,94.28,16.79
2025-12-09 10:15:00+00:00,103.92,92.12,9.57
2025-12-09 10:30:00+00:00,103.22,90.8,3.9
2025-12-09 10:45:00+00:00,100.87,88.39,0.87
2025-12-09 11:00:00+00:00,99.21,87.51,11.19
2025-12-09 11:15:00+00:00,96.04,84.43,9.38
2025-12-09 11:30:00+00:00,97.91,86.71,10.9
2025-12-09 11:45:00+00:00,98.16,87.34,13.2
2025-12-09 12:00:00+00:00,99.26,88.01,11.52
2025-12-09 12:15:00+00:00,99.83,88.53,11.79
2025-12-09 12:30:00+00:00,101.96,89.03,0.88
2025-12-09 12:45:00+00:00,103.35,90.65,3.83
2025-12-09 13:00:00+00:00,91.74,81.4,10.01
2025-12-09 13:15:00+00:00,99.32,86.89,0.25
2025-12-09 13:30:00+00:00,103.99,90.94,0.0
2025-12-09 13:45:00+00:00,105.83,92.81,2.17
2025-12-09 14:00:00+00:00,104.32,89.64,13.0
2025-12-09 14:15:00+00:00,108.71,92.75,20.0
2025-12-09 14:30:00+00:00,116.6,102.95,23.1
2025-12-09 14:45:00+00:00,113.91,102.38,12.7
2025-12-09 15:00:00+00:00,105.46,90.6,23.25
2025-12-09 15:15:00+00:00,110.79,92.03,31.5
2025-12-09 15:30:00+00:00,109.95,94.68,35.94
2025-12-09 15:45:00+00:00,107.0,97.6,40.99
2025-12-09 16:00:00+00:00,105.17,97.01,29.52
2025-12-09 16:15:00+00:00,104.78,98.17,46.94
2025-12-09 16:30:00+00:00,106.25,100.13,55.11
2025-12-09 16:45:00+00:00,102.07,95.36,62.41
2025-12-09 17:00:00+00:00,101.72,95.72,46.09
2025-12-09 17:15:00+00:00,97.71,90.14,59.36
2025-12-09 17:30:00+00:00,101.85,88.06,66.0
2025-12-09 17:45:00+00:00,86.36,82.5,80.34
2025-12-09 18:00:00+00:00,95.9,88.02,63.78
2025-12-09 18:15:00+00:00,86.65,83.34,75.79
2025-12-09 18:30:00+00:00,81.11,78.1,56.02
2025-12-09 18:45:00+00:00,76.75,74.54,65.64
2025-12-09 19:00:00+00:00,96.06,91.38,60.3
2025-12-09 19:15:00+00:00,82.99,78.59,49.39
2025-12-09 19:30:00+00:00,79.55,73.05,41.1
2025-12-09 19:45:00+00:00,76.08,70.26,41.05
2025-12-09 20:00:00+00:00,93.47,81.12,10.42
2025-12-09 20:15:00+00:00,81.16,71.87,20.64
2025-12-09 20:30:00+00:00,75.83,65.29,6.53
2025-12-09 20:45:00+00:00,66.96,58.81,15.95
2025-12-09 21:00:00+00:00,82.46,71.49,0.0
2025-12-09 21:15:00+00:00,77.93,67.27,0.93
2025-12-09 21:30:00+00:00,69.88,62.12,18.62
2025-12-09 21:45:00+00:00,63.06,57.29,34.52
2025-12-09 22:00:00+00:00,66.62,56.86,6.54
2025-12-09 22:15:00+00:00,59.14,51.42,11.65
2025-12-09 22:30:00+00:00,52.6,45.23,9.13
2025-12-09 22:45:00+00:00,43.32,39.34,26.72
2025-12-09 23:00:00+00:00,54.31,51.4,46.58
2025-12-09 23:15:00+00:00,50.51,46.64,38.17
2025-12-09 23:30:00+00:00,41.06,36.97,27.73
2025-12-09 23:45:00+00:00,29.72,26.56,19.0
2025-12-10 00:00:00+00:00,43.68,38.08,19.44
2025-12-10 00:15:00+00:00,36.59,33.27,26.15
2025-12-10 00:30:00+00:00,35.21,32.2,28.58
2025-12-10 00:45:00+00:00,30.44,28.02,28.33
2025-12-10 01:00:00+00:00,34.43,30.77,20.66
2025-12-10 01:15:00+00:00,29.7,27.45,31.19
2025-12-10 01:30:00+00:00,31.43,27.03,19.08
2025-12-10 01:45:00+00:00,28.44,23.79,15.5
2025-12-10 02:00:00+00:00,40.08,34.97,15.65
2025-12-10 02:15:00+00:00,38.13,32.27,10.53
2025-12-10 02:30:00+00:00,30.02,25.89,14.73
2025-12-10 02:45:00+00:00,32.22,28.07,16.09
2025-12-10 03:00:00+00:00,31.77,26.86,7.06
2025-12-10 03:15:00+00:00,41.01,36.63,21.68
2025-12-10 03:30:00+00:00,52.95,46.08,10.13
2025-12-10 03:45:00+00:00,66.63,60.79,27.89
2025-12-10 04:00:00+00:00,51.9,46.77,23.99
2025-12-10 04:15:00+00:00,65.63,56.24,0.08
2025-12-10 04:30:00+00:00,70.37,60.46,-0.01
2025-12-10 04:45:00+00:00,90.7,81.5,23.93
2025-12-10 05:00:00+00:00,44.18,40.94,23.79
2025-12-10 05:15:00+00:00,68.22,62.39,27.99
2025-12-10 05:30:00+00:00,90.79,85.61,52.81
2025-12-10 05:45:00+00:00,113.29,106.11,60.0
2025-12-10 06:00:00+00:00,81.01,79.9,62.89
2025-12-10 06:15:00+00:00,89.77,88.81,76.84
2025-12-10 06:30:00+00:00,92.34,91.19,91.19
2025-12-10 06:45:00+00:00,86.9,85.43,83.99
2025-12-10 07:00:00+00:00,91.17,90.4,91.17
2025-12-10 07:15:00+00:00,101.54,100.95,101.19
2025-12-10 07:30:00+00:00,96.9,96.12,95.55
2025-12-10 07:45:00+00:00,87.72,86.41,85.02
2025-12-10 08:00:00+00:00,106.45,105.49,106.45
2025-12-10 08:15:00+00:00,97.34,95.84,94.55
2025-12-10 08:30:00+00:00,91.09,89.76,89.35
2025-12-10 08:45:00+00:00,82.02,81.0,80.18
2025-12-10 09:00:00+00:00,103.38,101.49,101.93
2025-12-10 09:15:00+00:00,88.65,86.26,86.07
2025-12-10 09:30:00+00:00,81.88,80.01,80.56
2025-12-10 09:45:00+00:00,77.0,74.96,71.53
2025-12-10 10:00:00+00:00,84.42,83.5,80.36
2025-12-10 10:15:00+00:00,80.7,80.12,78.23
2025-12-10 10:30:00+00:00,78.87,78.46,77.47
2025-12-10 10:45:00+00:00,80.0,79.79,80.0
2025-12-10 11:00:00+00:00,80.47,80.14,80.47
2025-12-10 11:15:00+00:00,75.45,75.32,75.45
2025-12-10 11:30:00+00:00,81.01,80.9,81.01
2025-12-10 11:45:00+00:00,81.07,80.98,81.14
2025-12-10 12:00:00+00:00,81.38,79.32,76.62
2025-12-10 12:15:00+00:00,80.91,79.25,75.03
2025-12-10 12:30:00+00:00,80.92,78.31,68.33
2025-12-10 12:45:00+00:00,82.56,80.72,75.9
2025-12-10 13:00:00+00:00,82.79,77.81,64.5
2025-12-10 13:15:00+00:00,87.9,84.16,74.0
2025-12-10 13:30:00+00:00,92.0,88.39,73.88
2025-12-10 13:45:00+00:00,98.2,93.64,77.52
2025-12-10 14:00:00+00:00,97.23,80.0,77.91
2025-12-10 14:15:00+00:00,101.11,82.07,83.2
2025-12-10 14:30:00+00:00,102.84,95.93,80.81
2025-12-10 14:45:00+00:00,101.48,97.6,86.04
2025-12-10 15:00:00+00:00,101.76,83.25,89.8
2025-12-10 15:15:00+00:00,103.17,95.3,80.39
2025-12-10 15:30:00+00:00,102.41,97.28,77.33
2025-12-10 15:45:00+00:00,108.67,104.15,87.36
2025-12-10 16:00:00+00:00,107.93,104.69,84.42
2025-12-10 16:15:00+00:00,104.24,102.26,97.68
2025-12-10 16:30:00+00:00,104.11,102.63,104.52
2025-12-10 16:45:00+00:00,106.41,105.46,107.13
2025-12-10 17:00:00+00:00,104.46,103.18,104.87
2025-12-10 17:15:00+00:00,104.54,103.12,105.85
2025-12-10 17:30:00+00:00,104.67,103.54,106.39
2025-12-10 17:45:00+00:00,105.11,103.9,106.53
2025-12-10 18:00:00+00:00,105.06,103.86,107.2
2025-12-10 18:15:00+00:00,98.8,97.52,101.29
2025-12-10 18:30:00+00:00,100.54,99.18,102.04
2025-12-10 18:45:00+00:00,82.69,81.68,86.29
2025-12-10 19:00:00+00:00,94.71,94.09,98.49
2025-12-10 19:15:00+00:00,83.36,82.05,86.32
2025-12-10 19:30:00+00:00,82.56,81.39,85.02
2025-12-10 19:45:00+00:00,90.37,89.71,91.01
2025-12-10 20:00:00+00:00,95.23,92.67,88.46
2025-12-10 20:15:00+00:00,86.0,83.03,80.02
2025-12-10 20:30:00+00:00,83.31,81.95,83.99
2025-12-10 20:45:00+00:00,80.7,79.55,82.06
2025-12-10 21:00:00+00:00,86.53,83.4,75.06
2025-12-10 21:15:00+00:00,80.12,79.02,81.9
2025-12-10 21:30:00+00:00,83.68,82.73,85.24
2025-12-10 21:45:00+00:00,79.61,79.45,80.59
2025-12-10 22:00:00+00:00,75.55,73.85,72.53
2025-12-10 22:15:00+00:00,79.89,78.91,80.99
2025-12-10 22:30:00+00:00,78.6,77.81,79.35
2025-12-10 22:45:00+00:00,71.66,71.32,72.42
2025-12-10 23:00:00+00:00,81.42,80.0,82.19
2025-12-10 23:15:00+00:00,73.09,70.73,67.55
2025-12-10 23:30:00+00:00,72.06,69.01,59.6
2025-12-10 23:45:00+00:00,69.33,67.17,63.64
2025-12-11 00:00:00+00:00,79.38,78.16,76.52
2025-12-11 00:15:00+00:00,72.2,70.32,67.51
2025-12-11 00:30:00+00:00,72.27,69.45,60.66
2025-12-11 00:45:00+00:00,69.82,66.64,56.48
2025-12-11 01:00:00+00:00,71.67,69.29,63.77
2025-12-11 01:15:00+00:00,71.1,67.87,56.75
2025-12-11 01:30:00+00:00,73.3,71.85,69.89
2025-12-11 01:45:00+00:00,73.99,70.52,55.19
2025-12-11 02:00:00+00:00,73.21,72.05,72.44
2025-12-11 02:15:00+00:00,72.91,69.97,58.84
2025-12-11 02:30:00+00:00,74.69,70.66,52.41
2025-12-11 02:45:00+00:00,80.02,73.91,40.17
2025-12-11 03:00:00+00:00,70.57,67.97,61.1
2025-12-11 03:15:00+00:00,74.65,69.86,47.68
2025-12-11 03:30:00+00:00,79.0,74.52,52.34
2025-12-11 03:45:00+00:00,83.43,77.78,46.88
2025-12-11 04:00:00+00:00,79.02,75.9,58.84
2025-12-11 04:15:00+00:00,78.95,76.21,65.58
2025-12-11 04:30:00+00:00,79.02,74.94,57.81
2025-12-11 04:45:00+00:00,85.38,80.7,59.84
2025-12-11 05:00:00+00:00,75.9,73.84,69.02
2025-12-11 05:15:00+00:00,89.48,82.85,71.51
2025-12-11 05:30:00+00:00,91.46,82.85,73.3
2025-12-11 05:45:00+00:00,103.52,96.7,76.01
2025-12-11 06:00:00+00:00,89.09,88.73,86.49
2025-12-11 06:15:00+00:00,94.53,93.93,91.47
2025-12-11 06:30:00+00:00,101.85,100.92,98.5
2025-12-11 06:45:00+00:00,106.97,102.0,82.2
2025-12-11 07:00:00+00:00,102.97,101.7,102.97
2025-12-11 07:15:00+00:00,112.96,111.59,109.41
2025-12-11 07:30:00+00:00,113.99,111.3,103.62
2025-12-11 07:45:00+00:00,111.51,107.03,83.61
2025-12-11 08:00:00+00:00,118.17,116.72,113.94
2025-12-11 08:15:00+00:00,110.63,108.84,105.07
2025-12-11 08:30:00+00:00,104.87,101.94,93.99
2025-12-11 08:45:00+00:00,91.0,87.61,79.19
2025-12-11 09:00:00+00:00,106.19,104.05,99.8
2025-12-11 09:15:00+00:00,93.83,91.55,88.08
2025-12-11 09:30:00+00:00,86.8,83.97,79.0
2025-12-11 09:45:00+00:00,85.9,82.7,75.12
2025-12-11 10:00:00+00:00,96.39,93.26,82.12
2025-12-11 10:15:00+00:00,95.06,91.02,79.54
2025-12-11 10:30:00+00:00,90.12,86.63,78.0
2025-12-11 10:45:00+00:00,86.1,82.77,75.4
2025-12-11 11:00:00+00:00,92.43,88.82,79.0
2025-12-11 11:15:00+00:00,87.01,84.2,75.9
2025-12-11 11:30:00+00:00,88.78,86.13,75.79
2025-12-11 11:45:00+00:00,89.38,86.73,75.5
2025-12-11 12:00:00+00:00,85.19,82.5,75.11
2025-12-11 12:15:00+00:00,86.45,83.77,75.12
2025-12-11 12:30:00+00:00,92.63,89.15,75.11
2025-12-11 12:45:00+00:00,96.61,93.04,74.72
2025-12-11 13:00:00+00:00,84.78,81.87,75.0
2025-12-11 13:15:00+00:00,94.02,90.26,75.11
2025-12-11 13:30:00+00:00,99.56,95.84,75.12
2025-12-11 13:45:00+00:00,112.79,107.37,75.37
2025-12-11 14:00:00+00:00,98.15,94.05,75.24
2025-12-11 14:15:00+00:00,106.06,100.85,75.37
2025-12-11 14:30:00+00:00,115.95,109.9,78.0
2025-12-11 14:45:00+00:00,124.9,119.17,82.75
2025-12-11 15:00:00+00:00,109.05,103.74,77.4
2025-12-11 15:15:00+00:00,109.54,105.1,85.0
2025-12-11 15:30:00+00:00,118.12,113.11,87.85
2025-12-11 15:45:00+00:00,122.09,117.03,90.11
2025-12-11 16:00:00+00:00,110.65,106.63,89.32
2025-12-11 16:15:00+00:00,116.93,112.62,91.61
2025-12-11 16:30:00+00:00,117.95,115.27,103.61
2025-12-11 16:45:00+00:00,116.09,114.5,108.99
2025-12-11 17:00:00+00:00,116.59,113.14,96.07
2025-12-11 17:15:00+00:00,112.51,110.48,102.81
2025-12-11 17:30:00+00:00,111.03,109.94,110.29
2025-12-11 17:45:00+00:00,110.14,109.5,111.31
2025-12-11 18:00:00+00:00,108.3,107.19,109.57
2025-12-11 18:15:00+00:00,105.69,104.7,106.85
2025-12-11 18:30:00+00:00,109.08,107.14,101.81
2025-12-11 18:45:00+00:00,108.09,104.82,90.24
2025-12-11 19:00:00+00:00,113.96,110.54,94.01
2025-12-11 19:15:00+00:00,103.82,100.34,88.75
2025-12-11 19:30:00+00:00,99.79,96.2,82.24
2025-12-11 19:45:00+00:00,97.0,95.01,90.36
2025-12-11 20:00:00+00:00,103.57,99.59,81.9
2025-12-11 20:15:00+00:00,99.04,91.42,82.84
2025-12-11 20:30:00+00:00,92.27,90.15,87.27
2025-12-11 20:45:00+00:00,82.69,80.6,77.79
2025-12-11 21:00:00+00:00,100.59,95.31,67.07
2025-12-11 21:15:00+00:00,91.53,88.87,78.84
2025-12-11 21:30:00+00:00,92.79,92.13,90.87
2025-12-11 21:45:00+00:00,89.43,89.3,89.48
2025-12-11 22:00:00+00:00,101.03,89.84,82.95
2025-12-11 22:15:00+00:00,95.01,86.4,70.53
2025-12-11 22:30:00+00:00,91.31,87.15,84.66
2025-12-11 22:45:00+00:00,87.59,87.59,87.59
2025-12-11 23:00:00+00:00,88.14,87.28,88.52
2025-12-11 23:15:00+00:00,86.91,85.73,84.06
2025-12-11 23:30:00+00:00,79.0,76.73,69.7
2025-12-11 23:45:00+00:00,81.07,77.96,63.53
2025-12-12 00:00:00+00:00,84.34,83.26,84.21
2025-12-12 00:15:00+00:00,83.57,81.9,76.11
2025-12-12 00:30:00+00:00,89.23,87.0,75.03
2025-12-12 00:45:00+00:00,87.74,84.31,64.63
2025-12-12 01:00:00+00:00,88.09,86.35,79.14
2025-12-12 01:15:00+00:00,84.58,82.71,75.36
2025-12-12 01:30:00+00:00,88.8,85.31,64.77
2025-12-12 01:45:00+00:00,90.13,84.45,48.01
2025-12-12 02:00:00+00:00,90.81,87.29,65.67
2025-12-12 02:15:00+00:00,88.92,84.53,57.44
2025-12-12 02:30:00+00:00,90.48,85.22,49.85
2025-12-12 02:45:00+00:00,90.52,83.78,51.11
2025-12-12 03:00:00+00:00,87.83,83.06,51.67
2025-12-12 03:15:00+00:00,89.9,83.5,42.62
2025-12-12 03:30:00+00:00,95.1,82.87,55.1
2025-12-12 03:45:00+00:00,90.0,81.89,58.06
2025-12-12 04:00:00+00:00,84.67,76.67,60.59
2025-12-12 04:15:00+00:00,87.11,81.32,63.97
2025-12-12 04:30:00+00:00,97.06,85.01,65.76
2025-12-12 04:45:00+00:00,100.01,90.77,65.68
2025-12-12 05:00:00+00:00,84.46,73.35,81.81
2025-12-12 05:15:00+00:00,97.09,83.93,85.92
2025-12-12 05:30:00+00:00,110.28,93.65,75.95
2025-12-12 05:45:00+00:00,113.08,99.06,80.92
2025-12-12 06:00:00+00:00,108.32,103.0,76.32
2025-12-12 06:15:00+00:00,125.3,119.23,81.84
2025-12-12 06:30:00+00:00,122.78,118.02,93.2
2025-12-12 06:45:00+00:00,128.9,123.8,95.04
2025-12-12 07:00:00+00:00,128.79,126.57,114.13
2025-12-12 07:15:00+00:00,132.96,130.71,118.66
2025-12-12 07:30:00+00:00,133.52,130.2,109.74
2025-12-12 07:45:00+00:00,128.14,122.84,90.22
2025-12-12 08:00:00+00:00,133.97,132.2,121.28
2025-12-12 08:15:00+00:00,127.0,125.25,114.47
2025-12-12 08:30:00+00:00,124.64,121.01,98.64
2025-12-12 08:45:00+00:00,122.0,118.36,95.89
2025-12-12 09:00:00+00:00,129.2,126.38,108.5
2025-12-12 09:15:00+00:00,126.92,123.15,99.27
2025-12-12 09:30:00+00:00,118.18,113.11,81.07
2025-12-12 09:45:00+00:00,113.52,108.82,79.08
2025-12-12 10:00:00+00:00,122.1,117.28,86.0
2025-12-12 10:15:00+00:00,118.52,114.0,84.65
2025-12-12 10:30:00+00:00,117.91,112.9,80.4
2025-12-12 10:45:00+00:00,114.69,109.33,74.54
2025-12-12 11:00:00+00:00,111.63,108.18,86.95
2025-12-12 11:15:00+00:00,112.75,108.25,80.59
2025-12-12 11:30:00+00:00,113.29,109.38,85.35
2025-12-12 11:45:00+00:00,114.6,110.14,82.71
2025-12-12 12:00:00+00:00,114.22,110.31,85.24
2025-12-12 12:15:00+00:00,115.04,109.49,73.9
2025-12-12 12:30:00+00:00,119.81,111.93,61.36
2025-12-12 12:45:00+00:00,123.97,116.98,72.19
2025-12-12 13:00:00+00:00,114.08,106.72,61.33
2025-12-12 13:15:00+00:00,121.73,114.97,73.27
2025-12-12 13:30:00+00:00,133.05,124.44,71.4
2025-12-12 13:45:00+00:00,138.43,130.0,78.01
2025-12-12 14:00:00+00:00,122.1,114.74,69.4
2025-12-12 14:15:00+00:00,127.3,120.76,80.47
2025-12-12 14:30:00+00:00,135.99,128.1,78.94
2025-12-12 14:45:00+00:00,142.4,136.02,96.63
2025-12-12 15:00:00+00:00,134.03,125.67,73.4
2025-12-12 15:15:00+00:00,138.1,132.04,91.32
2025-12-12 15:30:00+00:00,148.95,140.05,80.72
2025-12-12 15:45:00+00:00,160.87,152.0,94.36
2025-12-12 16:00:00+00:00,150.0,146.57,86.02
2025-12-12 16:15:00+00:00,151.81,149.12,100.73
2025-12-12 16:30:00+00:00,144.79,142.8,108.5
2025-12-12 16:45:00+00:00,140.7,138.93,110.51
2025-12-12 17:00:00+00:00,138.83,136.75,109.7
2025-12-12 17:15:00+00:00,133.66,131.4,111.23
2025-12-12 17:30:00+00:00,131.01,127.8,115.33
2025-12-12 17:45:00+00:00,128.9,119.52,115.65
2025-12-12 18:00:00+00:00,129.0,126.66,110.27
2025-12-12 18:15:00+00:00,127.3,119.58,110.03
2025-12-12 18:30:00+00:00,128.63,108.46,109.48
2025-12-12 18:45:00+00:00,127.3,82.07,108.0
2025-12-12 19:00:00+00:00,122.0,120.09,102.95
2025-12-12 19:15:00+00:00,122.0,110.83,93.76
2025-12-12 19:30:00+00:00,119.9,91.7,101.92
2025-12-12 19:45:00+00:00,104.11,83.37,97.85
2025-12-12 20:00:00+00:00,130.57,97.5,84.24
2025-12-12 20:15:00+00:00,117.33,95.84,86.76
2025-12-12 20:30:00+00:00,109.22,92.63,76.44
2025-12-12 20:45:00+00:00,102.6,90.03,70.35
2025-12-12 21:00:00+00:00,109.92,91.86,64.95
2025-12-12 21:15:00+00:00,107.64,90.95,74.88
2025-12-12 21:30:00+00:00,103.58,89.95,88.53
2025-12-12 21:45:00+00:00,94.14,85.35,87.65
2025-12-12 22:00:00+00:00,102.95,100.12,82.15
2025-12-12 22:15:00+00:00,95.31,91.12,82.91
2025-12-12 22:30:00+00:00,87.68,87.44,83.45
2025-12-12 22:45:00+00:00,81.07,80.97,77.49
2025-12-12 23:00:00+00:00,103.81,87.89,96.04
2025-12-12 23:15:00+00:00,93.33,85.3,95.39
2025-12-12 23:30:00+00:00,89.21,88.55,87.5
2025-12-12 23:45:00+00:00,82.78,82.11,82.0
2025-12-13 00:00:00+00:00,99.35,97.62,87.5
2025-12-13 00:15:00+00:00,92.78,90.98,83.11
2025-12-13 00:30:00+00:00,87.52,85.74,78.76
2025-12-13 00:45:00+00:00,82.36,80.61,75.0
2025-12-13 01:00:00+00:00,92.52,89.69,75.2
2025-12-13 01:15:00+00:00,85.52,83.36,74.12
2025-12-13 01:30:00+00:00,87.48,85.18,74.12
2025-12-13 01:45:00+00:00,84.04,82.17,74.12
2025-12-13 02:00:00+00:00,92.19,88.43,70.1
2025-12-13 02:15:00+00:00,87.23,82.1,69.71
2025-12-13 02:30:00+00:00,85.95,80.35,69.32
2025-12-13 02:45:00+00:00,82.8,78.45,66.65
2025-12-13 03:00:00+00:00,86.51,80.41,68.27
2025-12-13 03:15:00+00:00,84.34,77.79,65.0
2025-12-13 03:30:00+00:00,84.91,80.0,64.89
2025-12-13 03:45:00+00:00,84.24,80.99,64.8
2025-12-13 04:00:00+00:00,85.07,81.83,65.0
2025-12-13 04:15:00+00:00,84.38,81.09,65.1
2025-12-13 04:30:00+00:00,83.53,80.43,68.94
2025-12-13 04:45:00+00:00,85.69,82.48,69.45
2025-12-13 05:00:00+00:00,81.77,80.1,69.71
2025-12-13 05:15:00+00:00,75.9,74.48,69.84
2025-12-13 05:30:00+00:00,78.93,76.46,70.1
2025-12-13 05:45:00+00:00,79.97,77.55,72.65
2025-12-13 06:00:00+00:00,74.83,72.74,74.12
2025-12-13 06:15:00+00:00,76.48,74.63,75.0
2025-12-13 06:30:00+00:00,84.93,83.57,80.76
2025-12-13 06:45:00+00:00,88.3,86.56,83.35
2025-12-13 07:00:00+00:00,85.42,84.8,83.35
2025-12-13 07:15:00+00:00,90.79,89.63,86.76
2025-12-13 07:30:00+00:00,100.06,97.33,85.35
2025-12-13 07:45:00+00:00,107.54,104.2,84.37
2025-12-13 08:00:00+00:00,107.27,104.75,89.96
2025-12-13 08:15:00+00:00,107.33,103.87,83.39
2025-12-13 08:30:00+00:00,107.93,103.43,76.19
2025-12-13 08:45:00+00:00,104.55,100.13,73.61
2025-12-13 09:00:00+00:00,108.27,104.07,78.35
2025-12-13 09:15:00+00:00,105.62,100.94,72.23
2025-12-13 09:30:00+00:00,101.14,96.77,69.84
2025-12-13 09:45:00+00:00,95.31,91.57,69.32
2025-12-13 10:00:00+00:00,102.85,98.1,69.58
2025-12-13 10:15:00+00:00,100.7,96.22,69.32
2025-12-13 10:30:00+00:00,97.77,93.55,68.55
2025-12-13 10:45:00+00:00,91.05,86.93,63.1
2025-12-13 11:00:00+00:00,98.95,95.05,68.42
2025-12-13 11:15:00+00:00,93.59,89.85,63.56
2025-12-13 11:30:00+00:00,92.78,89.5,66.11
2025-12-13 11:45:00+00:00,89.71,86.63,64.0
2025-12-13 12:00:00+00:00,94.98,90.45,60.0
2025-12-13 12:15:00+00:00,91.95,87.94,60.0
2025-12-13 12:30:00+00:00,91.78,87.66,58.72
2025-12-13 12:45:00+00:00,93.03,88.73,58.52
2025-12-13 13:00:00+00:00,85.37,81.86,57.51
2025-12-13 13:15:00+00:00,87.98,84.49,60.0
2025-12-13 13:30:00+00:00,100.15,94.93,61.1
2025-12-13 13:45:00+00:00,109.53,102.82,61.32
2025-12-13 14:00:00+00:00,102.45,96.73,60.0
2025-12-13 14:15:00+00:00,115.63,108.81,66.65
2025-12-13 14:30:00+00:00,119.19,112.24,69.2
2025-12-13 14:45:00+00:00,121.36,114.2,69.84
2025-12-13 15:00:00+00:00,113.99,107.93,69.32
2025-12-13 15:15:00+00:00,118.0,111.69,71.5
2025-12-13 15:30:00+00:00,121.99,116.04,78.16
2025-12-13 15:45:00+00:00,124.85,119.78,87.5
2025-12-13 16:00:00+00:00,120.03,114.47,80.39
2025-12-13 16:15:00+00:00,120.67,116.28,89.86
2025-12-13 16:30:00+00:00,118.78,115.6,97.5
2025-12-13 16:45:00+00:00,114.31,111.77,99.87
2025-12-13 17:00:00+00:00,118.0,115.0,96.94
2025-12-13 17:15:00+00:00,115.05,112.68,99.7
2025-12-13 17:30:00+00:00,111.39,108.99,100.0
2025-12-13 17:45:00+00:00,104.58,97.79,101.0
2025-12-13 18:00:00+00:00,116.77,113.48,96.46
2025-12-13 18:15:00+00:00,106.7,104.35,96.46
2025-12-13 18:30:00+00:00,98.24,96.55,95.98
2025-12-13 18:45:00+00:00,92.81,91.05,91.46
2025-12-13 19:00:00+00:00,100.19,97.27,90.2
2025-12-13 19:15:00+00:00,93.59,91.51,88.49
2025-12-13 19:30:00+00:00,86.78,85.04,85.15
2025-12-13 19:45:00+00:00,86.27,85.01,85.28
2025-12-13 20:00:00+00:00,94.46,91.04,80.13
2025-12-13 20:15:00+00:00,94.71,90.52,71.49
2025-12-13 20:30:00+00:00,88.16,85.49,76.9
2025-12-13 20:45:00+00:00,84.9,83.95,83.61
2025-12-13 21:00:00+00:00,107.87,88.29,50.1
2025-12-13 21:15:00+00:00,96.29,92.07,71.4
2025-12-13 21:30:00+00:00,88.25,87.14,88.41
2025-12-13 21:45:00+00:00,82.33,81.8,82.4
2025-12-13 22:00:00+00:00,93.76,90.88,75.45
2025-12-13 22:15:00+00:00,89.73,85.66,82.72
2025-12-13 22:30:00+00:00,82.71,76.42,84.24
2025-12-13 22:45:00+00:00,71.35,67.04,72.32
2025-12-13 23:00:00+00:00,97.5,97.5,97.5
2025-12-13 23:15:00+00:00,91.92,91.92,91.92
2025-12-13 23:30:00+00:00,88.47,85.5,65.71
2025-12-13 23:45:00+00:00,86.89,82.74,55.02
2025-12-14 00:00:00+00:00,99.02,96.89,81.67
2025-12-14 00:15:00+00:00,95.24,92.34,71.69
2025-12-14 00:30:00+00:00,85.9,83.75,68.34
2025-12-14 00:45:00+00:00,81.93,79.32,60.74
2025-12-14 01:00:00+00:00,89.4,86.9,69.58
2025-12-14 01:15:00+00:00,83.34,80.39,60.44
2025-12-14 01:30:00+00:00,78.86,77.13,68.27
2025-12-14 01:45:00+00:00,76.0,74.73,70.58
2025-12-14 02:00:00+00:00,78.67,77.38,70.51
2025-12-14 02:15:00+00:00,81.7,79.35,63.03
2025-12-14 02:30:00+00:00,80.87,78.73,63.87
2025-12-14 02:45:00+00:00,78.56,75.17,52.48
2025-12-14 03:00:00+00:00,77.9,75.69,64.75
2025-12-14 03:15:00+00:00,76.84,73.4,54.3
2025-12-14 03:30:00+00:00,77.28,74.04,56.52
2025-12-14 03:45:00+00:00,77.2,72.47,44.53
2025-12-14 04:00:00+00:00,81.5,78.3,56.64
2025-12-14 04:15:00+00:00,78.68,74.94,53.06
2025-12-14 04:30:00+00:00,77.53,74.13,57.44
2025-12-14 04:45:00+00:00,77.34,71.91,42.2
2025-12-14 05:00:00+00:00,76.33,73.79,56.53
2025-12-14 05:15:00+00:00,76.47,72.76,49.48
2025-12-14 05:30:00+00:00,77.33,73.19,49.34
2025-12-14 05:45:00+00:00,78.57,73.81,50.86
2025-12-14 06:00:00+00:00,80.86,77.02,58.3
2025-12-14 06:15:00+00:00,76.06,72.47,55.36
2025-12-14 06:30:00+00:00,76.89,74.23,62.86
2025-12-14 06:45:00+00:00,76.08,73.08,59.87
2025-12-14 07:00:00+00:00,77.91,75.42,63.23
2025-12-14 07:15:00+00:00,81.65,79.88,71.11
2025-12-14 07:30:00+00:00,82.67,79.76,69.06
2025-12-14 07:45:00+00:00,84.81,81.67,68.82
2025-12-14 08:00:00+00:00,80.17,79.95,76.51
2025-12-14 08:15:00+00:00,85.91,84.66,74.12
2025-12-14 08:30:00+00:00,84.91,83.21,70.84
2025-12-14 08:45:00+00:00,78.39,77.02,67.97
2025-12-14 09:00:00+00:00,82.19,81.56,75.2
2025-12-14 09:15:00+00:00,79.91,78.76,70.97
2025-12-14 09:30:00+00:00,79.9,76.37,68.94
2025-12-14 09:45:00+00:00,78.02,74.53,57.29
2025-12-14 10:00:00+00:00,83.76,82.14,68.46
2025-12-14 10:15:00+00:00,85.09,82.19,60.59
2025-12-14 10:30:00+00:00,84.9,81.94,60.01
2025-12-14 10:45:00+00:00,82.56,79.62,57.7
2025-12-14 11:00:00+00:00,88.69,85.6,63.68
2025-12-14 11:15:00+00:00,87.43,83.99,61.09
2025-12-14 11:30:00+00:00,87.31,83.76,63.32
2025-12-14 11:45:00+00:00,85.66,81.95,61.05
2025-12-14 12:00:00+00:00,87.43,83.47,60.65
2025-12-14 12:15:00+00:00,85.9,82.49,60.01
2025-12-14 12:30:00+00:00,84.69,81.16,57.65
2025-12-14 12:45:00+00:00,89.81,85.76,57.7
2025-12-14 13:00:00+00:00,85.9,82.1,57.77
2025-12-14 13:15:00+00:00,80.69,78.01,60.01
2025-12-14 13:30:00+00:00,88.85,84.69,57.7
2025-12-14 13:45:00+00:00,99.16,94.08,61.03
2025-12-14 14:00:00+00:00,83.0,80.0,57.07
2025-12-14 14:15:00+00:00,88.91,85.76,61.57
2025-12-14 14:30:00+00:00,99.53,95.33,64.47
2025-12-14 14:45:00+00:00,96.95,92.12,70.58
2025-12-14 15:00:00+00:00,99.09,86.08,68.95
2025-12-14 15:15:00+00:00,101.83,94.84,71.1
2025-12-14 15:30:00+00:00,95.62,90.85,74.17
2025-12-14 15:45:00+00:00,100.59,96.62,85.35
2025-12-14 16:00:00+00:00,99.71,96.26,82.36
2025-12-14 16:15:00+00:00,105.28,102.54,90.65
2025-12-14 16:30:00+00:00,104.87,101.43,82.99
2025-12-14 16:45:00+00:00,101.28,98.43,85.97
2025-12-14 17:00:00+00:00,111.25,107.54,84.9
2025-12-14 17:15:00+00:00,106.04,103.31,89.25
2025-12-14 17:30:00+00:00,99.9,98.48,96.46
2025-12-14 17:45:00+00:00,95.98,94.44,96.57
2025-12-14 18:00:00+00:00,103.63,102.07,102.36
2025-12-14 18:15:00+00:00,98.04,96.52,98.04
2025-12-14 18:30:00+00:00,89.13,86.73,89.71
2025-12-14 18:45:00+00:00,81.16,78.79,81.0
2025-12-14 19:00:00+00:00,103.14,101.7,99.61
2025-12-14 19:15:00+00:00,92.47,90.1,84.19
2025-12-14 19:30:00+00:00,86.86,84.65,81.31
2025-12-14 19:45:00+00:00,79.12,76.96,73.48
2025-12-14 20:00:00+00:00,88.62,85.68,81.62
2025-12-14 20:15:00+00:00,85.38,82.91,80.86
2025-12-14 20:30:00+00:00,84.91,83.54,85.22
2025-12-14 20:45:00+00:00,78.7,77.34,75.46
2025-12-14 21:00:00+00:00,88.14,84.67,71.04
2025-12-14 21:15:00+00:00,83.3,81.42,83.65
2025-12-14 21:30:00+00:00,81.38,80.11,81.62
2025-12-14 21:45:00+00:00,77.78,76.8,77.96
2025-12-14 22:00:00+00:00,85.0,82.78,75.96
2025-12-14 22:15:00+00:00,74.7,72.3,64.94
2025-12-14 22:30:00+00:00,77.34,76.91,75.37
2025-12-14 22:45:00+00:00,65.96,65.64,67.81
2025-12-14 23:00:00+00:00,72.17,70.84,72.81
2025-12-14 23:15:00+00:00,75.04,74.03,75.52
2025-12-14 23:30:00+00:00,66.89,64.54,57.66
2025-12-14 23:45:00+00:00,75.9,70.48,38.37
2025-12-15 00:00:00+00:00,75.34,74.38,74.5
2025-12-15 00:15:00+00:00,72.69,71.59,71.33
2025-12-15 00:30:00+00:00,70.91,68.54,59.18
2025-12-15 00:45:00+00:00,68.57,63.17,33.61
2025-12-15 01:00:00+00:00,72.07,71.09,72.53
2025-12-15 01:15:00+00:00,70.57,69.35,69.98
2025-12-15 01:30:00+00:00,70.54,67.14,51.21
2025-12-15 01:45:00+00:00,70.97,63.98,22.28
2025-12-15 02:00:00+00:00,70.91,68.27,57.49
2025-12-15 02:15:00+00:00,69.76,66.59,51.85
2025-12-15 02:30:00+00:00,70.13,62.79,19.29
2025-12-15 02:45:00+00:00,71.87,62.34,2.71
2025-12-15 03:00:00+00:00,70.22,64.08,29.34
2025-12-15 03:15:00+00:00,72.71,64.28,13.4
2025-12-15 03:30:00+00:00,76.28,67.67,14.53
2025-12-15 03:45:00+00:00,81.91,72.24,11.9
2025-12-15 04:00:00+00:00,70.46,65.7,32.0
2025-12-15 04:15:00+00:00,70.39,66.97,50.41
2025-12-15 04:30:00+00:00,77.49,72.51,49.58
2025-12-15 04:45:00+00:00,88.87,82.82,46.36
2025-12-15 05:00:00+00:00,71.0,68.75,67.21
2025-12-15 05:15:00+00:00,84.02,81.51,71.07
2025-12-15 05:30:00+00:00,85.8,85.18,84.83
2025-12-15 05:45:00+00:00,105.28,102.7,90.09
2025-12-15 06:00:00+00:00,78.89,68.0,80.85
2025-12-15 06:15:00+00:00,92.88,79.84,93.36
2025-12-15 06:30:00+00:00,104.39,91.64,95.22
2025-12-15 06:45:00+00:00,119.0,108.14,95.94
2025-12-15 07:00:00+00:00,104.08,103.82,105.98
2025-12-15 07:15:00+00:00,104.85,104.32,106.46
2025-12-15 07:30:00+00:00,104.37,103.75,105.68
2025-12-15 07:45:00+00:00,91.21,90.17,92.68
2025-12-15 08:00:00+00:00,103.02,104.5,101.61
2025-12-15 08:15:00+00:00,105.41,104.48,93.94
2025-12-15 08:30:00+00:00,97.82,96.28,85.96
2025-12-15 08:45:00+00:00,80.35,79.93,78.49
2025-12-15 09:00:00+00:00,112.79,109.66,86.46
2025-12-15 09:15:00+00:00,93.64,90.46,74.66
2025-12-15 09:30:00+00:00,80.3,78.99,66.52
2025-12-15 09:45:00+00:00,71.73,70.56,59.1
2025-12-15 10:00:00+00:00,86.93,84.84,68.84
2025-12-15 10:15:00+00:00,77.05,76.14,67.83
2025-12-15 10:30:00+00:00,77.58,76.76,69.94
2025-12-15 10:45:00+00:00,77.33,76.89,72.61
2025-12-15 11:00:00+00:00,76.17,75.61,75.67
2025-12-15 11:15:00+00:00,75.35,74.71,74.71
2025-12-15 11:30:00+00:00,81.1,78.39,81.1
2025-12-15 11:45:00+00:00,86.46,80.0,84.37
2025-12-15 12:00:00+00:00,83.59,80.0,75.92
2025-12-15 12:15:00+00:00,86.09,84.6,72.89
2025-12-15 12:30:00+00:00,87.04,85.2,69.44
2025-12-15 12:45:00+00:00,96.32,91.43,77.32
2025-12-15 13:00:00+00:00,83.12,79.42,76.21
2025-12-15 13:15:00+00:00,88.24,86.88,76.25
2025-12-15 13:30:00+00:00,104.96,98.61,75.34
2025-12-15 13:45:00+00:00,105.43,102.2,72.86
2025-12-15 14:00:00+00:00,103.51,86.87,69.69
2025-12-15 14:15:00+00:00,105.69,102.21,73.62
2025-12-15 14:30:00+00:00,105.0,103.08,80.64
2025-12-15 14:45:00+00:00,115.0,112.07,82.56
2025-12-15 15:00:00+00:00,100.55,99.18,80.93
2025-12-15 15:15:00+00:00,110.12,108.79,89.7
2025-12-15 15:30:00+00:00,111.35,110.93,96.07
2025-12-15 15:45:00+00:00,112.6,111.34,91.55
2025-12-15 16:00:00+00:00,103.71,102.78,98.65
2025-12-15 16:15:00+00:00,105.05,104.42,98.17
2025-12-15 16:30:00+00:00,104.07,102.66,96.09
2025-12-15 16:45:00+00:00,104.02,101.57,91.02
2025-12-15 17:00:00+00:00,103.07,102.12,98.63
2025-12-15 17:15:00+00:00,98.27,97.08,93.24
2025-12-15 17:30:00+00:00,99.51,99.15,102.81
2025-12-15 17:45:00+00:00,91.78,91.58,95.32
2025-12-15 18:00:00+00:00,100.05,99.71,103.21
2025-12-15 18:15:00+00:00,91.82,91.03,95.04
2025-12-15 18:30:00+00:00,86.75,86.25,90.26
2025-12-15 18:45:00+00:00,83.05,82.34,86.4
2025-12-15 19:00:00+00:00,93.24,92.45,88.62
2025-12-15 19:15:00+00:00,86.78,86.27,89.98
2025-12-15 19:30:00+00:00,80.29,78.29,82.44
2025-12-15 19:45:00+00:00,76.69,75.37,78.92
2025-12-15 20:00:00+00:00,87.36,84.08,73.24
2025-12-15 20:15:00+00:00,87.32,85.19,78.69
2025-12-15 20:30:00+00:00,86.08,85.02,82.33
2025-12-15 20:45:00+00:00,79.92,78.92,74.29
2025-12-15 21:00:00+00:00,92.0,90.1,78.38
2025-12-15 21:15:00+00:00,83.08,81.82,78.26
2025-12-15 21:30:00+00:00,82.93,82.29,85.05
2025-12-15 21:45:00+00:00,81.9,82.04,83.54
2025-12-15 22:00:00+00:00,81.9,81.48,75.86
2025-12-15 22:15:00+00:00,84.38,82.6,67.89
2025-12-15 22:30:00+00:00,80.12,80.1,78.8
2025-12-15 22:45:00+00:00,75.45,76.13,77.2
2025-12-15 23:00:00+00:00,80.91,79.94,81.61
2025-12-15 23:15:00+00:00,83.07,83.07,83.98
2025-12-15 23:30:00+00:00,81.91,74.18,66.31
2025-12-15 23:45:00+00:00,76.79,72.79,63.5
2025-12-16 00:00:00+00:00,82.17,81.16,73.38
2025-12-16 00:15:00+00:00,79.02,77.7,68.05
2025-12-16 00:30:00+00:00,78.18,77.0,71.86
2025-12-16 00:45:00+00:00,76.84,75.3,69.32
2025-12-16 01:00:00+00:00,77.84,76.93,74.81
2025-12-16 01:15:00+00:00,76.26,75.32,72.59
2025-12-16 01:30:00+00:00,77.19,76.4,74.19
2025-12-16 01:45:00+00:00,77.1,76.73,71.68
2025-12-16 02:00:00+00:00,77.41,76.01,70.89
2025-12-16 02:15:00+00:00,77.19,75.16,62.7
2025-12-16 02:30:00+00:00,80.29,77.7,61.27
2025-12-16 02:45:00+00:00,81.32,79.8,67.95
2025-12-16 03:00:00+00:00,78.08,75.93,60.22
2025-12-16 03:15:00+00:00,82.12,80.88,74.5
2025-12-16 03:30:00+00:00,79.15,77.98,74.5
2025-12-16 03:45:00+00:00,82.2,80.4,74.5
2025-12-16 04:00:00+00:00,78.6,77.19,75.1
2025-12-16 04:15:00+00:00,79.27,77.97,75.5
2025-12-16 04:30:00+00:00,82.1,80.04,76.5
2025-12-16 04:45:00+00:00,89.28,86.41,77.42
2025-12-16 05:00:00+00:00,80.29,80.18,82.36
2025-12-16 05:15:00+00:00,87.44,86.59,86.43
2025-12-16 05:30:00+00:00,89.8,88.1,88.24
2025-12-16 05:45:00+00:00,96.07,93.04,93.5
2025-12-16 06:00:00+00:00,89.91,88.07,88.39
2025-12-16 06:15:00+00:00,90.52,89.55,92.96
2025-12-16 06:30:00+00:00,90.31,90.06,93.72
2025-12-16 06:45:00+00:00,94.8,91.22,97.33
2025-12-16 07:00:00+00:00,100.54,99.68,95.48
2025-12-16 07:15:00+00:00,104.48,103.66,99.05
2025-12-16 07:30:00+00:00,104.31,103.54,99.25
2025-12-16 07:45:00+00:00,92.54,92.41,91.06
2025-12-16 08:00:00+00:00,108.42,107.81,105.1
2025-12-16 08:15:00+00:00,108.37,104.83,102.01
2025-12-16 08:30:00+00:00,98.27,91.88,98.27
2025-12-16 08:45:00+00:00,90.0,84.15,90.87
2025-12-16 09:00:00+00:00,100.69,100.69,100.69
2025-12-16 09:15:00+00:00,93.96,93.96,95.35
2025-12-16 09:30:00+00:00,88.78,88.78,88.78
2025-12-16 09:45:00+00:00,85.95,85.95,85.95
2025-12-16 10:00:00+00:00,91.58,91.58,91.58
2025-12-16 10:15:00+00:00,90.03,90.03,89.28
2025-12-16 10:30:00+00:00,90.14,90.14,88.23
2025-12-16 10:45:00+00:00,90.68,90.67,88.71
2025-12-16 11:00:00+00:00,89.72,89.72,89.08
2025-12-16 11:15:00+00:00,87.92,87.92,87.92
2025-12-16 11:30:00+00:00,91.32,91.32,88.86
2025-12-16 11:45:00+00:00,97.09,95.7,88.14
2025-12-16 12:00:00+00:00,87.76,87.76,85.73
2025-12-16 12:15:00+00:00,90.75,90.69,86.43
2025-12-16 12:30:00+00:00,100.58,98.7,85.0
2025-12-16 12:45:00+00:00,120.45,115.57,86.43
2025-12-16 13:00:00+00:00,100.83,98.91,85.35
2025-12-16 13:15:00+00:00,115.01,111.92,87.3
2025-12-16 13:30:00+00:00,139.36,133.6,90.5
2025-12-16 13:45:00+00:00,142.39,136.25,90.8
2025-12-16 14:00:00+00:00,122.14,118.26,88.09
2025-12-16 14:15:00+00:00,138.8,134.46,95.35
2025-12-16 14:30:00+00:00,143.69,142.0,97.33
2025-12-16 14:45:00+00:00,152.88,151.28,102.08
2025-12-16 15:00:00+00:00,140.01,137.51,90.67
2025-12-16 15:15:00+00:00,140.95,139.69,97.33
2025-12-16 15:30:00+00:00,162.35,159.22,102.08
2025-12-16 15:45:00+00:00,177.94,173.75,107.61
2025-12-16 16:00:00+00:00,157.92,155.65,97.5
2025-12-16 16:15:00+00:00,168.54,166.0,105.0
2025-12-16 16:30:00+00:00,165.22,162.95,108.17
2025-12-16 16:45:00+00:00,157.14,155.7,120.24
2025-12-16 17:00:00+00:00,151.11,145.8,106.68
2025-12-16 17:15:00+00:00,142.03,139.5,119.47
2025-12-16 17:30:00+00:00,138.93,137.77,128.63
2025-12-16 17:45:00+00:00,136.93,136.81,134.83
2025-12-16 18:00:00+00:00,147.29,147.13,130.46
2025-12-16 18:15:00+00:00,140.41,140.56,140.78
2025-12-16 18:30:00+00:00,131.7,131.7,131.17
2025-12-16 18:45:00+00:00,128.99,129.07,129.25
2025-12-16 19:00:00+00:00,130.62,130.08,124.27
2025-12-16 19:15:00+00:00,138.77,136.8,122.48
2025-12-16 19:30:00+00:00,127.0,120.86,108.24
2025-12-16 19:45:00+00:00,119.01,117.05,106.5
2025-12-16 20:00:00+00:00,133.59,130.08,105.13
2025-12-16 20:15:00+00:00,123.13,120.93,105.35
2025-12-16 20:30:00+00:00,115.6,113.72,100.44
2025-12-16 20:45:00+00:00,103.45,101.92,91.1
2025-12-16 21:00:00+00:00,127.33,121.93,82.08
2025-12-16 21:15:00+00:00,116.56,113.35,90.28
2025-12-16 21:30:00+00:00,112.72,110.46,94.26
2025-12-16 21:45:00+00:00,105.69,103.34,86.44
2025-12-16 22:00:00+00:00,113.71,110.95,91.31
2025-12-16 22:15:00+00:00,106.54,103.68,83.34
2025-12-16 22:30:00+00:00,101.42,99.08,82.35
2025-12-16 22:45:00+00:00,92.01,90.41,79.0
2025-12-16 23:00:00+00:00,89.9,88.49,86.76
2025-12-16 23:15:00+00:00,89.12,87.52,84.0
2025-12-16 23:30:00+00:00,89.12,87.22,82.0
2025-12-16 23:45:00+00:00,87.87,86.17,79.78
2025-12-17 00:00:00+00:00,93.78,91.45,85.0
2025-12-17 00:15:00+00:00,90.09,88.33,82.82
2025-12-17 00:30:00+00:00,88.34,85.98,81.62
2025-12-17 00:45:00+00:00,86.95,85.38,79.61
2025-12-17 01:00:00+00:00,87.93,86.41,84.0
2025-12-17 01:15:00+00:00,85.55,83.96,81.62
2025-12-17 01:30:00+00:00,86.05,84.81,80.83
2025-12-17 01:45:00+00:00,86.44,84.82,78.4
2025-12-17 02:00:00+00:00,85.15,82.47,77.97
2025-12-17 02:15:00+00:00,84.91,82.57,77.71
2025-12-17 02:30:00+00:00,84.91,82.96,77.45
2025-12-17 02:45:00+00:00,85.13,81.98,77.0
2025-12-17 03:00:00+00:00,86.76,83.5,67.25
2025-12-17 03:15:00+00:00,85.74,82.18,65.64
2025-12-17 03:30:00+00:00,88.82,84.54,64.23
2025-12-17 03:45:00+00:00,90.99,84.58,69.79
2025-12-17 04:00:00+00:00,89.53,85.62,63.56
2025-12-17 04:15:00+00:00,87.61,84.45,68.97
2025-12-17 04:30:00+00:00,91.27,88.88,77.97
2025-12-17 04:45:00+00:00,93.58,91.47,81.62
2025-12-17 05:00:00+00:00,76.71,76.28,76.71
2025-12-17 05:15:00+00:00,85.1,83.44,78.0
2025-12-17 05:30:00+00:00,95.24,91.68,78.7
2025-12-17 05:45:00+00:00,124.9,113.4,71.01
2025-12-17 06:00:00+00:00,86.26,86.05,86.26
2025-12-17 06:15:00+00:00,97.26,96.2,91.55
2025-12-17 06:30:00+00:00,121.63,117.32,96.79
2025-12-17 06:45:00+00:00,130.15,126.0,106.16
2025-12-17 07:00:00+00:00,128.99,127.45,108.76
2025-12-17 07:15:00+00:00,137.0,135.41,116.49
2025-12-17 07:30:00+00:00,135.88,133.79,109.04
2025-12-17 07:45:00+00:00,131.97,129.32,98.0
2025-12-17 08:00:00+00:00,132.0,131.55,125.0
2025-12-17 08:15:00+00:00,133.61,131.55,119.47
2025-12-17 08:30:00+00:00,123.95,120.28,102.02
2025-12-17 08:45:00+00:00,115.62,112.4,96.4
2025-12-17 09:00:00+00:00,135.48,131.44,108.31
2025-12-17 09:15:00+00:00,126.34,122.39,100.0
2025-12-17 09:30:00+00:00,120.98,117.12,96.03
2025-12-17 09:45:00+00:00,115.34,111.05,88.13
2025-12-17 10:00:00+00:00,125.37,121.14,96.03
2025-12-17 10:15:00+00:00,119.0,114.8,91.12
2025-12-17 10:30:00+00:00,116.0,111.85,88.9
2025-12-17 10:45:00+00:00,112.23,108.3,86.61
2025-12-17 11:00:00+00:00,109.66,106.57,89.37
2025-12-17 11:15:00+00:00,108.34,105.03,86.61
2025-12-17 11:30:00+00:00,113.0,108.98,87.99
2025-12-17 11:45:00+00:00,116.58,112.27,87.47
2025-12-17 12:00:00+00:00,118.1,113.43,86.51
2025-12-17 12:15:00+00:00,119.01,114.01,85.0
2025-12-17 12:30:00+00:00,126.4,120.0,82.72
2025-12-17 12:45:00+00:00,127.12,120.27,80.41
2025-12-17 13:00:00+00:00,120.65,115.18,83.39
2025-12-17 13:15:00+00:00,121.66,115.98,83.51
2025-12-17 13:30:00+00:00,129.0,121.8,79.68
2025-12-17 13:45:00+00:00,148.57,138.86,82.55
2025-12-17 14:00:00+00:00,116.92,111.67,84.69
2025-12-17 14:15:00+00:00,124.98,119.12,87.13
2025-12-17 14:30:00+00:00,133.29,126.12,82.8
2025-12-17 14:45:00+00:00,134.82,128.2,89.82
2025-12-17 15:00:00+00:00,121.61,118.57,79.85
2025-12-17 15:15:00+00:00,125.56,123.27,86.33
2025-12-17 15:30:00+00:00,128.63,125.31,83.27
2025-12-17 15:45:00+00:00,130.19,126.57,83.59
2025-12-17 16:00:00+00:00,129.91,122.1,85.29
2025-12-17 16:15:00+00:00,126.37,118.57,85.71
2025-12-17 16:30:00+00:00,122.99,117.33,95.61
2025-12-17 16:45:00+00:00,112.03,107.82,97.71
2025-12-17 17:00:00+00:00,131.4,124.15,91.15
2025-12-17 17:15:00+00:00,118.56,111.32,86.56
2025-12-17 17:30:00+00:00,104.78,90.0,82.42
2025-12-17 17:45:00+00:00,90.86,82.78,84.28
2025-12-17 18:00:00+00:00,114.24,104.75,88.59
2025-12-17 18:15:00+00:00,95.63,82.62,74.67
2025-12-17 18:30:00+00:00,92.98,84.93,91.95
2025-12-17 18:45:00+00:00,87.17,84.39,84.85
2025-12-17 19:00:00+00:00,112.26,94.49,86.23
2025-12-17 19:15:00+00:00,98.28,87.26,86.98
2025-12-17 19:30:00+00:00,84.9,80.1,83.49
2025-12-17 19:45:00+00:00,83.4,77.75,83.29
2025-12-17 20:00:00+00:00,112.56,104.1,77.69
2025-12-17 20:15:00+00:00,94.64,89.64,81.3
2025-12-17 20:30:00+00:00,88.67,82.28,82.69
2025-12-17 20:45:00+00:00,82.94,79.4,74.05
2025-12-17 21:00:00+00:00,105.17,84.31,74.85
2025-12-17 21:15:00+00:00,99.91,81.9,74.42
2025-12-17 21:30:00+00:00,87.28,80.08,89.84
2025-12-17 21:45:00+00:00,80.51,76.68,81.41
2025-12-17 22:00:00+00:00,105.74,88.98,81.44
2025-12-17 22:15:00+00:00,88.41,78.18,65.49
2025-12-17 22:30:00+00:00,74.76,72.92,73.5
2025-12-17 22:45:00+00:00,71.09,66.33,50.76
2025-12-17 23:00:00+00:00,83.56,75.87,34.23
2025-12-17 23:15:00+00:00,84.15,77.81,42.71
2025-12-17 23:30:00+00:00,73.79,69.0,45.2
2025-12-17 23:45:00+00:00,69.52,64.11,37.68
2025-12-18 00:00:00+00:00,82.91,79.37,62.23
2025-12-18 00:15:00+00:00,69.55,66.3,54.84
2025-12-18 00:30:00+00:00,64.33,61.37,42.35
2025-12-18 00:45:00+00:00,59.47,52.39,5.78
2025-12-18 01:00:00+00:00,63.68,60.1,48.13
2025-12-18 01:15:00+00:00,59.17,53.48,33.65
2025-12-18 01:30:00+00:00,59.6,52.95,26.79
2025-12-18 01:45:00+00:00,58.06,51.77,27.41
2025-12-18 02:00:00+00:00,57.35,51.24,26.66
2025-12-18 02:15:00+00:00,52.06,46.24,24.06
2025-12-18 02:30:00+00:00,44.59,38.15,14.21
2025-12-18 02:45:00+00:00,41.56,34.52,9.07
2025-12-18 03:00:00+00:00,46.52,39.23,13.96
2025-12-18 03:15:00+00:00,43.19,35.23,8.11
2025-12-18 03:30:00+00:00,46.51,38.06,6.71
2025-12-18 03:45:00+00:00,43.05,34.86,5.53
2025-12-18 04:00:00+00:00,34.58,30.59,19.99
2025-12-18 04:15:00+00:00,39.87,34.0,13.8
2025-12-18 04:30:00+00:00,63.22,55.09,20.75
2025-12-18 04:45:00+00:00,65.64,58.2,25.01
2025-12-18 05:00:00+00:00,58.69,48.07,22.06
2025-12-18 05:15:00+00:00,60.26,55.52,39.59
2025-12-18 05:30:00+00:00,66.01,63.3,61.81
2025-12-18 05:45:00+00:00,68.01,65.08,66.19
2025-12-18 06:00:00+00:00,69.25,66.76,67.78
2025-12-18 06:15:00+00:00,77.87,75.15,73.03
2025-12-18 06:30:00+00:00,91.94,89.6,84.01
2025-12-18 06:45:00+00:00,87.04,85.89,85.46
2025-12-18 07:00:00+00:00,99.82,97.85,88.68
2025-12-18 07:15:00+00:00,86.1,85.1,80.79
2025-12-18 07:30:00+00:00,93.34,91.51,82.8
2025-12-18 07:45:00+00:00,83.71,79.03,55.73
2025-12-18 08:00:00+00:00,118.01,115.29,92.93
2025-12-18 08:15:00+00:00,88.61,87.3,73.51
2025-12-18 08:30:00+00:00,72.46,83.78,45.0
2025-12-18 08:45:00+00:00,75.15,80.09,10.15
2025-12-18 09:00:00+00:00,82.91,109.28,48.06
2025-12-18 09:15:00+00:00,91.61,95.95,12.8
2025-12-18 09:30:00+00:00,74.64,88.05,13.55
2025-12-18 09:45:00+00:00,63.97,82.72,0.0
2025-12-18 10:00:00+00:00,85.17,108.5,2.0
2025-12-18 10:15:00+00:00,76.22,92.21,0.0
2025-12-18 10:30:00+00:00,78.39,91.49,0.0
2025-12-18 10:45:00+00:00,73.37,87.58,0.0
2025-12-18 11:00:00+00:00,73.71,85.38,0.0
2025-12-18 11:15:00+00:00,73.15,84.6,0.0
2025-12-18 11:30:00+00:00,77.95,85.88,0.0
2025-12-18 11:45:00+00:00,84.88,89.26,0.0
2025-12-18 12:00:00+00:00,68.67,85.06,0.44
2025-12-18 12:15:00+00:00,74.08,85.1,0.0
2025-12-18 12:30:00+00:00,85.0,89.71,0.0
2025-12-18 12:45:00+00:00,90.16,90.61,1.19
2025-12-18 13:00:00+00:00,82.48,82.48,4.86
2025-12-18 13:15:00+00:00,98.0,89.51,4.65
2025-12-18 13:30:00+00:00,120.8,102.81,2.45
2025-12-18 13:45:00+00:00,113.74,97.94,8.04
2025-12-18 14:00:00+00:00,106.66,89.66,0.06
2025-12-18 14:15:00+00:00,107.89,92.23,11.0
2025-12-18 14:30:00+00:00,115.52,99.55,18.99
2025-12-18 14:45:00+00:00,127.9,112.34,29.95
2025-12-18 15:00:00+00:00,102.75,88.45,29.3
2025-12-18 15:15:00+00:00,110.28,92.44,16.65
2025-12-18 15:30:00+00:00,120.77,102.83,22.33
2025-12-18 15:45:00+00:00,109.73,94.39,30.1
2025-12-18 16:00:00+00:00,108.49,96.44,41.85
2025-12-18 16:15:00+00:00,104.54,92.98,44.74
2025-12-18 16:30:00+00:00,103.4,90.4,29.92
2025-12-18 16:45:00+00:00,97.24,85.44,33.32
2025-12-18 17:00:00+00:00,84.61,80.2,66.98
2025-12-18 17:15:00+00:00,86.82,80.5,72.17
2025-12-18 17:30:00+00:00,96.5,87.41,58.76
2025-12-18 17:45:00+00:00,85.09,80.1,73.31
2025-12-18 18:00:00+00:00,97.12,90.0,74.96
2025-12-18 18:15:00+00:00,84.2,82.04,68.97
2025-12-18 18:30:00+00:00,74.39,80.87,53.12
2025-12-18 18:45:00+00:00,64.85,73.09,65.93
2025-12-18 19:00:00+00:00,77.0,91.6,51.77
2025-12-18 19:15:00+00:00,74.14,77.9,49.22
2025-12-18 19:30:00+00:00,65.5,65.61,51.66
2025-12-18 19:45:00+00:00,54.09,54.17,47.26
2025-12-18 20:00:00+00:00,60.02,60.1,45.49
2025-12-18 20:15:00+00:00,58.8,58.88,63.7
2025-12-18 20:30:00+00:00,50.23,50.23,46.56
2025-12-18 20:45:00+00:00,43.97,43.97,24.77
2025-12-18 21:00:00+00:00,61.73,58.15,38.89
2025-12-18 21:15:00+00:00,53.73,50.86,55.46
2025-12-18 21:30:00+00:00,52.38,50.06,55.63
2025-12-18 21:45:00+00:00,39.36,37.21,43.36
2025-12-18 22:00:00+00:00,32.0,30.01,36.92
2025-12-18 22:15:00+00:00,21.07,19.8,26.64
2025-12-18 22:30:00+00:00,14.46,14.46,20.67
2025-12-18 22:45:00+00:00,7.08,7.08,11.59
2025-12-18 23:00:00+00:00,12.77,9.11,16.21
2025-12-18 23:15:00+00:00,10.35,7.41,14.7
2025-12-18 23:30:00+00:00,9.24,6.99,14.87
2025-12-18 23:45:00+00:00,7.0,6.83,16.12
2025-12-19 00:00:00+00:00,8.1,7.18,15.96
2025-12-19 00:15:00+00:00,5.89,4.8,13.43
2025-12-19 00:30:00+00:00,5.05,3.17,11.21
2025-12-19 00:45:00+00:00,4.39,2.49,10.34
2025-12-19 01:00:00+00:00,4.35,4.34,10.64
2025-12-19 01:15:00+00:00,4.32,4.32,12.92
2025-12-19 01:30:00+00:00,4.33,4.32,12.16
2025-12-19 01:45:00+00:00,4.32,4.31,10.77
2025-12-19 02:00:00+00:00,3.69,1.6,9.08
2025-12-19 02:15:00+00:00,3.47,3.2,12.15
2025-12-19 02:30:00+00:00,3.28,2.43,11.29
2025-12-19 02:45:00+00:00,3.62,3.0,9.83
2025-12-19 03:00:00+00:00,3.4,2.18,10.97
2025-12-19 03:15:00+00:00,4.01,2.36,10.77
2025-12-19 03:30:00+00:00,4.32,3.0,10.79
2025-12-19 03:45:00+00:00,4.73,3.9,12.94
2025-12-19 04:00:00+00:00,4.64,4.58,13.62
2025-12-19 04:15:00+00:00,8.52,6.68,14.93
2025-12-19 04:30:00+00:00,10.0,8.14,17.58
2025-12-19 04:45:00+00:00,19.94,17.33,25.67
2025-12-19 05:00:00+00:00,15.0,14.43,20.9
2025-12-19 05:15:00+00:00,37.71,35.52,42.11
2025-12-19 05:30:00+00:00,43.81,42.44,50.13
2025-12-19 05:45:00+00:00,64.6,62.76,65.66
2025-12-19 06:00:00+00:00,53.75,51.76,58.77
2025-12-19 06:15:00+00:00,69.84,67.73,71.19
2025-12-19 06:30:00+00:00,88.13,86.45,88.13
2025-12-19 06:45:00+00:00,95.13,95.13,94.55
2025-12-19 07:00:00+00:00,87.59,87.14,87.59
2025-12-19 07:15:00+00:00,89.44,89.44,89.44
2025-12-19 07:30:00+00:00,92.22,92.22,91.72
2025-12-19 07:45:00+00:00,88.92,88.92,88.38
2025-12-19 08:00:00+00:00,92.81,92.81,92.81
2025-12-19 08:15:00+00:00,89.8,89.8,89.8
2025-12-19 08:30:00+00:00,88.77,88.77,88.77
2025-12-19 08:45:00+00:00,86.16,86.16,86.16
2025-12-19 09:00:00+00:00,93.11,93.84,93.11
2025-12-19 09:15:00+00:00,90.13,90.13,88.3
2025-12-19 09:30:00+00:00,87.68,87.68,85.8
2025-12-19 09:45:00+00:00,86.0,86.0,84.23
2025-12-19 10:00:00+00:00,87.23,87.23,79.8
2025-12-19 10:15:00+00:00,86.14,86.14,79.47
2025-12-19 10:30:00+00:00,87.94,87.94,82.6
2025-12-19 10:45:00+00:00,88.65,88.65,86.84
2025-12-19 11:00:00+00:00,79.91,79.56,78.33
2025-12-19 11:15:00+00:00,81.69,81.13,79.7
2025-12-19 11:30:00+00:00,87.31,86.85,85.51
2025-12-19 11:45:00+00:00,89.38,89.22,87.38
2025-12-19 12:00:00+00:00,89.2,88.5,85.29
2025-12-19 12:15:00+00:00,86.6,86.07,82.47
2025-12-19 12:30:00+00:00,86.08,84.04,72.47
2025-12-19 12:45:00+00:00,88.62,85.67,78.13
2025-12-19 13:00:00+00:00,86.6,85.73,83.03
2025-12-19 13:15:00+00:00,92.59,90.22,84.44
2025-12-19 13:30:00+00:00,98.86,93.97,81.97
2025-12-19 13:45:00+00:00,95.34,93.42,88.41
2025-12-19 14:00:00+00:00,92.26,90.15,86.75
2025-12-19 14:15:00+00:00,97.1,95.12,86.85
2025-12-19 14:30:00+00:00,100.1,96.6,86.38
2025-12-19 14:45:00+00:00,100.15,96.37,82.84
2025-12-19 15:00:00+00:00,94.28,90.81,84.96
2025-12-19 15:15:00+00:00,95.78,92.0,80.59
2025-12-19 15:30:00+00:00,103.25,97.94,80.05
2025-12-19 15:45:00+00:00,108.02,104.12,93.76
2025-12-19 16:00:00+00:00,103.56,99.05,91.24
2025-12-19 16:15:00+00:00,107.71,105.27,100.98
2025-12-19 16:30:00+00:00,107.4,105.15,101.89
2025-12-19 16:45:00+00:00,108.95,106.81,105.0
2025-12-19 17:00:00+00:00,108.07,105.11,98.21
2025-12-19 17:15:00+00:00,108.04,106.06,103.65
2025-12-19 17:30:00+00:00,108.04,107.18,110.04
2025-12-19 17:45:00+00:00,105.77,102.48,107.29
2025-12-19 18:00:00+00:00,108.08,106.06,103.96
2025-12-19 18:15:00+00:00,105.44,103.22,100.31
2025-12-19 18:30:00+00:00,106.63,104.81,102.58
2025-12-19 18:45:00+00:00,100.34,97.8,92.58
2025-12-19 19:00:00+00:00,107.29,104.47,99.01
2025-12-19 19:15:00+00:00,107.45,103.76,92.1
2025-12-19 19:30:00+00:00,98.88,95.84,88.16
2025-12-19 19:45:00+00:00,98.02,95.4,87.77
2025-12-19 20:00:00+00:00,104.52,101.06,84.93
2025-12-19 20:15:00+00:00,101.24,97.32,80.36
2025-12-19 20:30:00+00:00,96.19,93.04,81.98
2025-12-19 20:45:00+00:00,91.9,88.58,76.7
2025-12-19 21:00:00+00:00,100.25,95.04,70.75
2025-12-19 21:15:00+00:00,98.33,95.24,84.45
2025-12-19 21:30:00+00:00,95.59,94.63,96.04
2025-12-19 21:45:00+00:00,90.94,89.98,91.53
2025-12-19 22:00:00+00:00,97.14,97.0,96.76
2025-12-19 22:15:00+00:00,89.15,88.99,89.85
2025-12-19 22:30:00+00:00,90.12,89.95,90.63
2025-12-19 22:45:00+00:00,84.31,84.24,83.99
2025-12-19 23:00:00+00:00,90.36,89.41,90.59
2025-12-19 23:15:00+00:00,86.46,85.43,86.71
2025-12-19 23:30:00+00:00,81.19,80.2,81.42
2025-12-19 23:45:00+00:00,81.24,80.35,81.45
2025-12-20 00:00:00+00:00,87.0,86.73,87.53
2025-12-20 00:15:00+00:00,83.37,83.13,83.86
2025-12-20 00:30:00+00:00,81.9,81.73,82.0
2025-12-20 00:45:00+00:00,81.33,81.06,80.63
2025-12-20 01:00:00+00:00,86.88,86.55,85.0
2025-12-20 01:15:00+00:00,85.28,84.32,80.0
2025-12-20 01:30:00+00:00,82.94,81.66,75.1
2025-12-20 01:45:00+00:00,84.91,82.75,70.42
2025-12-20 02:00:00+00:00,86.56,84.69,74.4
2025-12-20 02:15:00+00:00,85.86,83.49,70.47
2025-12-20 02:30:00+00:00,87.97,84.71,66.82
2025-12-20 02:45:00+00:00,89.56,85.2,61.29
2025-12-20 03:00:00+00:00,86.91,83.88,67.99
2025-12-20 03:15:00+00:00,86.93,83.14,63.23
2025-12-20 03:30:00+00:00,88.18,83.8,60.76
2025-12-20 03:45:00+00:00,91.82,87.13,62.51
2025-12-20 04:00:00+00:00,86.9,83.72,66.59
2025-12-20 04:15:00+00:00,85.51,81.99,63.04
2025-12-20 04:30:00+00:00,89.25,85.07,62.58
2025-12-20 04:45:00+00:00,98.0,92.85,65.08
2025-12-20 05:00:00+00:00,92.07,87.61,65.15
2025-12-20 05:15:00+00:00,94.38,89.91,67.46
2025-12-20 05:30:00+00:00,95.18,90.77,68.74
2025-12-20 05:45:00+00:00,102.27,96.74,69.2
2025-12-20 06:00:00+00:00,98.84,94.56,74.16
2025-12-20 06:15:00+00:00,102.21,97.43,74.6
2025-12-20 06:30:00+00:00,105.0,100.06,76.32
2025-12-20 06:45:00+00:00,109.95,104.3,77.1
2025-12-20 07:00:00+00:00,108.88,90.7,78.12
2025-12-20 07:15:00+00:00,110.44,104.42,78.5
2025-12-20 07:30:00+00:00,115.51,110.08,80.0
2025-12-20 07:45:00+00:00,118.0,112.25,80.38
2025-12-20 08:00:00+00:00,114.87,110.24,85.0
2025-12-20 08:15:00+00:00,116.97,111.4,81.09
2025-12-20 08:30:00+00:00,114.37,109.08,80.29
2025-12-20 08:45:00+00:00,112.99,107.4,76.97
2025-12-20 09:00:00+00:00,114.33,109.13,80.4
2025-12-20 09:15:00+00:00,115.19,109.41,77.5
2025-12-20 09:30:00+00:00,112.1,106.44,75.2
2025-12-20 09:45:00+00:00,109.05,102.6,67.01
2025-12-20 10:00:00+00:00,113.15,106.76,71.14
2025-12-20 10:15:00+00:00,110.33,103.78,67.27
2025-12-20 10:30:00+00:00,110.82,103.82,64.84
2025-12-20 10:45:00+00:00,109.65,101.65,57.06
2025-12-20 11:00:00+00:00,108.74,101.9,63.41
2025-12-20 11:15:00+00:00,107.55,100.52,61.0
2025-12-20 11:30:00+00:00,111.63,105.18,68.95
2025-12-20 11:45:00+00:00,113.15,104.79,57.79
2025-12-20 12:00:00+00:00,109.33,101.09,55.19
2025-12-20 12:15:00+00:00,111.7,102.32,50.0
2025-12-20 12:30:00+00:00,117.97,107.48,49.0
2025-12-20 12:45:00+00:00,120.93,109.75,47.47
2025-12-20 13:00:00+00:00,115.62,106.83,61.41
2025-12-20 13:15:00+00:00,121.53,110.35,52.55
2025-12-20 13:30:00+00:00,120.39,109.47,53.0
2025-12-20 13:45:00+00:00,120.39,109.29,51.51
2025-12-20 14:00:00+00:00,116.59,106.56,51.3
2025-12-20 14:15:00+00:00,118.0,108.14,53.0
2025-12-20 14:30:00+00:00,121.01,110.99,54.45
2025-12-20 14:45:00+00:00,126.95,116.83,60.93
2025-12-20 15:00:00+00:00,114.25,105.37,53.0
2025-12-20 15:15:00+00:00,120.39,111.97,62.0
2025-12-20 15:30:00+00:00,120.4,112.83,66.82
2025-12-20 15:45:00+00:00,125.78,118.13,73.05
2025-12-20 16:00:00+00:00,127.0,118.4,69.0
2025-12-20 16:15:00+00:00,122.46,115.18,74.16
2025-12-20 16:30:00+00:00,120.4,114.0,76.84
2025-12-20 16:45:00+00:00,119.71,113.48,78.33
2025-12-20 17:00:00+00:00,128.99,119.61,73.3
2025-12-20 17:15:00+00:00,120.6,112.83,74.5
2025-12-20 17:30:00+00:00,113.7,107.1,76.93
2025-12-20 17:45:00+00:00,109.77,104.55,81.02
2025-12-20 18:00:00+00:00,113.48,106.84,81.23
2025-12-20 18:15:00+00:00,104.49,99.18,78.82
2025-12-20 18:30:00+00:00,103.38,97.8,75.64
2025-12-20 18:45:00+00:00,95.09,90.25,74.45
2025-12-20 19:00:00+00:00,104.08,98.98,75.0
2025-12-20 19:15:00+00:00,96.55,92.4,74.16
2025-12-20 19:30:00+00:00,95.04,90.8,73.4
2025-12-20 19:45:00+00:00,89.86,86.23,70.57
2025-12-20 20:00:00+00:00,95.03,90.53,73.5
2025-12-20 20:15:00+00:00,91.54,87.86,70.5
2025-12-20 20:30:00+00:00,94.5,90.1,68.63
2025-12-20 20:45:00+00:00,90.97,86.58,65.0
2025-12-20 21:00:00+00:00,101.53,96.79,73.5
2025-12-20 21:15:00+00:00,90.73,87.92,73.6
2025-12-20 21:30:00+00:00,86.01,83.66,73.5
2025-12-20 21:45:00+00:00,90.71,88.0,72.07
2025-12-20 22:00:00+00:00,104.36,98.96,71.48
2025-12-20 22:15:00+00:00,90.86,86.83,67.92
2025-12-20 22:30:00+00:00,84.5,81.42,67.41
2025-12-20 22:45:00+00:00,82.97,79.58,62.0
2025-12-20 23:00:00+00:00,103.92,96.51,56.13
2025-12-20 23:15:00+00:00,98.0,90.45,49.27
2025-12-20 23:30:00+00:00,93.13,86.03,47.47
2025-12-20 23:45:00+00:00,87.75,81.3,46.26
2025-12-21 00:00:00+00:00,98.99,92.63,60.0
2025-12-21 00:15:00+00:00,90.05,85.25,60.65
2025-12-21 00:30:00+00:00,86.14,80.9,54.0
2025-12-21 00:45:00+00:00,85.0,79.47,51.1
2025-12-21 01:00:00+00:00,90.75,84.87,54.0
2025-12-21 01:15:00+00:00,86.56,80.78,50.97
2025-12-21 01:30:00+00:00,85.69,80.0,50.71
2025-12-21 01:45:00+00:00,82.94,77.27,50.32
2025-12-21 02:00:00+00:00,85.73,80.0,50.0
2025-12-21 02:15:00+00:00,86.41,80.1,47.47
2025-12-21 02:30:00+00:00,85.51,78.86,44.5
2025-12-21 02:45:00+00:00,83.93,77.58,44.5
2025-12-21 03:00:00+00:00,85.54,79.33,44.48
2025-12-21 03:15:00+00:00,84.29,77.74,40.91
2025-12-21 03:30:00+00:00,87.03,80.46,43.5
2025-12-21 03:45:00+00:00,85.65,79.0,41.67
2025-12-21 04:00:00+00:00,87.24,80.1,40.92
2025-12-21 04:15:00+00:00,86.28,79.25,40.62
2025-12-21 04:30:00+00:00,87.11,80.1,41.55
2025-12-21 04:45:00+00:00,86.67,80.06,43.75
2025-12-21 05:00:00+00:00,84.34,78.52,47.47
2025-12-21 05:15:00+00:00,86.87,80.59,47.47
2025-12-21 05:30:00+00:00,87.6,81.63,50.32
2025-12-21 05:45:00+00:00,93.75,86.91,50.58
2025-12-21 06:00:00+00:00,87.89,81.92,51.33
2025-12-21 06:15:00+00:00,90.57,84.58,54.0
2025-12-21 06:30:00+00:00,92.95,86.86,55.86
2025-12-21 06:45:00+00:00,100.0,93.81,61.7
2025-12-21 07:00:00+00:00,98.98,93.61,63.0
2025-12-21 07:15:00+00:00,102.42,96.55,63.1
2025-12-21 07:30:00+00:00,103.09,97.29,64.22
2025-12-21 07:45:00+00:00,104.1,98.18,64.43
2025-12-21 08:00:00+00:00,106.7,100.46,65.0
2025-12-21 08:15:00+00:00,109.99,103.2,64.6
2025-12-21 08:30:00+00:00,107.39,100.99,64.6
2025-12-21 08:45:00+00:00,103.96,98.18,64.6
2025-12-21 09:00:00+00:00,111.83,104.8,64.22
2025-12-21 09:15:00+00:00,105.54,99.38,63.0
2025-12-21 09:30:00+00:00,99.37,93.93,61.0
2025-12-21 09:45:00+00:00,93.59,88.65,58.0
2025-12-21 10:00:00+00:00,104.58,98.43,62.5
2025-12-21 10:15:00+00:00,103.52,97.42,61.7
2025-12-21 10:30:00+00:00,99.29,93.64,60.0
2025-12-21 10:45:00+00:00,97.81,92.26,59.0
2025-12-21 11:00:00+00:00,101.95,96.32,63.0
2025-12-21 11:15:00+00:00,98.06,92.94,62.0
2025-12-21 11:30:00+00:00,97.47,92.73,63.97
2025-12-21 11:45:00+00:00,96.45,91.9,63.95
2025-12-21 12:00:00+00:00,99.32,93.43,60.0
2025-12-21 12:15:00+00:00,96.87,91.14,58.0
2025-12-21 12:30:00+00:00,92.86,87.97,58.95
2025-12-21 12:45:00+00:00,90.42,86.07,57.96
2025-12-21 13:00:00+00:00,94.39,88.53,53.55
2025-12-21 13:15:00+00:00,96.15,90.24,55.0
2025-12-21 13:30:00+00:00,101.07,94.94,59.0
2025-12-21 13:45:00+00:00,103.96,97.64,58.3
2025-12-21 14:00:00+00:00,94.03,89.0,59.0
2025-12-21 14:15:00+00:00,103.08,96.62,59.0
2025-12-21 14:30:00+00:00,102.63,96.23,58.4
2025-12-21 14:45:00+00:00,103.74,97.4,61.0
2025-12-21 15:00:00+00:00,91.64,87.01,59.22
2025-12-21 15:15:00+00:00,100.11,94.79,63.1
2025-12-21 15:30:00+00:00,98.56,93.41,63.0
2025-12-21 15:45:00+00:00,99.75,94.8,65.0
2025-12-21 16:00:00+00:00,102.1,95.5,60.0
2025-12-21 16:15:00+00:00,99.94,94.25,64.22
2025-12-21 16:30:00+00:00,95.53,91.41,70.56
2025-12-21 16:45:00+00:00,90.7,90.7,74.5
2025-12-21 17:00:00+00:00,100.83,100.29,74.33
2025-12-21 17:15:00+00:00,90.75,90.44,76.08
2025-12-21 17:30:00+00:00,86.03,84.0,76.82
2025-12-21 17:45:00+00:00,85.57,83.56,79.24
2025-12-21 18:00:00+00:00,88.15,86.03,79.62
2025-12-21 18:15:00+00:00,87.19,85.85,81.78
2025-12-21 18:30:00+00:00,85.28,84.18,84.0
2025-12-21 18:45:00+00:00,83.94,83.94,83.94
2025-12-21 19:00:00+00:00,84.8,84.8,84.28
2025-12-21 19:15:00+00:00,82.28,82.28,82.09
2025-12-21 19:30:00+00:00,80.61,80.61,80.61
2025-12-21 19:45:00+00:00,78.93,78.93,79.05
2025-12-21 20:00:00+00:00,83.51,82.66,76.82
2025-12-21 20:15:00+00:00,77.7,77.7,76.08
2025-12-21 20:30:00+00:00,79.94,78.05,75.18
2025-12-21 20:45:00+00:00,74.3,72.9,74.22
2025-12-21 21:00:00+00:00,83.4,81.71,80.43
2025-12-21 21:15:00+00:00,78.77,77.01,77.58
2025-12-21 21:30:00+00:00,76.24,75.11,76.82
2025-12-21 21:45:00+00:00,71.57,70.14,72.3
2025-12-21 22:00:00+00:00,78.03,78.03,77.18
2025-12-21 22:15:00+00:00,72.29,72.29,72.29
2025-12-21 22:30:00+00:00,69.17,69.17,69.17
2025-12-21 22:45:00+00:00,64.13,64.13,65.0
2025-12-21 23:00:00+00:00,72.5,72.5,62.45
2025-12-21 23:15:00+00:00,70.49,70.49,59.43
2025-12-21 23:30:00+00:00,69.35,69.35,24.8
2025-12-21 23:45:00+00:00,68.57,68.57,0.38
2025-12-22 00:00:00+00:00,71.27,71.27,37.9
2025-12-22 00:15:00+00:00,68.33,68.33,43.63
2025-12-22 00:30:00+00:00,68.67,68.67,39.89
2025-12-22 00:45:00+00:00,67.04,67.03,38.58
2025-12-22 01:00:00+00:00,69.22,69.22,44.4
2025-12-22 01:15:00+00:00,67.47,67.47,44.01
2025-12-22 01:30:00+00:00,67.23,67.23,40.84
2025-12-22 01:45:00+00:00,67.22,67.22,22.74
2025-12-22 02:00:00+00:00,65.92,65.89,36.72
2025-12-22 02:15:00+00:00,65.87,65.87,28.61
2025-12-22 02:30:00+00:00,66.33,66.31,22.48
2025-12-22 02:45:00+00:00,67.12,67.01,14.75
2025-12-22 03:00:00+00:00,70.97,64.75,23.02
2025-12-22 03:15:00+00:00,70.04,65.43,22.91
2025-12-22 03:30:00+00:00,71.59,65.22,25.01
2025-12-22 03:45:00+00:00,73.47,66.53,28.98
2025-12-22 04:00:00+00:00,70.44,65.56,27.49
2025-12-22 04:15:00+00:00,72.85,66.46,34.2
2025-12-22 04:30:00+00:00,77.1,71.11,40.03
2025-12-22 04:45:00+00:00,76.06,70.45,43.88
2025-12-22 05:00:00+00:00,71.37,67.92,50.0
2025-12-22 05:15:00+00:00,75.47,72.48,57.95
2025-12-22 05:30:00+00:00,78.52,75.3,59.62
2025-12-22 05:45:00+00:00,87.39,83.82,67.06
2025-12-22 06:00:00+00:00,80.9,79.22,69.05
2025-12-22 06:15:00+00:00,81.24,80.87,76.82
2025-12-22 06:30:00+00:00,95.53,94.36,84.6
2025-12-22 06:45:00+00:00,104.12,101.62,86.98
2025-12-22 07:00:00+00:00,88.57,88.46,86.74
2025-12-22 07:15:00+00:00,90.65,90.7,87.46
2025-12-22 07:30:00+00:00,100.69,98.93,87.5
2025-12-22 07:45:00+00:00,93.46,90.59,87.34
2025-12-22 08:00:00+00:00,93.55,94.05,92.82
2025-12-22 08:15:00+00:00,90.66,91.18,89.33
2025-12-22 08:30:00+00:00,89.66,89.85,87.34
2025-12-22 08:45:00+00:00,89.3,89.03,84.18
2025-12-22 09:00:00+00:00,101.54,101.09,95.76
2025-12-22 09:15:00+00:00,90.7,90.83,89.5
2025-12-22 09:30:00+00:00,86.89,86.17,80.0
2025-12-22 09:45:00+00:00,77.86,77.7,74.64
2025-12-22 10:00:00+00:00,86.43,86.14,82.12
2025-12-22 10:15:00+00:00,82.42,82.29,80.36
2025-12-22 10:30:00+00:00,84.96,85.03,83.36
2025-12-22 10:45:00+00:00,86.19,86.19,86.19
2025-12-22 11:00:00+00:00,87.72,87.64,86.49
2025-12-22 11:15:00+00:00,84.13,84.69,86.85
2025-12-22 11:30:00+00:00,86.88,87.6,90.12
2025-12-22 11:45:00+00:00,86.63,87.64,90.27
2025-12-22 12:00:00+00:00,90.0,90.48,89.1
2025-12-22 12:15:00+00:00,88.32,88.9,87.54
2025-12-22 12:30:00+00:00,87.14,87.92,85.77
2025-12-22 12:45:00+00:00,89.0,88.5,78.93
2025-12-22 13:00:00+00:00,91.07,91.22,89.54
2025-12-22 13:15:00+00:00,91.82,92.07,88.65
2025-12-22 13:30:00+00:00,92.07,91.77,82.64
2025-12-22 13:45:00+00:00,93.53,93.31,88.34
2025-12-22 14:00:00+00:00,91.55,90.79,81.67
2025-12-22 14:15:00+00:00,102.91,100.11,79.74
2025-12-22 14:30:00+00:00,101.0,99.4,86.37
2025-12-22 14:45:00+00:00,102.69,101.74,91.58
2025-12-22 15:00:00+00:00,94.53,92.94,76.4
2025-12-22 15:15:00+00:00,101.39,100.25,86.23
2025-12-22 15:30:00+00:00,103.49,102.23,87.7
2025-12-22 15:45:00+00:00,105.31,104.61,94.12
2025-12-22 16:00:00+00:00,107.04,104.8,87.7
2025-12-22 16:15:00+00:00,108.96,107.18,93.44
2025-12-22 16:30:00+00:00,109.31,108.0,98.05
2025-12-22 16:45:00+00:00,106.26,106.07,102.06
2025-12-22 17:00:00+00:00,104.31,104.33,100.18
2025-12-22 17:15:00+00:00,102.1,102.85,102.03
2025-12-22 17:30:00+00:00,98.73,100.09,102.04
2025-12-22 17:45:00+00:00,98.46,99.81,102.04
2025-12-22 18:00:00+00:00,94.95,96.29,99.06
2025-12-22 18:15:00+00:00,95.04,96.37,99.29
2025-12-22 18:30:00+00:00,93.07,94.84,97.32
2025-12-22 18:45:00+00:00,92.1,93.61,96.02
2025-12-22 19:00:00+00:00,92.07,92.16,95.0
2025-12-22 19:15:00+00:00,91.21,91.28,93.91
2025-12-22 19:30:00+00:00,88.14,87.59,90.0
2025-12-22 19:45:00+00:00,86.49,85.99,88.05
2025-12-22 20:00:00+00:00,91.64,90.06,87.5
2025-12-22 20:15:00+00:00,84.84,85.18,87.17
2025-12-22 20:30:00+00:00,83.16,83.98,85.23
2025-12-22 20:45:00+00:00,79.8,80.37,81.22
2025-12-22 21:00:00+00:00,91.68,90.67,87.22
2025-12-22 21:15:00+00:00,87.89,87.17,85.76
2025-12-22 21:30:00+00:00,82.98,83.76,84.73
2025-12-22 21:45:00+00:00,76.74,77.6,78.67
2025-12-22 22:00:00+00:00,89.0,88.68,85.76
2025-12-22 22:15:00+00:00,80.21,80.55,80.0
2025-12-22 22:30:00+00:00,74.14,74.8,75.64
2025-12-22 22:45:00+00:00,68.52,69.12,70.0
2025-12-22 23:00:00+00:00,80.33,80.23,80.0
2025-12-22 23:15:00+00:00,73.4,78.4,74.55
2025-12-22 23:30:00+00:00,71.0,80.25,67.0
2025-12-22 23:45:00+00:00,64.2,79.63,62.01
2025-12-23 00:00:00+00:00,66.6,92.09,65.0
2025-12-23 00:15:00+00:00,64.71,73.92,61.88
2025-12-23 00:30:00+00:00,64.88,66.38,61.73
2025-12-23 00:45:00+00:00,63.94,64.45,59.6
2025-12-23 01:00:00+00:00,64.1,70.91,62.4
2025-12-23 01:15:00+00:00,62.06,62.45,62.01
2025-12-23 01:30:00+00:00,60.99,61.4,60.82
2025-12-23 01:45:00+00:00,60.87,60.88,60.16
2025-12-23 02:00:00+00:00,59.53,60.4,60.16
2025-12-23 02:15:00+00:00,59.59,60.05,59.6
2025-12-23 02:30:00+00:00,59.58,59.58,58.97
2025-12-23 02:45:00+00:00,57.54,58.58,58.97
2025-12-23 03:00:00+00:00,58.37,58.68,57.77
2025-12-23 03:15:00+00:00,58.12,58.31,55.4
2025-12-23 03:30:00+00:00,58.13,58.13,55.4
2025-12-23 03:45:00+00:00,57.83,57.83,58.04
2025-12-23 04:00:00+00:00,58.21,58.41,59.62
2025-12-23 04:15:00+00:00,58.36,58.12,60.33
2025-12-23 04:30:00+00:00,59.35,58.93,61.14
2025-12-23 04:45:00+00:00,60.17,58.96,62.3
2025-12-23 05:00:00+00:00,63.59,63.59,63.99
2025-12-23 05:15:00+00:00,64.34,64.48,67.0
2025-12-23 05:30:00+00:00,70.75,70.83,73.73
2025-12-23 05:45:00+00:00,72.71,74.54,76.88
2025-12-23 06:00:00+00:00,72.08,72.22,74.09
2025-12-23 06:15:00+00:00,76.38,77.1,78.91
2025-12-23 06:30:00+00:00,79.99,81.67,83.05
2025-12-23 06:45:00+00:00,83.62,90.4,87.96
2025-12-23 07:00:00+00:00,79.2,81.15,82.6
2025-12-23 07:15:00+00:00,84.35,86.07,87.34
2025-12-23 07:30:00+00:00,84.23,91.95,88.7
2025-12-23 07:45:00+00:00,87.72,92.83,90.02
2025-12-23 08:00:00+00:00,85.38,103.39,92.55
2025-12-23 08:15:00+00:00,86.19,93.87,90.02
2025-12-23 08:30:00+00:00,86.78,88.31,88.31
2025-12-23 08:45:00+00:00,83.51,83.91,84.18
2025-12-23 09:00:00+00:00,84.82,107.54,90.02
2025-12-23 09:15:00+00:00,86.45,87.45,86.45
2025-12-23 09:30:00+00:00,84.08,84.36,84.08
2025-12-23 09:45:00+00:00,80.0,80.26,80.0
2025-12-23 10:00:00+00:00,86.11,86.67,87.41
2025-12-23 10:15:00+00:00,82.46,83.12,84.0
2025-12-23 10:30:00+00:00,80.6,81.18,82.2
2025-12-23 10:45:00+00:00,78.3,79.03,80.0
2025-12-23 11:00:00+00:00,83.33,84.37,87.46
2025-12-23 11:15:00+00:00,79.9,80.9,83.75
2025-12-23 11:30:00+00:00,80.12,81.02,82.99
2025-12-23 11:45:00+00:00,78.59,79.66,82.5
2025-12-23 12:00:00+00:00,80.86,81.5,83.01
2025-12-23 12:15:00+00:00,79.0,79.61,81.06
2025-12-23 12:30:00+00:00,78.25,78.86,80.3
2025-12-23 12:45:00+00:00,78.74,79.28,80.3
2025-12-23 13:00:00+00:00,76.59,77.22,78.07
2025-12-23 13:15:00+00:00,78.35,79.06,80.02
2025-12-23 13:30:00+00:00,80.54,81.14,81.73
2025-12-23 13:45:00+00:00,81.38,81.99,82.86
2025-12-23 14:00:00+00:00,76.15,77.18,80.19
2025-12-23 14:15:00+00:00,80.6,81.33,83.83
2025-12-23 14:30:00+00:00,84.3,84.76,85.76
2025-12-23 14:45:00+00:00,86.26,86.68,87.5
2025-12-23 15:00:00+00:00,81.81,81.81,80.06
2025-12-23 15:15:00+00:00,79.75,80.8,82.95
2025-12-23 15:30:00+00:00,84.59,84.8,82.71
2025-12-23 15:45:00+00:00,88.6,108.59,85.76
2025-12-23 16:00:00+00:00,80.07,83.16,80.0
2025-12-23 16:15:00+00:00,80.59,86.18,84.18
2025-12-23 16:30:00+00:00,84.49,94.86,89.85
2025-12-23 16:45:00+00:00,84.72,95.4,89.52
2025-12-23 17:00:00+00:00,84.11,84.11,87.42
2025-12-23 17:15:00+00:00,82.32,82.37,86.5
2025-12-23 17:30:00+00:00,84.99,84.99,88.57
2025-12-23 17:45:00+00:00,84.36,84.36,87.34
2025-12-23 18:00:00+00:00,83.37,83.37,87.1
2025-12-23 18:15:00+00:00,82.66,82.36,86.95
2025-12-23 18:30:00+00:00,82.08,82.38,86.0
2025-12-23 18:45:00+00:00,81.75,81.97,84.29
2025-12-23 19:00:00+00:00,86.6,86.6,89.36
2025-12-23 19:15:00+00:00,83.1,83.1,85.78
2025-12-23 19:30:00+00:00,74.18,74.18,77.0
2025-12-23 19:45:00+00:00,68.14,68.14,70.76
2025-12-23 20:00:00+00:00,76.69,76.69,79.39
2025-12-23 20:15:00+00:00,73.84,73.84,76.26
2025-12-23 20:30:00+00:00,68.15,68.15,69.76
2025-12-23 20:45:00+00:00,61.04,61.04,62.58
2025-12-23 21:00:00+00:00,77.36,77.36,79.1
2025-12-23 21:15:00+00:00,70.83,70.83,72.65
2025-12-23 21:30:00+00:00,72.5,71.5,73.75
2025-12-23 21:45:00+00:00,66.65,65.95,67.41
2025-12-23 22:00:00+00:00,71.56,71.56,73.4
2025-12-23 22:15:00+00:00,63.89,63.89,65.46
2025-12-23 22:30:00+00:00,63.57,63.45,64.67
2025-12-23 22:45:00+00:00,57.35,56.68,58.03
2025-12-23 23:00:00+00:00,66.41,64.79,68.06
2025-12-23 23:15:00+00:00,66.21,64.77,66.21
2025-12-23 23:30:00+00:00,56.85,55.12,55.66
2025-12-23 23:45:00+00:00,51.52,49.99,47.99
2025-12-24 00:00:00+00:00,58.47,56.48,57.0
2025-12-24 00:15:00+00:00,55.7,53.59,50.87
2025-12-24 00:30:00+00:00,54.17,51.67,45.2
2025-12-24 00:45:00+00:00,55.11,50.74,26.92
2025-12-24 01:00:00+00:00,56.03,52.72,40.35
2025-12-24 01:15:00+00:00,56.92,51.88,28.99
2025-12-24 01:30:00+00:00,57.42,52.28,26.6
2025-12-24 01:45:00+00:00,56.83,51.54,25.1
2025-12-24 02:00:00+00:00,57.02,51.69,24.85
2025-12-24 02:15:00+00:00,56.15,51.0,25.47
2025-12-24 02:30:00+00:00,56.09,49.85,17.4
2025-12-24 02:45:00+00:00,54.1,48.06,13.0
2025-12-24 03:00:00+00:00,55.64,51.06,23.08
2025-12-24 03:15:00+00:00,56.16,49.98,13.44
2025-12-24 03:30:00+00:00,55.84,48.46,3.88
2025-12-24 03:45:00+00:00,55.75,47.76,3.6
2025-12-24 04:00:00+00:00,56.49,50.67,13.33
2025-12-24 04:15:00+00:00,53.1,47.07,16.84
2025-12-24 04:30:00+00:00,56.5,49.84,17.33
2025-12-24 04:45:00+00:00,57.31,50.36,17.59
2025-12-24 05:00:00+00:00,54.3,49.14,23.01
2025-12-24 05:15:00+00:00,54.39,49.14,23.01
2025-12-24 05:30:00+00:00,59.73,54.83,25.16
2025-12-24 05:45:00+00:00,60.44,58.88,23.01
2025-12-24 06:00:00+00:00,59.24,55.44,24.5
2025-12-24 06:15:00+00:00,66.76,66.76,34.46
2025-12-24 06:30:00+00:00,67.47,67.47,40.27
2025-12-24 06:45:00+00:00,76.31,76.31,43.86
2025-12-24 07:00:00+00:00,74.89,74.89,57.7
2025-12-24 07:15:00+00:00,75.01,75.01,57.9
2025-12-24 07:30:00+00:00,85.54,85.54,60.0
2025-12-24 07:45:00+00:00,88.56,88.56,59.0
2025-12-24 08:00:00+00:00,89.37,89.37,60.59
2025-12-24 08:15:00+00:00,84.95,84.95,55.0
2025-12-24 08:30:00+00:00,80.96,80.96,52.12
2025-12-24 08:45:00+00:00,74.6,74.6,35.01
2025-12-24 09:00:00+00:00,80.22,80.22,57.0
2025-12-24 09:15:00+00:00,75.9,75.9,41.17
2025-12-24 09:30:00+00:00,75.08,73.6,34.2
2025-12-24 09:45:00+00:00,72.89,68.0,26.22
2025-12-24 10:00:00+00:00,71.47,65.47,30.77
2025-12-24 10:15:00+00:00,69.71,63.32,26.22
2025-12-24 10:30:00+00:00,68.5,62.14,25.16
2025-12-24 10:45:00+00:00,67.47,60.47,19.41
2025-12-24 11:00:00+00:00,69.92,62.46,18.4
2025-12-24 11:15:00+00:00,68.75,61.41,18.01
2025-12-24 11:30:00+00:00,68.23,61.03,17.88
2025-12-24 11:45:00+00:00,67.15,60.07,17.2
2025-12-24 12:00:00+00:00,67.17,59.84,16.79
2025-12-24 12:15:00+00:00,67.26,59.95,16.9
2025-12-24 12:30:00+00:00,68.36,60.96,16.46
2025-12-24 12:45:00+00:00,69.16,61.82,16.46
2025-12-24 13:00:00+00:00,69.24,61.65,16.68
2025-12-24 13:15:00+00:00,70.68,63.25,17.62
2025-12-24 13:30:00+00:00,73.91,66.04,17.62
2025-12-24 13:45:00+00:00,81.2,72.36,17.88
2025-12-24 14:00:00+00:00,72.63,65.39,20.3
2025-12-24 14:15:00+00:00,87.51,78.71,23.1
2025-12-24 14:30:00+00:00,86.83,78.58,25.0
2025-12-24 14:45:00+00:00,85.24,80.57,26.22
2025-12-24 15:00:00+00:00,83.23,76.28,26.43
2025-12-24 15:15:00+00:00,88.82,88.82,33.0
2025-12-24 15:30:00+00:00,90.74,90.74,37.33
2025-12-24 15:45:00+00:00,88.81,88.81,48.32
2025-12-24 16:00:00+00:00,89.8,89.79,35.1
2025-12-24 16:15:00+00:00,89.0,88.97,52.9
2025-12-24 16:30:00+00:00,90.1,90.1,61.53
2025-12-24 16:45:00+00:00,87.63,87.63,65.4
2025-12-24 17:00:00+00:00,88.82,88.82,69.94
2025-12-24 17:15:00+00:00,76.36,76.36,51.0
2025-12-24 17:30:00+00:00,77.16,77.16,74.04
2025-12-24 17:45:00+00:00,73.29,73.29,60.64
2025-12-24 18:00:00+00:00,73.86,73.86,61.8
2025-12-24 18:15:00+00:00,72.29,72.29,55.97
2025-12-24 18:30:00+00:00,71.75,71.75,69.63
2025-12-24 18:45:00+00:00,69.19,69.19,57.9
2025-12-24 19:00:00+00:00,71.18,71.18,67.92
2025-12-24 19:15:00+00:00,69.49,69.49,62.79
2025-12-24 19:30:00+00:00,68.01,68.01,50.99
2025-12-24 19:45:00+00:00,63.95,63.95,49.46
2025-12-24 20:00:00+00:00,71.13,68.52,51.87
